-- MySQL dump 10.13  Distrib 5.5.54, for Linux (x86_64)
--
-- Host: xj-prod.c4xei3cvxtkt.us-east-1.rds.amazonaws.com    Database: ebdb
-- ------------------------------------------------------
-- Server version	5.7.16-log

/*!40101 SET @OLD_CHARACTER_SET_CLIENT=@@CHARACTER_SET_CLIENT */;
/*!40101 SET @OLD_CHARACTER_SET_RESULTS=@@CHARACTER_SET_RESULTS */;
/*!40101 SET @OLD_COLLATION_CONNECTION=@@COLLATION_CONNECTION */;
/*!40101 SET NAMES utf8 */;
/*!40103 SET @OLD_TIME_ZONE=@@TIME_ZONE */;
/*!40103 SET TIME_ZONE='+00:00' */;
/*!40014 SET @OLD_UNIQUE_CHECKS=@@UNIQUE_CHECKS, UNIQUE_CHECKS=0 */;
/*!40014 SET @OLD_FOREIGN_KEY_CHECKS=@@FOREIGN_KEY_CHECKS, FOREIGN_KEY_CHECKS=0 */;
/*!40101 SET @OLD_SQL_MODE=@@SQL_MODE, SQL_MODE='NO_AUTO_VALUE_ON_ZERO' */;
/*!40111 SET @OLD_SQL_NOTES=@@SQL_NOTES, SQL_NOTES=0 */;

--
-- Table structure for table `account`
--

DROP TABLE IF EXISTS `account`;
/*!40101 SET @saved_cs_client     = @@character_set_client */;
/*!40101 SET character_set_client = utf8 */;
CREATE TABLE `account` (
  `id` bigint(20) unsigned NOT NULL AUTO_INCREMENT,
  `name` varchar(255) NOT NULL,
  `created_at` timestamp NULL DEFAULT CURRENT_TIMESTAMP,
  `updated_at` timestamp NULL DEFAULT CURRENT_TIMESTAMP ON UPDATE CURRENT_TIMESTAMP,
  PRIMARY KEY (`id`),
  UNIQUE KEY `id_UNIQUE` (`id`)
) ENGINE=InnoDB AUTO_INCREMENT=4 DEFAULT CHARSET=latin1;
/*!40101 SET character_set_client = @saved_cs_client */;

--
-- Dumping data for table `account`
--

LOCK TABLES `account` WRITE;
/*!40000 ALTER TABLE `account` DISABLE KEYS */;
INSERT INTO `account` VALUES (1,'Alpha','2017-02-10 00:03:21','2017-05-03 22:15:24'),(2,'Beta','2017-02-10 00:03:21','2017-05-03 22:15:39'),(3,'Retro','2017-02-10 00:03:21','2017-05-03 22:17:04');
/*!40000 ALTER TABLE `account` ENABLE KEYS */;
UNLOCK TABLES;

--
-- Table structure for table `account_user`
--

DROP TABLE IF EXISTS `account_user`;
/*!40101 SET @saved_cs_client     = @@character_set_client */;
/*!40101 SET character_set_client = utf8 */;
CREATE TABLE `account_user` (
  `id` bigint(20) unsigned NOT NULL AUTO_INCREMENT,
  `account_id` bigint(20) unsigned NOT NULL,
  `user_id` bigint(20) unsigned NOT NULL,
  `created_at` timestamp NULL DEFAULT CURRENT_TIMESTAMP,
  `updated_at` timestamp NULL DEFAULT CURRENT_TIMESTAMP ON UPDATE CURRENT_TIMESTAMP,
  PRIMARY KEY (`id`),
  UNIQUE KEY `id_UNIQUE` (`id`),
  KEY `account_user_fk_account_idx` (`account_id`),
  KEY `account_user_fk_user_idx` (`user_id`),
  CONSTRAINT `account_user_fk_account` FOREIGN KEY (`account_id`) REFERENCES `account` (`id`) ON DELETE NO ACTION ON UPDATE NO ACTION,
  CONSTRAINT `account_user_fk_user` FOREIGN KEY (`user_id`) REFERENCES `user` (`id`) ON DELETE NO ACTION ON UPDATE NO ACTION
) ENGINE=InnoDB AUTO_INCREMENT=13 DEFAULT CHARSET=latin1;
/*!40101 SET character_set_client = @saved_cs_client */;

--
-- Dumping data for table `account_user`
--

LOCK TABLES `account_user` WRITE;
/*!40000 ALTER TABLE `account_user` DISABLE KEYS */;
INSERT INTO `account_user` VALUES (1,1,1,'2017-02-10 00:03:21','2017-02-10 00:03:21'),(2,1,2,'2017-02-10 00:03:21','2017-02-10 00:03:21'),(3,3,1,'2017-02-10 00:03:21','2017-02-10 00:03:21'),(4,2,1,'2017-02-10 00:03:21','2017-02-10 00:03:21'),(5,1,3,'2017-03-08 02:27:34','2017-03-08 02:27:34'),(6,1,4,'2017-03-08 23:30:42','2017-03-08 23:30:42'),(7,1,5,'2017-03-10 05:39:37','2017-03-10 05:39:37'),(8,1,6,'2017-04-17 21:59:20','2017-04-17 21:59:20'),(9,1,7,'2017-04-17 21:59:24','2017-04-17 21:59:24'),(10,1,10,'2017-05-04 00:38:44','2017-05-04 00:38:44'),(11,1,11,'2017-05-05 14:44:05','2017-05-05 14:44:05'),(12,1,12,'2017-05-18 17:39:30','2017-05-18 17:39:30');
/*!40000 ALTER TABLE `account_user` ENABLE KEYS */;
UNLOCK TABLES;

--
-- Table structure for table `arrangement`
--

DROP TABLE IF EXISTS `arrangement`;
/*!40101 SET @saved_cs_client     = @@character_set_client */;
/*!40101 SET character_set_client = utf8 */;
CREATE TABLE `arrangement` (
  `id` bigint(20) unsigned NOT NULL AUTO_INCREMENT,
  `choice_id` bigint(20) unsigned NOT NULL,
  `voice_id` bigint(20) unsigned NOT NULL,
  `instrument_id` bigint(20) unsigned NOT NULL,
  `created_at` timestamp NULL DEFAULT CURRENT_TIMESTAMP,
  `updated_at` timestamp NULL DEFAULT CURRENT_TIMESTAMP ON UPDATE CURRENT_TIMESTAMP,
  PRIMARY KEY (`id`),
  UNIQUE KEY `id_UNIQUE` (`id`),
  KEY `arrangement_fk_choice_idx` (`choice_id`),
  KEY `arrangement_fk_voice_idx` (`voice_id`),
  KEY `arrangement_fk_instrument_idx` (`instrument_id`),
  CONSTRAINT `arrangement_fk_choice` FOREIGN KEY (`choice_id`) REFERENCES `choice` (`id`) ON DELETE NO ACTION ON UPDATE NO ACTION,
  CONSTRAINT `arrangement_fk_instrument` FOREIGN KEY (`instrument_id`) REFERENCES `instrument` (`id`) ON DELETE NO ACTION ON UPDATE NO ACTION,
  CONSTRAINT `arrangement_fk_voice` FOREIGN KEY (`voice_id`) REFERENCES `voice` (`id`) ON DELETE NO ACTION ON UPDATE NO ACTION
) ENGINE=InnoDB AUTO_INCREMENT=27 DEFAULT CHARSET=latin1;
/*!40101 SET character_set_client = @saved_cs_client */;

--
-- Dumping data for table `arrangement`
--

LOCK TABLES `arrangement` WRITE;
/*!40000 ALTER TABLE `arrangement` DISABLE KEYS */;
INSERT INTO `arrangement` VALUES (14,237,4,3,'2017-05-25 19:53:09','2017-05-25 19:53:09'),(15,240,4,3,'2017-05-25 19:53:11','2017-05-25 19:53:11'),(16,243,4,3,'2017-05-25 19:53:13','2017-05-25 19:53:13'),(17,246,4,3,'2017-05-25 19:53:15','2017-05-25 19:53:15'),(18,249,4,3,'2017-05-25 19:53:18','2017-05-25 19:53:18'),(19,252,4,3,'2017-05-25 19:53:21','2017-05-25 19:53:21'),(20,255,4,3,'2017-05-25 19:53:24','2017-05-25 19:53:24'),(21,258,4,3,'2017-05-25 19:53:27','2017-05-25 19:53:27'),(22,261,4,3,'2017-05-25 19:53:31','2017-05-25 19:53:31'),(23,264,4,3,'2017-05-25 19:53:35','2017-05-25 19:53:35'),(24,267,4,3,'2017-05-25 19:53:40','2017-05-25 19:53:40'),(25,270,4,3,'2017-05-25 19:53:44','2017-05-25 19:53:44'),(26,273,4,3,'2017-05-25 19:53:55','2017-05-25 19:53:55');
/*!40000 ALTER TABLE `arrangement` ENABLE KEYS */;
UNLOCK TABLES;

--
-- Table structure for table `audio`
--

DROP TABLE IF EXISTS `audio`;
/*!40101 SET @saved_cs_client     = @@character_set_client */;
/*!40101 SET character_set_client = utf8 */;
CREATE TABLE `audio` (
  `id` bigint(20) unsigned NOT NULL AUTO_INCREMENT,
  `instrument_id` bigint(20) unsigned NOT NULL,
  `name` varchar(255) NOT NULL,
  `waveform_key` varchar(2047) NOT NULL,
  `start` float unsigned DEFAULT NULL,
  `length` float unsigned DEFAULT NULL,
  `tempo` float unsigned NOT NULL,
  `pitch` float unsigned NOT NULL,
  `created_at` timestamp NULL DEFAULT CURRENT_TIMESTAMP,
  `updated_at` timestamp NULL DEFAULT CURRENT_TIMESTAMP ON UPDATE CURRENT_TIMESTAMP,
  PRIMARY KEY (`id`),
  UNIQUE KEY `id_UNIQUE` (`id`),
  KEY `audio_fk_instrument_idx` (`instrument_id`),
  CONSTRAINT `audio_fk_instrument` FOREIGN KEY (`instrument_id`) REFERENCES `instrument` (`id`) ON DELETE NO ACTION ON UPDATE NO ACTION
) ENGINE=InnoDB AUTO_INCREMENT=19 DEFAULT CHARSET=latin1;
/*!40101 SET character_set_client = @saved_cs_client */;

--
-- Dumping data for table `audio`
--

LOCK TABLES `audio` WRITE;
/*!40000 ALTER TABLE `audio` DISABLE KEYS */;
INSERT INTO `audio` VALUES (1,1,'Kick','https://static.xj.outright.io/instrument/808/kick.wav',0.012,0.54,120,440,'2017-02-10 00:03:22','2017-02-10 00:03:22'),(2,3,'Kick','instrument-3-audio-80454e35-5693-4b42-aa6a-218383a9f584.wav',0,0.702,120,57.495,'2017-04-21 16:41:03','2017-04-24 00:06:17'),(3,3,'Kick Long','instrument-3-audio-ed1957b9-eea0-42f8-8493-b8874e1a6bf9.wav',0,0.865,120,57.05,'2017-04-21 18:52:17','2017-04-24 00:06:22'),(4,3,'Hat Closed','instrument-3-audio-0b7ea3d0-13ab-4c7c-ac66-1bec2e572c14.wav',0,0.053,120,6300,'2017-04-21 19:33:05','2017-04-24 00:06:27'),(5,3,'Maracas','instrument-3-audio-ffe4edd6-5b83-4ac9-8e69-156ddb06762f.wav',0,0.026,120,190.086,'2017-04-21 19:38:16','2017-04-24 00:06:31'),(6,3,'Snare','instrument-3-audio-7ec44b7f-77fd-4a3a-a2df-f80f6cd7fcfe.wav',0,0.093,120,177.823,'2017-04-21 19:42:59','2017-04-24 00:06:39'),(7,3,'Tom','instrument-3-audio-a6bf0d86-6b45-4cf1-b404-2242095c7876.wav',0,0.36,120,104.751,'2017-04-21 19:43:58','2017-04-24 00:06:43'),(8,3,'Claves','instrument-3-audio-aea2483c-7707-4100-aa86-b680668cd1a0.wav',0,0.03,120,2594,'2017-04-23 23:59:47','2017-04-24 00:06:49'),(9,3,'Conga','instrument-3-audio-f772f19f-b51b-414e-9dc8-8ceb23faa779.wav',0,0.26,120,213,'2017-04-24 00:03:32','2017-04-24 00:06:54'),(10,3,'Conga High','instrument-3-audio-c0975d3a-4f26-44b2-a9d3-800320bfa3e1.wav',0,0.179,120,397.297,'2017-04-24 00:05:34','2017-04-24 00:05:47'),(11,3,'Tom High','instrument-3-audio-aea1351b-bb96-4487-8feb-ae8ad3e499ad.wav',0,0.2,120,190.909,'2017-04-24 02:18:29','2017-04-24 02:18:29'),(12,3,'Hand Clap','instrument-3-audio-ce0662a2-3f7e-425b-8105-fb639d395235.wav',0,0.361,120,1102.5,'2017-04-24 02:21:04','2017-04-24 02:21:04'),(13,3,'Cowbell','instrument-3-audio-aaa877a8-0c89-4781-93f8-69c722285b2a.wav',0,0.34,120,268.902,'2017-04-24 02:22:47','2017-04-24 02:22:47'),(14,3,'Cymbal Crash','instrument-3-audio-37a35a63-23e4-4ef6-a78e-db2577aa9a00.wav',0,2.229,120,109.701,'2017-04-24 02:24:03','2017-04-24 03:08:45'),(15,3,'Hat Open','instrument-3-audio-020ad575-af86-4fe2-a869-957d50d59ac4.wav',0,0.598,120,7350,'2017-04-24 02:25:31','2017-04-24 02:25:31'),(16,3,'Snare Rimshot','instrument-3-audio-58fd7eae-b55e-4567-9c27-ead64b83488a.wav',0,0.014,120,445.445,'2017-04-24 02:26:53','2017-04-24 02:26:53');
/*!40000 ALTER TABLE `audio` ENABLE KEYS */;
UNLOCK TABLES;

--
-- Table structure for table `audio_chord`
--

DROP TABLE IF EXISTS `audio_chord`;
/*!40101 SET @saved_cs_client     = @@character_set_client */;
/*!40101 SET character_set_client = utf8 */;
CREATE TABLE `audio_chord` (
  `id` bigint(20) unsigned NOT NULL AUTO_INCREMENT,
  `audio_id` bigint(20) unsigned NOT NULL,
  `name` varchar(255) NOT NULL,
  `position` float NOT NULL,
  `created_at` timestamp NULL DEFAULT CURRENT_TIMESTAMP,
  `updated_at` timestamp NULL DEFAULT CURRENT_TIMESTAMP ON UPDATE CURRENT_TIMESTAMP,
  PRIMARY KEY (`id`),
  UNIQUE KEY `id_UNIQUE` (`id`),
  KEY `chord_fk_audio_idx` (`audio_id`),
  CONSTRAINT `chord_fk_audio` FOREIGN KEY (`audio_id`) REFERENCES `audio` (`id`) ON DELETE NO ACTION ON UPDATE NO ACTION
) ENGINE=InnoDB DEFAULT CHARSET=latin1;
/*!40101 SET character_set_client = @saved_cs_client */;

--
-- Dumping data for table `audio_chord`
--

LOCK TABLES `audio_chord` WRITE;
/*!40000 ALTER TABLE `audio_chord` DISABLE KEYS */;
/*!40000 ALTER TABLE `audio_chord` ENABLE KEYS */;
UNLOCK TABLES;

--
-- Table structure for table `audio_event`
--

DROP TABLE IF EXISTS `audio_event`;
/*!40101 SET @saved_cs_client     = @@character_set_client */;
/*!40101 SET character_set_client = utf8 */;
CREATE TABLE `audio_event` (
  `id` bigint(20) unsigned NOT NULL AUTO_INCREMENT,
  `audio_id` bigint(20) unsigned NOT NULL,
  `velocity` float unsigned NOT NULL,
  `tonality` float unsigned NOT NULL,
  `inflection` varchar(63) NOT NULL,
  `position` float NOT NULL,
  `duration` float unsigned NOT NULL,
  `note` varchar(63) NOT NULL,
  `created_at` timestamp NULL DEFAULT CURRENT_TIMESTAMP,
  `updated_at` timestamp NULL DEFAULT CURRENT_TIMESTAMP ON UPDATE CURRENT_TIMESTAMP,
  PRIMARY KEY (`id`),
  UNIQUE KEY `id_UNIQUE` (`id`),
  KEY `event_fk_audio_idx` (`audio_id`),
  CONSTRAINT `event_fk_audio` FOREIGN KEY (`audio_id`) REFERENCES `audio` (`id`) ON DELETE NO ACTION ON UPDATE NO ACTION
) ENGINE=InnoDB AUTO_INCREMENT=16 DEFAULT CHARSET=latin1;
/*!40101 SET character_set_client = @saved_cs_client */;

--
-- Dumping data for table `audio_event`
--

LOCK TABLES `audio_event` WRITE;
/*!40000 ALTER TABLE `audio_event` DISABLE KEYS */;
INSERT INTO `audio_event` VALUES (1,2,1,1,'KICK',0.03,0.5,'X','2017-04-22 21:24:11','2017-04-22 21:28:14'),(2,3,1,1,'KICKLONG',0.025,0.5,'X','2017-04-22 21:24:54','2017-04-24 02:19:23'),(3,4,1,0.2,'HATCLOSED',0.025,0.05,'X','2017-04-22 21:26:58','2017-04-24 02:19:40'),(4,5,0.8,0.6,'MARACAS',0.011,0.015,'X','2017-04-22 21:43:14','2017-04-22 21:43:14'),(5,6,1,0.4,'SNARE',0.002,0.091,'X','2017-04-22 21:45:06','2017-04-22 21:45:06'),(6,7,0.7,0.6,'TOM',0.002,0.35,'X','2017-04-22 21:46:12','2017-04-22 21:46:12'),(7,8,0.8,0.8,'CLAVES',0,0.05,'X','2017-04-24 00:03:50','2017-04-24 00:03:50'),(8,9,0.8,0.9,'CONGA',0.004,0.2,'X','2017-04-24 00:04:13','2017-04-24 00:04:13'),(9,11,1,1,'TOMHIGH',0.004,0.2,'X','2017-04-24 02:18:57','2017-04-24 02:18:57'),(10,10,1,1,'CONGAHIGH',0.005,0.2,'x','2017-04-24 02:20:10','2017-04-24 02:20:10'),(11,12,0.8,0.3,'HANDCLAP',0.004,0.3,'x','2017-04-24 02:21:39','2017-04-24 02:21:45'),(12,13,1,0.5,'COWBELL',0.004,0.3,'x','2017-04-24 02:23:14','2017-04-24 02:23:14'),(13,14,0.7,0.1,'CYMBALCRASH',0.002,2.2,'x','2017-04-24 02:24:36','2017-04-24 03:09:01'),(14,15,0.5,0.1,'HATCLOSED',0.002,0.59,'x','2017-04-24 02:25:56','2017-04-24 02:25:56'),(15,16,0.6,0.2,'SNARERIMSHOT',0.001,0.014,'x','2017-04-24 02:27:24','2017-04-24 02:27:24');
/*!40000 ALTER TABLE `audio_event` ENABLE KEYS */;
UNLOCK TABLES;

--
-- Table structure for table `chain`
--

DROP TABLE IF EXISTS `chain`;
/*!40101 SET @saved_cs_client     = @@character_set_client */;
/*!40101 SET character_set_client = utf8 */;
CREATE TABLE `chain` (
  `id` bigint(20) unsigned NOT NULL AUTO_INCREMENT,
  `type` varchar(255) NOT NULL,
  `name` varchar(255) NOT NULL,
  `account_id` bigint(20) unsigned NOT NULL,
  `state` varchar(255) NOT NULL,
  `start_at` timestamp(6) NULL DEFAULT NULL,
  `stop_at` timestamp(6) NULL DEFAULT NULL,
  `created_at` timestamp NULL DEFAULT CURRENT_TIMESTAMP,
  `updated_at` timestamp NULL DEFAULT CURRENT_TIMESTAMP ON UPDATE CURRENT_TIMESTAMP,
  PRIMARY KEY (`id`),
  UNIQUE KEY `id_UNIQUE` (`id`),
  KEY `chain_fk_account` (`account_id`),
  CONSTRAINT `chain_fk_account` FOREIGN KEY (`account_id`) REFERENCES `account` (`id`) ON DELETE NO ACTION ON UPDATE NO ACTION
) ENGINE=InnoDB AUTO_INCREMENT=39 DEFAULT CHARSET=latin1;
/*!40101 SET character_set_client = @saved_cs_client */;

--
-- Dumping data for table `chain`
--

LOCK TABLES `chain` WRITE;
/*!40000 ALTER TABLE `chain` DISABLE KEYS */;
INSERT INTO `chain` VALUES (15,'preview','Preview of \"Introducing K\" Idea',3,'complete','2017-05-03 03:56:24.727000','2017-05-03 04:01:24.727000','2017-05-03 04:01:24','2017-05-03 04:01:56'),(25,'preview','most',3,'draft','2017-05-04 17:17:40.271000','2017-05-04 17:22:40.271000','2017-05-04 17:22:40','2017-05-04 17:22:40'),(38,'preview','Preview of \"House\" Library',1,'complete','2017-05-25 19:48:06.457000','2017-05-25 19:53:06.457000','2017-05-25 19:53:06','2017-05-25 19:58:06');
/*!40000 ALTER TABLE `chain` ENABLE KEYS */;
UNLOCK TABLES;

--
-- Table structure for table `chain_config`
--

DROP TABLE IF EXISTS `chain_config`;
/*!40101 SET @saved_cs_client     = @@character_set_client */;
/*!40101 SET character_set_client = utf8 */;
CREATE TABLE `chain_config` (
  `id` bigint(20) unsigned NOT NULL AUTO_INCREMENT,
  `chain_id` bigint(20) unsigned NOT NULL,
  `type` varchar(255) NOT NULL,
  `value` varchar(32768) NOT NULL,
  `created_at` timestamp NULL DEFAULT CURRENT_TIMESTAMP,
  `updated_at` timestamp NULL DEFAULT CURRENT_TIMESTAMP ON UPDATE CURRENT_TIMESTAMP,
  PRIMARY KEY (`id`),
  UNIQUE KEY `id_UNIQUE` (`id`),
  KEY `chain_config_fk_chain_idx` (`chain_id`),
  CONSTRAINT `chain_config_fk_chain` FOREIGN KEY (`chain_id`) REFERENCES `chain` (`id`) ON DELETE NO ACTION ON UPDATE NO ACTION
) ENGINE=InnoDB AUTO_INCREMENT=6 DEFAULT CHARSET=latin1;
/*!40101 SET character_set_client = @saved_cs_client */;

--
-- Dumping data for table `chain_config`
--

LOCK TABLES `chain_config` WRITE;
/*!40000 ALTER TABLE `chain_config` DISABLE KEYS */;
/*!40000 ALTER TABLE `chain_config` ENABLE KEYS */;
UNLOCK TABLES;

--
-- Table structure for table `chain_idea`
--

DROP TABLE IF EXISTS `chain_idea`;
/*!40101 SET @saved_cs_client     = @@character_set_client */;
/*!40101 SET character_set_client = utf8 */;
CREATE TABLE `chain_idea` (
  `id` bigint(20) unsigned NOT NULL AUTO_INCREMENT,
  `chain_id` bigint(20) unsigned NOT NULL,
  `idea_id` bigint(20) unsigned NOT NULL,
  `created_at` timestamp NULL DEFAULT CURRENT_TIMESTAMP,
  `updated_at` timestamp NULL DEFAULT CURRENT_TIMESTAMP ON UPDATE CURRENT_TIMESTAMP,
  PRIMARY KEY (`id`),
  UNIQUE KEY `id_UNIQUE` (`id`),
  KEY `chain_idea_fk_chain_idx` (`chain_id`),
  KEY `chain_idea_fk_idea_idx` (`idea_id`),
  CONSTRAINT `chain_idea_fk_chain` FOREIGN KEY (`chain_id`) REFERENCES `chain` (`id`) ON DELETE NO ACTION ON UPDATE NO ACTION,
  CONSTRAINT `chain_idea_fk_idea` FOREIGN KEY (`idea_id`) REFERENCES `idea` (`id`) ON DELETE NO ACTION ON UPDATE NO ACTION
) ENGINE=InnoDB AUTO_INCREMENT=12 DEFAULT CHARSET=latin1;
/*!40101 SET character_set_client = @saved_cs_client */;

--
-- Dumping data for table `chain_idea`
--

LOCK TABLES `chain_idea` WRITE;
/*!40000 ALTER TABLE `chain_idea` DISABLE KEYS */;
INSERT INTO `chain_idea` VALUES (6,15,2,'2017-05-03 04:01:24','2017-05-03 04:01:24');
/*!40000 ALTER TABLE `chain_idea` ENABLE KEYS */;
UNLOCK TABLES;

--
-- Table structure for table `chain_instrument`
--

DROP TABLE IF EXISTS `chain_instrument`;
/*!40101 SET @saved_cs_client     = @@character_set_client */;
/*!40101 SET character_set_client = utf8 */;
CREATE TABLE `chain_instrument` (
  `id` bigint(20) unsigned NOT NULL AUTO_INCREMENT,
  `chain_id` bigint(20) unsigned NOT NULL,
  `instrument_id` bigint(20) unsigned NOT NULL,
  `created_at` timestamp NULL DEFAULT CURRENT_TIMESTAMP,
  `updated_at` timestamp NULL DEFAULT CURRENT_TIMESTAMP ON UPDATE CURRENT_TIMESTAMP,
  PRIMARY KEY (`id`),
  UNIQUE KEY `id_UNIQUE` (`id`),
  KEY `chain_instrument_fk_chain_idx` (`chain_id`),
  KEY `chain_instrument_fk_instrument_idx` (`instrument_id`),
  CONSTRAINT `chain_instrument_fk_chain` FOREIGN KEY (`chain_id`) REFERENCES `chain` (`id`) ON DELETE NO ACTION ON UPDATE NO ACTION,
  CONSTRAINT `chain_instrument_fk_instrument` FOREIGN KEY (`instrument_id`) REFERENCES `instrument` (`id`) ON DELETE NO ACTION ON UPDATE NO ACTION
) ENGINE=InnoDB AUTO_INCREMENT=7 DEFAULT CHARSET=latin1;
/*!40101 SET character_set_client = @saved_cs_client */;

--
-- Dumping data for table `chain_instrument`
--

LOCK TABLES `chain_instrument` WRITE;
/*!40000 ALTER TABLE `chain_instrument` DISABLE KEYS */;
/*!40000 ALTER TABLE `chain_instrument` ENABLE KEYS */;
UNLOCK TABLES;

--
-- Table structure for table `chain_library`
--

DROP TABLE IF EXISTS `chain_library`;
/*!40101 SET @saved_cs_client     = @@character_set_client */;
/*!40101 SET character_set_client = utf8 */;
CREATE TABLE `chain_library` (
  `id` bigint(20) unsigned NOT NULL AUTO_INCREMENT,
  `chain_id` bigint(20) unsigned NOT NULL,
  `library_id` bigint(20) unsigned NOT NULL,
  `created_at` timestamp NULL DEFAULT CURRENT_TIMESTAMP,
  `updated_at` timestamp NULL DEFAULT CURRENT_TIMESTAMP ON UPDATE CURRENT_TIMESTAMP,
  PRIMARY KEY (`id`),
  UNIQUE KEY `id_UNIQUE` (`id`),
  KEY `chain_library_fk_chain_idx` (`chain_id`),
  KEY `chain_library_fk_library_idx` (`library_id`),
  CONSTRAINT `chain_library_fk_chain` FOREIGN KEY (`chain_id`) REFERENCES `chain` (`id`) ON DELETE NO ACTION ON UPDATE NO ACTION,
  CONSTRAINT `chain_library_fk_library` FOREIGN KEY (`library_id`) REFERENCES `library` (`id`) ON DELETE NO ACTION ON UPDATE NO ACTION
) ENGINE=InnoDB AUTO_INCREMENT=18 DEFAULT CHARSET=latin1;
/*!40101 SET character_set_client = @saved_cs_client */;

--
-- Dumping data for table `chain_library`
--

LOCK TABLES `chain_library` WRITE;
/*!40000 ALTER TABLE `chain_library` DISABLE KEYS */;
INSERT INTO `chain_library` VALUES (17,38,1,'2017-05-25 19:53:06','2017-05-25 19:53:06');
/*!40000 ALTER TABLE `chain_library` ENABLE KEYS */;
UNLOCK TABLES;

--
-- Table structure for table `choice`
--

DROP TABLE IF EXISTS `choice`;
/*!40101 SET @saved_cs_client     = @@character_set_client */;
/*!40101 SET character_set_client = utf8 */;
CREATE TABLE `choice` (
  `id` bigint(20) unsigned NOT NULL AUTO_INCREMENT,
  `link_id` bigint(20) unsigned NOT NULL,
  `idea_id` bigint(20) unsigned NOT NULL,
  `type` varchar(255) NOT NULL,
  `transpose` int(11) NOT NULL,
  `phase_offset` bigint(20) unsigned NOT NULL,
  `created_at` timestamp NULL DEFAULT CURRENT_TIMESTAMP,
  `updated_at` timestamp NULL DEFAULT CURRENT_TIMESTAMP ON UPDATE CURRENT_TIMESTAMP,
  PRIMARY KEY (`id`),
  UNIQUE KEY `id_UNIQUE` (`id`),
  KEY `choice_fk_link_idx` (`link_id`),
  KEY `choice_fk_idea_idx` (`idea_id`),
  CONSTRAINT `choice_fk_idea` FOREIGN KEY (`idea_id`) REFERENCES `idea` (`id`) ON DELETE NO ACTION ON UPDATE NO ACTION,
  CONSTRAINT `choice_fk_link` FOREIGN KEY (`link_id`) REFERENCES `link` (`id`) ON DELETE NO ACTION ON UPDATE NO ACTION
) ENGINE=InnoDB AUTO_INCREMENT=274 DEFAULT CHARSET=latin1;
/*!40101 SET character_set_client = @saved_cs_client */;

--
-- Dumping data for table `choice`
--

LOCK TABLES `choice` WRITE;
/*!40000 ALTER TABLE `choice` DISABLE KEYS */;
INSERT INTO `choice` VALUES (235,529,7,'macro',0,0,'2017-05-25 19:53:08','2017-05-25 19:53:08'),(236,529,9,'main',0,0,'2017-05-25 19:53:08','2017-05-25 19:53:08'),(237,529,6,'rhythm',-5,0,'2017-05-25 19:53:09','2017-05-25 19:53:09'),(238,530,7,'macro',0,0,'2017-05-25 19:53:10','2017-05-25 19:53:10'),(239,530,9,'main',0,1,'2017-05-25 19:53:10','2017-05-25 19:53:10'),(240,530,6,'rhythm',0,0,'2017-05-25 19:53:11','2017-05-25 19:53:11'),(241,531,8,'macro',3,0,'2017-05-25 19:53:12','2017-05-25 19:53:12'),(242,531,9,'main',-2,0,'2017-05-25 19:53:12','2017-05-25 19:53:12'),(243,531,6,'rhythm',5,0,'2017-05-25 19:53:13','2017-05-25 19:53:13'),(244,532,8,'macro',3,0,'2017-05-25 19:53:14','2017-05-25 19:53:14'),(245,532,9,'main',-2,1,'2017-05-25 19:53:14','2017-05-25 19:53:14'),(246,532,6,'rhythm',-2,0,'2017-05-25 19:53:15','2017-05-25 19:53:15'),(247,533,8,'macro',-4,0,'2017-05-25 19:53:17','2017-05-25 19:53:17'),(248,533,9,'main',3,0,'2017-05-25 19:53:17','2017-05-25 19:53:17'),(249,533,6,'rhythm',-2,0,'2017-05-25 19:53:18','2017-05-25 19:53:18'),(250,534,8,'macro',-4,0,'2017-05-25 19:53:19','2017-05-25 19:53:19'),(251,534,9,'main',3,1,'2017-05-25 19:53:19','2017-05-25 19:53:19'),(252,534,6,'rhythm',3,0,'2017-05-25 19:53:21','2017-05-25 19:53:21'),(253,535,7,'macro',-4,0,'2017-05-25 19:53:23','2017-05-25 19:53:23'),(254,535,9,'main',-4,0,'2017-05-25 19:53:23','2017-05-25 19:53:23'),(255,535,6,'rhythm',3,0,'2017-05-25 19:53:24','2017-05-25 19:53:24'),(256,536,7,'macro',-4,0,'2017-05-25 19:53:25','2017-05-25 19:53:25'),(257,536,9,'main',-4,1,'2017-05-25 19:53:26','2017-05-25 19:53:26'),(258,536,6,'rhythm',-4,0,'2017-05-25 19:53:27','2017-05-25 19:53:27'),(259,537,8,'macro',-1,0,'2017-05-25 19:53:29','2017-05-25 19:53:29'),(260,537,9,'main',-6,0,'2017-05-25 19:53:29','2017-05-25 19:53:29'),(261,537,6,'rhythm',1,0,'2017-05-25 19:53:31','2017-05-25 19:53:31'),(262,538,8,'macro',-1,0,'2017-05-25 19:53:32','2017-05-25 19:53:32'),(263,538,9,'main',-6,1,'2017-05-25 19:53:33','2017-05-25 19:53:33'),(264,538,6,'rhythm',-6,0,'2017-05-25 19:53:34','2017-05-25 19:53:34'),(265,539,8,'macro',4,0,'2017-05-25 19:53:37','2017-05-25 19:53:37'),(266,539,9,'main',-1,0,'2017-05-25 19:53:37','2017-05-25 19:53:37'),(267,539,6,'rhythm',-6,0,'2017-05-25 19:53:39','2017-05-25 19:53:39'),(268,540,8,'macro',4,0,'2017-05-25 19:53:42','2017-05-25 19:53:42'),(269,540,9,'main',-1,1,'2017-05-25 19:53:42','2017-05-25 19:53:42'),(270,540,6,'rhythm',-1,0,'2017-05-25 19:53:44','2017-05-25 19:53:44'),(271,542,8,'macro',-3,0,'2017-05-25 19:53:53','2017-05-25 19:53:53'),(272,542,9,'main',4,0,'2017-05-25 19:53:53','2017-05-25 19:53:53'),(273,542,6,'rhythm',-1,0,'2017-05-25 19:53:55','2017-05-25 19:53:55');
/*!40000 ALTER TABLE `choice` ENABLE KEYS */;
UNLOCK TABLES;

--
-- Table structure for table `idea`
--

DROP TABLE IF EXISTS `idea`;
/*!40101 SET @saved_cs_client     = @@character_set_client */;
/*!40101 SET character_set_client = utf8 */;
CREATE TABLE `idea` (
  `id` bigint(20) unsigned NOT NULL AUTO_INCREMENT,
  `user_id` bigint(20) unsigned NOT NULL,
  `library_id` bigint(20) unsigned NOT NULL,
  `type` varchar(255) NOT NULL,
  `name` varchar(255) NOT NULL,
  `density` float unsigned NOT NULL,
  `key` varchar(255) NOT NULL,
  `tempo` float unsigned NOT NULL,
  `created_at` timestamp NULL DEFAULT CURRENT_TIMESTAMP,
  `updated_at` timestamp NULL DEFAULT CURRENT_TIMESTAMP ON UPDATE CURRENT_TIMESTAMP,
  PRIMARY KEY (`id`),
  UNIQUE KEY `id_UNIQUE` (`id`),
  KEY `idea_fk_library_idx` (`library_id`),
  KEY `idea_fk_user` (`user_id`),
  CONSTRAINT `idea_fk_library` FOREIGN KEY (`library_id`) REFERENCES `library` (`id`) ON DELETE NO ACTION ON UPDATE NO ACTION,
  CONSTRAINT `idea_fk_user` FOREIGN KEY (`user_id`) REFERENCES `user` (`id`) ON DELETE NO ACTION ON UPDATE NO ACTION
) ENGINE=InnoDB AUTO_INCREMENT=10 DEFAULT CHARSET=latin1;
/*!40101 SET character_set_client = @saved_cs_client */;

--
-- Dumping data for table `idea`
--

LOCK TABLES `idea` WRITE;
/*!40000 ALTER TABLE `idea` DISABLE KEYS */;
INSERT INTO `idea` VALUES (2,1,2,'main','Introducing K',0.5,'G minor',121,'2017-02-10 00:03:22','2017-02-10 00:03:22'),(3,1,2,'main','Mental Addition',0.5,'D minor',121,'2017-02-10 00:03:22','2017-02-10 00:03:22'),(4,1,2,'main','Children of the Who',0.7,'A major',121,'2017-02-10 00:03:22','2017-02-10 00:03:22'),(5,1,2,'main','K Project',0.6,'G major',121,'2017-02-10 00:03:22','2017-02-10 00:03:22'),(6,1,1,'rhythm','Basic Beat',0.62,'C',120,'2017-04-23 23:21:52','2017-04-23 23:21:52'),(7,1,1,'macro','Deep, from Hot to Cool',0.6,'C',121,'2017-05-01 18:59:22','2017-05-01 19:44:22'),(8,1,1,'macro','Deep, from Cool to Hot',0.6,'G minor',121,'2017-05-01 18:59:32','2017-05-01 19:44:35'),(9,1,1,'main','I\'ll House You',0.5,'C',121,'2017-05-13 00:04:19','2017-05-13 00:04:19');
/*!40000 ALTER TABLE `idea` ENABLE KEYS */;
UNLOCK TABLES;

--
-- Table structure for table `idea_meme`
--

DROP TABLE IF EXISTS `idea_meme`;
/*!40101 SET @saved_cs_client     = @@character_set_client */;
/*!40101 SET character_set_client = utf8 */;
CREATE TABLE `idea_meme` (
  `id` bigint(20) unsigned NOT NULL AUTO_INCREMENT,
  `idea_id` bigint(20) unsigned NOT NULL,
  `name` varchar(255) NOT NULL,
  `created_at` timestamp NULL DEFAULT CURRENT_TIMESTAMP,
  `updated_at` timestamp NULL DEFAULT CURRENT_TIMESTAMP ON UPDATE CURRENT_TIMESTAMP,
  PRIMARY KEY (`id`),
  UNIQUE KEY `id_UNIQUE` (`id`),
  KEY `meme_fk_idea_idx` (`idea_id`),
  CONSTRAINT `meme_fk_idea` FOREIGN KEY (`idea_id`) REFERENCES `idea` (`id`) ON DELETE NO ACTION ON UPDATE NO ACTION
) ENGINE=InnoDB AUTO_INCREMENT=21 DEFAULT CHARSET=latin1;
/*!40101 SET character_set_client = @saved_cs_client */;

--
-- Dumping data for table `idea_meme`
--

LOCK TABLES `idea_meme` WRITE;
/*!40000 ALTER TABLE `idea_meme` DISABLE KEYS */;
INSERT INTO `idea_meme` VALUES (1,6,'Classic','2017-04-23 23:22:21','2017-04-23 23:22:21'),(2,6,'Deep','2017-04-23 23:22:23','2017-04-23 23:22:23'),(3,6,'Acid','2017-04-23 23:22:24','2017-04-23 23:22:24'),(5,6,'Tech','2017-04-23 23:22:28','2017-04-23 23:22:28'),(6,6,'Electro','2017-04-23 23:22:31','2017-04-23 23:22:31'),(7,6,'Tropical','2017-04-23 23:22:34','2017-04-23 23:22:34'),(8,6,'Hot','2017-04-23 23:22:36','2017-04-23 23:22:36'),(9,6,'Cool','2017-04-23 23:22:39','2017-04-23 23:22:39'),(10,6,'Hard','2017-04-23 23:22:40','2017-04-23 23:22:40'),(11,6,'Easy','2017-04-23 23:22:42','2017-04-23 23:22:42'),(12,6,'Progressive','2017-04-23 23:23:17','2017-04-23 23:23:17'),(15,7,'Deep','2017-05-01 18:59:46','2017-05-01 18:59:46'),(16,8,'Deep','2017-05-01 19:42:36','2017-05-01 19:42:36'),(17,9,'Deep','2017-05-13 00:04:41','2017-05-13 00:04:41'),(18,9,'Classic','2017-05-13 00:04:44','2017-05-13 00:04:44'),(19,9,'Cool','2017-05-13 00:04:54','2017-05-13 00:04:54'),(20,9,'Dark','2017-05-13 00:04:59','2017-05-13 00:04:59');
/*!40000 ALTER TABLE `idea_meme` ENABLE KEYS */;
UNLOCK TABLES;

--
-- Table structure for table `instrument`
--

DROP TABLE IF EXISTS `instrument`;
/*!40101 SET @saved_cs_client     = @@character_set_client */;
/*!40101 SET character_set_client = utf8 */;
CREATE TABLE `instrument` (
  `id` bigint(20) unsigned NOT NULL AUTO_INCREMENT,
  `user_id` bigint(20) unsigned NOT NULL,
  `library_id` bigint(20) unsigned NOT NULL,
  `type` varchar(255) NOT NULL,
  `description` varchar(1023) NOT NULL,
  `density` float unsigned NOT NULL,
  `created_at` timestamp NULL DEFAULT CURRENT_TIMESTAMP,
  `updated_at` timestamp NULL DEFAULT CURRENT_TIMESTAMP ON UPDATE CURRENT_TIMESTAMP,
  PRIMARY KEY (`id`),
  UNIQUE KEY `id_UNIQUE` (`id`),
  KEY `instrument_fk_library_idx` (`library_id`),
  KEY `instrument_fk_user` (`user_id`),
  CONSTRAINT `instrument_fk_library` FOREIGN KEY (`library_id`) REFERENCES `library` (`id`) ON DELETE NO ACTION ON UPDATE NO ACTION,
  CONSTRAINT `instrument_fk_user` FOREIGN KEY (`user_id`) REFERENCES `user` (`id`) ON DELETE NO ACTION ON UPDATE NO ACTION
) ENGINE=InnoDB AUTO_INCREMENT=4 DEFAULT CHARSET=latin1;
/*!40101 SET character_set_client = @saved_cs_client */;

--
-- Dumping data for table `instrument`
--

LOCK TABLES `instrument` WRITE;
/*!40000 ALTER TABLE `instrument` DISABLE KEYS */;
INSERT INTO `instrument` VALUES (1,1,2,'percussive','Roland TR-808 Drum Machine',0.8,'2017-02-10 00:03:22','2017-02-10 00:03:22'),(2,1,2,'percussive','909 drum machine',0.75,'2017-02-10 00:03:22','2017-02-10 00:03:22'),(3,1,1,'percussive','TR-808',0.8,'2017-04-21 16:33:55','2017-04-21 16:33:55');
/*!40000 ALTER TABLE `instrument` ENABLE KEYS */;
UNLOCK TABLES;

--
-- Table structure for table `instrument_meme`
--

DROP TABLE IF EXISTS `instrument_meme`;
/*!40101 SET @saved_cs_client     = @@character_set_client */;
/*!40101 SET character_set_client = utf8 */;
CREATE TABLE `instrument_meme` (
  `id` bigint(20) unsigned NOT NULL AUTO_INCREMENT,
  `instrument_id` bigint(20) unsigned NOT NULL,
  `name` varchar(255) NOT NULL,
  `created_at` timestamp NULL DEFAULT CURRENT_TIMESTAMP,
  `updated_at` timestamp NULL DEFAULT CURRENT_TIMESTAMP ON UPDATE CURRENT_TIMESTAMP,
  PRIMARY KEY (`id`),
  UNIQUE KEY `id_UNIQUE` (`id`),
  KEY `meme_fk_instrument_idx` (`instrument_id`),
  CONSTRAINT `meme_fk_instrument` FOREIGN KEY (`instrument_id`) REFERENCES `instrument` (`id`) ON DELETE NO ACTION ON UPDATE NO ACTION
) ENGINE=InnoDB AUTO_INCREMENT=14 DEFAULT CHARSET=latin1;
/*!40101 SET character_set_client = @saved_cs_client */;

--
-- Dumping data for table `instrument_meme`
--

LOCK TABLES `instrument_meme` WRITE;
/*!40000 ALTER TABLE `instrument_meme` DISABLE KEYS */;
INSERT INTO `instrument_meme` VALUES (1,1,'Drum','2017-02-10 00:03:23','2017-02-10 00:03:23'),(2,3,'Classic','2017-04-23 23:13:29','2017-04-23 23:13:29'),(3,3,'Deep','2017-04-23 23:13:33','2017-04-23 23:13:33'),(4,3,'Acid','2017-04-23 23:13:36','2017-04-23 23:13:36'),(6,3,'Tech','2017-04-23 23:13:41','2017-04-23 23:13:41'),(7,3,'Electro','2017-04-23 23:13:43','2017-04-23 23:13:43'),(8,3,'Tropical','2017-04-23 23:13:46','2017-04-23 23:13:46'),(9,3,'Hot','2017-04-23 23:20:53','2017-04-23 23:20:53'),(10,3,'Cool','2017-04-23 23:20:57','2017-04-23 23:20:57'),(11,3,'Hard','2017-04-23 23:20:59','2017-04-23 23:20:59'),(12,3,'Easy','2017-04-23 23:21:01','2017-04-23 23:21:01'),(13,3,'Progressive','2017-04-23 23:23:43','2017-04-23 23:23:43');
/*!40000 ALTER TABLE `instrument_meme` ENABLE KEYS */;
UNLOCK TABLES;

--
-- Table structure for table `library`
--

DROP TABLE IF EXISTS `library`;
/*!40101 SET @saved_cs_client     = @@character_set_client */;
/*!40101 SET character_set_client = utf8 */;
CREATE TABLE `library` (
  `id` bigint(20) unsigned NOT NULL AUTO_INCREMENT,
  `name` varchar(255) NOT NULL,
  `account_id` bigint(20) unsigned NOT NULL,
  `created_at` timestamp NULL DEFAULT CURRENT_TIMESTAMP,
  `updated_at` timestamp NULL DEFAULT CURRENT_TIMESTAMP ON UPDATE CURRENT_TIMESTAMP,
  PRIMARY KEY (`id`),
  UNIQUE KEY `id_UNIQUE` (`id`),
  KEY `library_fk_account_idx` (`account_id`),
  CONSTRAINT `library_fk_account` FOREIGN KEY (`account_id`) REFERENCES `account` (`id`) ON DELETE NO ACTION ON UPDATE NO ACTION
) ENGINE=InnoDB AUTO_INCREMENT=3 DEFAULT CHARSET=latin1;
/*!40101 SET character_set_client = @saved_cs_client */;

--
-- Dumping data for table `library`
--

LOCK TABLES `library` WRITE;
/*!40000 ALTER TABLE `library` DISABLE KEYS */;
INSERT INTO `library` VALUES (1,'House',1,'2017-02-10 00:03:23','2017-04-21 16:33:43'),(2,'K Project 2',3,'2017-02-10 00:03:23','2017-02-10 00:03:23');
/*!40000 ALTER TABLE `library` ENABLE KEYS */;
UNLOCK TABLES;

--
-- Table structure for table `link`
--

DROP TABLE IF EXISTS `link`;
/*!40101 SET @saved_cs_client     = @@character_set_client */;
/*!40101 SET character_set_client = utf8 */;
CREATE TABLE `link` (
  `id` bigint(20) unsigned NOT NULL AUTO_INCREMENT,
  `chain_id` bigint(20) unsigned NOT NULL,
  `offset` bigint(20) unsigned NOT NULL,
  `state` varchar(255) NOT NULL,
  `begin_at` timestamp(6) NULL DEFAULT NULL,
  `end_at` timestamp(6) NULL DEFAULT NULL,
  `total` int(10) unsigned DEFAULT NULL,
  `density` float unsigned DEFAULT NULL,
  `key` varchar(255) DEFAULT NULL,
  `tempo` float unsigned DEFAULT NULL,
  `created_at` timestamp NULL DEFAULT CURRENT_TIMESTAMP,
  `updated_at` timestamp NULL DEFAULT CURRENT_TIMESTAMP ON UPDATE CURRENT_TIMESTAMP,
  PRIMARY KEY (`id`),
  UNIQUE KEY `id_UNIQUE` (`id`),
  UNIQUE KEY `unique_chain_offset_index` (`chain_id`,`offset`),
  KEY `link_fk_chain_idx` (`chain_id`),
  CONSTRAINT `link_fk_chain` FOREIGN KEY (`chain_id`) REFERENCES `chain` (`id`) ON DELETE NO ACTION ON UPDATE NO ACTION
) ENGINE=InnoDB AUTO_INCREMENT=550 DEFAULT CHARSET=latin1;
/*!40101 SET character_set_client = @saved_cs_client */;

--
-- Dumping data for table `link`
--

LOCK TABLES `link` WRITE;
/*!40000 ALTER TABLE `link` DISABLE KEYS */;
INSERT INTO `link` VALUES (303,15,0,'dubbed','2017-05-03 03:56:24.727000','2017-05-03 03:56:54.727000',NULL,NULL,NULL,NULL,'2017-05-03 04:01:25','2017-05-03 04:01:27'),(304,15,1,'dubbed','2017-05-03 03:56:54.727000','2017-05-03 03:57:24.727000',NULL,NULL,NULL,NULL,'2017-05-03 04:01:27','2017-05-03 04:01:29'),(305,15,2,'dubbed','2017-05-03 03:57:24.727000','2017-05-03 03:57:54.727000',NULL,NULL,NULL,NULL,'2017-05-03 04:01:29','2017-05-03 04:01:31'),(306,15,3,'dubbed','2017-05-03 03:57:54.727000','2017-05-03 03:58:24.727000',NULL,NULL,NULL,NULL,'2017-05-03 04:01:31','2017-05-03 04:01:33'),(307,15,4,'dubbed','2017-05-03 03:58:24.727000','2017-05-03 03:58:54.727000',NULL,NULL,NULL,NULL,'2017-05-03 04:01:33','2017-05-03 04:01:35'),(308,15,5,'dubbed','2017-05-03 03:58:54.727000','2017-05-03 03:59:24.727000',NULL,NULL,NULL,NULL,'2017-05-03 04:01:35','2017-05-03 04:01:37'),(309,15,6,'dubbed','2017-05-03 03:59:24.727000','2017-05-03 03:59:54.727000',NULL,NULL,NULL,NULL,'2017-05-03 04:01:37','2017-05-03 04:01:39'),(310,15,7,'dubbed','2017-05-03 03:59:54.727000','2017-05-03 04:00:24.727000',NULL,NULL,NULL,NULL,'2017-05-03 04:01:39','2017-05-03 04:01:41'),(311,15,8,'dubbed','2017-05-03 04:00:24.727000','2017-05-03 04:00:54.727000',NULL,NULL,NULL,NULL,'2017-05-03 04:01:41','2017-05-03 04:01:43'),(312,15,9,'dubbed','2017-05-03 04:00:54.727000','2017-05-03 04:01:24.727000',NULL,NULL,NULL,NULL,'2017-05-03 04:01:43','2017-05-03 04:01:45'),(313,15,10,'dubbed','2017-05-03 04:01:24.727000','2017-05-03 04:01:54.727000',NULL,NULL,NULL,NULL,'2017-05-03 04:01:45','2017-05-03 04:01:47'),(529,38,0,'dubbed','2017-05-25 19:48:06.457000','2017-05-25 19:48:22.324768',32,0.55,'G minor',121,'2017-05-25 19:53:07','2017-05-25 19:53:26'),(530,38,1,'dubbed','2017-05-25 19:48:22.324768','2017-05-25 19:48:54.060305',64,0.75,'C ',121,'2017-05-25 19:53:09','2017-05-25 19:54:12'),(531,38,2,'dubbed','2017-05-25 19:48:54.060305','2017-05-25 19:49:09.928073',32,0.45,'F minor',121,'2017-05-25 19:53:11','2017-05-25 19:53:41'),(532,38,3,'dubbed','2017-05-25 19:49:09.928073','2017-05-25 19:49:41.663610',64,0.65,'A# ',121,'2017-05-25 19:53:13','2017-05-25 19:54:23'),(533,38,4,'dubbed','2017-05-25 19:49:41.663610','2017-05-25 19:49:57.531378',32,0.45,'Bb minor',121,'2017-05-25 19:53:15','2017-05-25 19:53:52'),(534,38,5,'dubbed','2017-05-25 19:49:57.531378','2017-05-25 19:50:29.266915',64,0.65,'D# ',121,'2017-05-25 19:53:18','2017-05-25 19:54:28'),(535,38,6,'dubbed','2017-05-25 19:50:29.266915','2017-05-25 19:50:45.134683',32,0.55,'Eb minor',121,'2017-05-25 19:53:21','2017-05-25 19:54:03'),(536,38,7,'dubbed','2017-05-25 19:50:45.134683','2017-05-25 19:51:16.870220',64,0.75,'G# ',121,'2017-05-25 19:53:24','2017-05-25 19:54:31'),(537,38,8,'dubbed','2017-05-25 19:51:16.870220','2017-05-25 19:51:32.737988',32,0.45,'Db minor',121,'2017-05-25 19:53:27','2017-05-25 19:54:11'),(538,38,9,'dubbed','2017-05-25 19:51:32.737988','2017-05-25 19:52:04.473525',64,0.65,'F# ',121,'2017-05-25 19:53:31','2017-05-25 19:54:34'),(539,38,10,'dubbed','2017-05-25 19:52:04.473525','2017-05-25 19:52:20.341293',32,0.45,'Gb minor',121,'2017-05-25 19:53:35','2017-05-25 19:54:18'),(540,38,11,'dubbed','2017-05-25 19:52:20.341293','2017-05-25 19:52:52.076830',64,0.65,'B ',121,'2017-05-25 19:53:40','2017-05-25 19:54:36'),(542,38,12,'dubbed','2017-05-25 19:52:52.076830','2017-05-25 19:53:07.944598',32,0.45,'B minor',121,'2017-05-25 19:53:51','2017-05-25 19:54:29');
/*!40000 ALTER TABLE `link` ENABLE KEYS */;
UNLOCK TABLES;

--
-- Table structure for table `link_chord`
--

DROP TABLE IF EXISTS `link_chord`;
/*!40101 SET @saved_cs_client     = @@character_set_client */;
/*!40101 SET character_set_client = utf8 */;
CREATE TABLE `link_chord` (
  `id` bigint(20) unsigned NOT NULL AUTO_INCREMENT,
  `link_id` bigint(20) unsigned NOT NULL,
  `name` varchar(255) NOT NULL,
  `position` float NOT NULL,
  `created_at` timestamp NULL DEFAULT CURRENT_TIMESTAMP,
  `updated_at` timestamp NULL DEFAULT CURRENT_TIMESTAMP ON UPDATE CURRENT_TIMESTAMP,
  PRIMARY KEY (`id`),
  UNIQUE KEY `id_UNIQUE` (`id`),
  KEY `chord_fk_link_idx` (`link_id`),
  CONSTRAINT `chord_fk_link` FOREIGN KEY (`link_id`) REFERENCES `link` (`id`) ON DELETE NO ACTION ON UPDATE NO ACTION
) ENGINE=InnoDB AUTO_INCREMENT=631 DEFAULT CHARSET=latin1;
/*!40101 SET character_set_client = @saved_cs_client */;

--
-- Dumping data for table `link_chord`
--

LOCK TABLES `link_chord` WRITE;
/*!40000 ALTER TABLE `link_chord` DISABLE KEYS */;
INSERT INTO `link_chord` VALUES (561,529,'G minor',0,'2017-05-25 19:53:08','2017-05-25 19:53:08'),(562,529,'Ab minor',8,'2017-05-25 19:53:08','2017-05-25 19:53:08'),(563,529,'A minor',16,'2017-05-25 19:53:08','2017-05-25 19:53:08'),(564,529,'Bb minor',24,'2017-05-25 19:53:08','2017-05-25 19:53:08'),(565,530,'C ',0,'2017-05-25 19:53:10','2017-05-25 19:53:10'),(566,530,'G ',16,'2017-05-25 19:53:10','2017-05-25 19:53:10'),(567,530,'Bb minor',24,'2017-05-25 19:53:10','2017-05-25 19:53:10'),(568,530,'C ',32,'2017-05-25 19:53:11','2017-05-25 19:53:11'),(569,530,'G ',48,'2017-05-25 19:53:11','2017-05-25 19:53:11'),(570,530,'Bb minor',56,'2017-05-25 19:53:11','2017-05-25 19:53:11'),(571,530,'G minor',60,'2017-05-25 19:53:11','2017-05-25 19:53:11'),(572,531,'F minor',0,'2017-05-25 19:53:13','2017-05-25 19:53:13'),(573,531,'Gb minor',8,'2017-05-25 19:53:13','2017-05-25 19:53:13'),(574,531,'G minor',16,'2017-05-25 19:53:13','2017-05-25 19:53:13'),(575,531,'Ab minor',24,'2017-05-25 19:53:13','2017-05-25 19:53:13'),(576,532,'A# ',0,'2017-05-25 19:53:15','2017-05-25 19:53:15'),(577,532,'F ',16,'2017-05-25 19:53:15','2017-05-25 19:53:15'),(578,532,'Ab minor',24,'2017-05-25 19:53:15','2017-05-25 19:53:15'),(579,532,'A# ',32,'2017-05-25 19:53:15','2017-05-25 19:53:15'),(580,532,'F ',48,'2017-05-25 19:53:15','2017-05-25 19:53:15'),(581,532,'Ab minor',56,'2017-05-25 19:53:15','2017-05-25 19:53:15'),(582,532,'F minor',60,'2017-05-25 19:53:15','2017-05-25 19:53:15'),(583,533,'Bb minor',0,'2017-05-25 19:53:17','2017-05-25 19:53:17'),(584,533,'B minor',8,'2017-05-25 19:53:17','2017-05-25 19:53:17'),(585,533,'C minor',16,'2017-05-25 19:53:17','2017-05-25 19:53:17'),(586,533,'Db minor',24,'2017-05-25 19:53:17','2017-05-25 19:53:17'),(587,534,'D# ',0,'2017-05-25 19:53:20','2017-05-25 19:53:20'),(588,534,'A# ',16,'2017-05-25 19:53:20','2017-05-25 19:53:20'),(589,534,'Db minor',24,'2017-05-25 19:53:20','2017-05-25 19:53:20'),(590,534,'D# ',32,'2017-05-25 19:53:20','2017-05-25 19:53:20'),(591,534,'A# ',48,'2017-05-25 19:53:20','2017-05-25 19:53:20'),(592,534,'Db minor',56,'2017-05-25 19:53:20','2017-05-25 19:53:20'),(593,534,'Bb minor',60,'2017-05-25 19:53:20','2017-05-25 19:53:20'),(594,535,'Eb minor',0,'2017-05-25 19:53:24','2017-05-25 19:53:24'),(595,535,'E minor',8,'2017-05-25 19:53:24','2017-05-25 19:53:24'),(596,535,'F minor',16,'2017-05-25 19:53:24','2017-05-25 19:53:24'),(597,535,'Gb minor',24,'2017-05-25 19:53:24','2017-05-25 19:53:24'),(598,536,'G# ',0,'2017-05-25 19:53:26','2017-05-25 19:53:26'),(599,536,'D# ',16,'2017-05-25 19:53:26','2017-05-25 19:53:26'),(600,536,'Gb minor',24,'2017-05-25 19:53:26','2017-05-25 19:53:26'),(601,536,'G# ',32,'2017-05-25 19:53:27','2017-05-25 19:53:27'),(602,536,'D# ',48,'2017-05-25 19:53:27','2017-05-25 19:53:27'),(603,536,'Gb minor',56,'2017-05-25 19:53:27','2017-05-25 19:53:27'),(604,536,'Eb minor',60,'2017-05-25 19:53:27','2017-05-25 19:53:27'),(605,537,'Db minor',0,'2017-05-25 19:53:30','2017-05-25 19:53:30'),(606,537,'D minor',8,'2017-05-25 19:53:30','2017-05-25 19:53:30'),(607,537,'Eb minor',16,'2017-05-25 19:53:30','2017-05-25 19:53:30'),(608,537,'E minor',24,'2017-05-25 19:53:30','2017-05-25 19:53:30'),(609,538,'F# ',0,'2017-05-25 19:53:33','2017-05-25 19:53:33'),(610,538,'C# ',16,'2017-05-25 19:53:34','2017-05-25 19:53:34'),(611,538,'E minor',24,'2017-05-25 19:53:34','2017-05-25 19:53:34'),(612,538,'F# ',32,'2017-05-25 19:53:34','2017-05-25 19:53:34'),(613,538,'C# ',48,'2017-05-25 19:53:34','2017-05-25 19:53:34'),(614,538,'E minor',56,'2017-05-25 19:53:34','2017-05-25 19:53:34'),(615,538,'Db minor',60,'2017-05-25 19:53:34','2017-05-25 19:53:34'),(616,539,'Gb minor',0,'2017-05-25 19:53:38','2017-05-25 19:53:38'),(617,539,'G minor',8,'2017-05-25 19:53:38','2017-05-25 19:53:38'),(618,539,'Ab minor',16,'2017-05-25 19:53:39','2017-05-25 19:53:39'),(619,539,'A minor',24,'2017-05-25 19:53:39','2017-05-25 19:53:39'),(620,540,'B ',0,'2017-05-25 19:53:43','2017-05-25 19:53:43'),(621,540,'F# ',16,'2017-05-25 19:53:43','2017-05-25 19:53:43'),(622,540,'A minor',24,'2017-05-25 19:53:43','2017-05-25 19:53:43'),(623,540,'B ',32,'2017-05-25 19:53:43','2017-05-25 19:53:43'),(624,540,'F# ',48,'2017-05-25 19:53:43','2017-05-25 19:53:43'),(625,540,'A minor',56,'2017-05-25 19:53:43','2017-05-25 19:53:43'),(626,540,'Gb minor',60,'2017-05-25 19:53:44','2017-05-25 19:53:44'),(627,542,'B minor',0,'2017-05-25 19:53:54','2017-05-25 19:53:54'),(628,542,'C minor',8,'2017-05-25 19:53:54','2017-05-25 19:53:54'),(629,542,'Db minor',16,'2017-05-25 19:53:54','2017-05-25 19:53:54'),(630,542,'D minor',24,'2017-05-25 19:53:54','2017-05-25 19:53:54');
/*!40000 ALTER TABLE `link_chord` ENABLE KEYS */;
UNLOCK TABLES;

--
-- Table structure for table `link_meme`
--

DROP TABLE IF EXISTS `link_meme`;
/*!40101 SET @saved_cs_client     = @@character_set_client */;
/*!40101 SET character_set_client = utf8 */;
CREATE TABLE `link_meme` (
  `id` bigint(20) unsigned NOT NULL AUTO_INCREMENT,
  `link_id` bigint(20) unsigned NOT NULL,
  `name` varchar(255) NOT NULL,
  `created_at` timestamp NULL DEFAULT CURRENT_TIMESTAMP,
  `updated_at` timestamp NULL DEFAULT CURRENT_TIMESTAMP ON UPDATE CURRENT_TIMESTAMP,
  PRIMARY KEY (`id`),
  UNIQUE KEY `id_UNIQUE` (`id`),
  KEY `meme_fk_link_idx` (`link_id`),
  CONSTRAINT `meme_fk_link` FOREIGN KEY (`link_id`) REFERENCES `link` (`id`) ON DELETE NO ACTION ON UPDATE NO ACTION
) ENGINE=InnoDB AUTO_INCREMENT=533 DEFAULT CHARSET=utf8;
/*!40101 SET character_set_client = @saved_cs_client */;

--
-- Dumping data for table `link_meme`
--

LOCK TABLES `link_meme` WRITE;
/*!40000 ALTER TABLE `link_meme` DISABLE KEYS */;
INSERT INTO `link_meme` VALUES (477,529,'Dark','2017-05-25 19:53:08','2017-05-25 19:53:08'),(478,529,'Cool','2017-05-25 19:53:08','2017-05-25 19:53:08'),(479,529,'Classic','2017-05-25 19:53:08','2017-05-25 19:53:08'),(480,529,'Deep','2017-05-25 19:53:08','2017-05-25 19:53:08'),(481,529,'Hot','2017-05-25 19:53:08','2017-05-25 19:53:08'),(482,530,'Dark','2017-05-25 19:53:10','2017-05-25 19:53:10'),(483,530,'Cool','2017-05-25 19:53:10','2017-05-25 19:53:10'),(484,530,'Classic','2017-05-25 19:53:10','2017-05-25 19:53:10'),(485,530,'Deep','2017-05-25 19:53:10','2017-05-25 19:53:10'),(486,530,'Hot','2017-05-25 19:53:10','2017-05-25 19:53:10'),(487,531,'Dark','2017-05-25 19:53:12','2017-05-25 19:53:12'),(488,531,'Cool','2017-05-25 19:53:13','2017-05-25 19:53:13'),(489,531,'Classic','2017-05-25 19:53:13','2017-05-25 19:53:13'),(490,531,'Deep','2017-05-25 19:53:13','2017-05-25 19:53:13'),(491,532,'Dark','2017-05-25 19:53:15','2017-05-25 19:53:15'),(492,532,'Cool','2017-05-25 19:53:15','2017-05-25 19:53:15'),(493,532,'Classic','2017-05-25 19:53:15','2017-05-25 19:53:15'),(494,532,'Deep','2017-05-25 19:53:15','2017-05-25 19:53:15'),(495,533,'Dark','2017-05-25 19:53:17','2017-05-25 19:53:17'),(496,533,'Cool','2017-05-25 19:53:17','2017-05-25 19:53:17'),(497,533,'Classic','2017-05-25 19:53:17','2017-05-25 19:53:17'),(498,533,'Deep','2017-05-25 19:53:17','2017-05-25 19:53:17'),(499,534,'Dark','2017-05-25 19:53:20','2017-05-25 19:53:20'),(500,534,'Cool','2017-05-25 19:53:20','2017-05-25 19:53:20'),(501,534,'Classic','2017-05-25 19:53:20','2017-05-25 19:53:20'),(502,534,'Deep','2017-05-25 19:53:20','2017-05-25 19:53:20'),(503,535,'Dark','2017-05-25 19:53:23','2017-05-25 19:53:23'),(504,535,'Cool','2017-05-25 19:53:23','2017-05-25 19:53:23'),(505,535,'Classic','2017-05-25 19:53:23','2017-05-25 19:53:23'),(506,535,'Deep','2017-05-25 19:53:23','2017-05-25 19:53:23'),(507,535,'Hot','2017-05-25 19:53:23','2017-05-25 19:53:23'),(508,536,'Dark','2017-05-25 19:53:26','2017-05-25 19:53:26'),(509,536,'Cool','2017-05-25 19:53:26','2017-05-25 19:53:26'),(510,536,'Classic','2017-05-25 19:53:26','2017-05-25 19:53:26'),(511,536,'Deep','2017-05-25 19:53:26','2017-05-25 19:53:26'),(512,536,'Hot','2017-05-25 19:53:26','2017-05-25 19:53:26'),(513,537,'Dark','2017-05-25 19:53:30','2017-05-25 19:53:30'),(514,537,'Cool','2017-05-25 19:53:30','2017-05-25 19:53:30'),(515,537,'Classic','2017-05-25 19:53:30','2017-05-25 19:53:30'),(516,537,'Deep','2017-05-25 19:53:30','2017-05-25 19:53:30'),(517,538,'Dark','2017-05-25 19:53:33','2017-05-25 19:53:33'),(518,538,'Cool','2017-05-25 19:53:33','2017-05-25 19:53:33'),(519,538,'Classic','2017-05-25 19:53:33','2017-05-25 19:53:33'),(520,538,'Deep','2017-05-25 19:53:33','2017-05-25 19:53:33'),(521,539,'Dark','2017-05-25 19:53:38','2017-05-25 19:53:38'),(522,539,'Cool','2017-05-25 19:53:38','2017-05-25 19:53:38'),(523,539,'Classic','2017-05-25 19:53:38','2017-05-25 19:53:38'),(524,539,'Deep','2017-05-25 19:53:38','2017-05-25 19:53:38'),(525,540,'Dark','2017-05-25 19:53:43','2017-05-25 19:53:43'),(526,540,'Cool','2017-05-25 19:53:43','2017-05-25 19:53:43'),(527,540,'Classic','2017-05-25 19:53:43','2017-05-25 19:53:43'),(528,540,'Deep','2017-05-25 19:53:43','2017-05-25 19:53:43'),(529,542,'Dark','2017-05-25 19:53:54','2017-05-25 19:53:54'),(530,542,'Cool','2017-05-25 19:53:54','2017-05-25 19:53:54'),(531,542,'Classic','2017-05-25 19:53:54','2017-05-25 19:53:54'),(532,542,'Deep','2017-05-25 19:53:54','2017-05-25 19:53:54');
/*!40000 ALTER TABLE `link_meme` ENABLE KEYS */;
UNLOCK TABLES;

--
-- Table structure for table `link_message`
--

DROP TABLE IF EXISTS `link_message`;
/*!40101 SET @saved_cs_client     = @@character_set_client */;
/*!40101 SET character_set_client = utf8 */;
CREATE TABLE `link_message` (
  `id` bigint(20) unsigned NOT NULL AUTO_INCREMENT,
  `link_id` bigint(20) unsigned NOT NULL,
  `type` varchar(255) NOT NULL,
  `body` text NOT NULL,
  `created_at` timestamp NULL DEFAULT CURRENT_TIMESTAMP,
  `updated_at` timestamp NULL DEFAULT CURRENT_TIMESTAMP ON UPDATE CURRENT_TIMESTAMP,
  PRIMARY KEY (`id`),
  UNIQUE KEY `id_UNIQUE` (`id`),
  KEY `message_fk_link_idx` (`link_id`),
  CONSTRAINT `message_fk_link` FOREIGN KEY (`link_id`) REFERENCES `link` (`id`) ON DELETE NO ACTION ON UPDATE NO ACTION
) ENGINE=InnoDB AUTO_INCREMENT=100 DEFAULT CHARSET=utf8;
/*!40101 SET character_set_client = @saved_cs_client */;

--
-- Dumping data for table `link_message`
--

LOCK TABLES `link_message` WRITE;
/*!40000 ALTER TABLE `link_message` DISABLE KEYS */;
INSERT INTO `link_message` VALUES (87,529,'info','mainChoice: (Idea) 9:0.217105\npercussiveChoice: (Instrument) 3:1.031123\nrhythmChoice: (Idea) 6:0.902639\nmacroChoice: (Idea) 7:0.090078, 8:0.047586\n','2017-05-25 19:53:25','2017-05-25 19:53:25'),(88,531,'info','mainChoice: (Idea) 9:-9.631329\npercussiveChoice: (Instrument) 3:-9.422706\nrhythmChoice: (Idea) 6:-9.327318\nmacroChoice: (Idea) 7:-0.037913, 8:-0.028779\n','2017-05-25 19:53:40','2017-05-25 19:53:40'),(89,533,'info','mainChoice: (Idea) 9:-9.821298\npercussiveChoice: (Instrument) 3:-9.243204\nrhythmChoice: (Idea) 6:-9.215092\nmacroChoice: (Idea) 7:-0.069796, 8:0.139451\n','2017-05-25 19:53:51','2017-05-25 19:53:51'),(90,535,'info','mainChoice: (Idea) 9:-9.790163\npercussiveChoice: (Instrument) 3:-9.081669\nrhythmChoice: (Idea) 6:-9.089266\nmacroChoice: (Idea) 7:0.089452, 8:0.016760\n','2017-05-25 19:54:02','2017-05-25 19:54:02'),(91,537,'info','mainChoice: (Idea) 9:-9.738360\npercussiveChoice: (Instrument) 3:-9.375547\nrhythmChoice: (Idea) 6:-9.160453\nmacroChoice: (Idea) 7:-0.078123, 8:0.000200\n','2017-05-25 19:54:10','2017-05-25 19:54:10'),(92,530,'info','percussiveChoice: (Instrument) 3:-8.941705\n','2017-05-25 19:54:11','2017-05-25 19:54:11'),(93,539,'info','mainChoice: (Idea) 9:-9.681791\npercussiveChoice: (Instrument) 3:-9.157867\nrhythmChoice: (Idea) 6:-9.255317\nmacroChoice: (Idea) 7:0.006663, 8:0.065171\n','2017-05-25 19:54:17','2017-05-25 19:54:17'),(94,532,'info','percussiveChoice: (Instrument) 3:-9.189211\n','2017-05-25 19:54:22','2017-05-25 19:54:22'),(95,542,'info','mainChoice: (Idea) 9:-9.866684\npercussiveChoice: (Instrument) 3:-9.210029\nrhythmChoice: (Idea) 6:-9.318670\nmacroChoice: (Idea) 7:-0.017862, 8:0.033721\n','2017-05-25 19:54:27','2017-05-25 19:54:27'),(96,534,'info','percussiveChoice: (Instrument) 3:-9.218648\n','2017-05-25 19:54:27','2017-05-25 19:54:27'),(97,536,'info','percussiveChoice: (Instrument) 3:-9.100021\n','2017-05-25 19:54:30','2017-05-25 19:54:30'),(98,538,'info','percussiveChoice: (Instrument) 3:-9.332327\n','2017-05-25 19:54:33','2017-05-25 19:54:33'),(99,540,'info','percussiveChoice: (Instrument) 3:-9.293447\n','2017-05-25 19:54:35','2017-05-25 19:54:35');
/*!40000 ALTER TABLE `link_message` ENABLE KEYS */;
UNLOCK TABLES;

--
-- Table structure for table `morph`
--

DROP TABLE IF EXISTS `morph`;
/*!40101 SET @saved_cs_client     = @@character_set_client */;
/*!40101 SET character_set_client = utf8 */;
CREATE TABLE `morph` (
  `id` bigint(20) unsigned NOT NULL AUTO_INCREMENT,
  `arrangement_id` bigint(20) unsigned NOT NULL,
  `position` float unsigned NOT NULL,
  `note` varchar(63) NOT NULL,
  `duration` float unsigned NOT NULL,
  `created_at` timestamp NULL DEFAULT CURRENT_TIMESTAMP,
  `updated_at` timestamp NULL DEFAULT CURRENT_TIMESTAMP ON UPDATE CURRENT_TIMESTAMP,
  PRIMARY KEY (`id`),
  UNIQUE KEY `id_UNIQUE` (`id`),
  KEY `morph_fk_arrangement_idx` (`arrangement_id`),
  CONSTRAINT `morph_fk_arrangement` FOREIGN KEY (`arrangement_id`) REFERENCES `arrangement` (`id`) ON DELETE NO ACTION ON UPDATE NO ACTION
) ENGINE=InnoDB AUTO_INCREMENT=4941 DEFAULT CHARSET=latin1;
/*!40101 SET character_set_client = @saved_cs_client */;

--
-- Dumping data for table `morph`
--

LOCK TABLES `morph` WRITE;
/*!40000 ALTER TABLE `morph` DISABLE KEYS */;
INSERT INTO `morph` VALUES (2471,14,0,'G1',1,'2017-05-25 19:53:09','2017-05-25 19:53:09'),(2472,14,0,'G1',4,'2017-05-25 19:53:09','2017-05-25 19:53:09'),(2473,14,0.25,'Bb1',0.25,'2017-05-25 19:53:09','2017-05-25 19:53:09'),(2474,14,0.5,'Bb1',0.5,'2017-05-25 19:53:09','2017-05-25 19:53:09'),(2475,14,1,'G1',1,'2017-05-25 19:53:09','2017-05-25 19:53:09'),(2476,14,1,'D2',1,'2017-05-25 19:53:09','2017-05-25 19:53:09'),(2477,14,1.5,'Bb1',0.5,'2017-05-25 19:53:09','2017-05-25 19:53:09'),(2478,14,1.75,'G1',0.25,'2017-05-25 19:53:09','2017-05-25 19:53:09'),(2479,14,2,'G1',1,'2017-05-25 19:53:09','2017-05-25 19:53:09'),(2480,14,2.25,'Bb1',0.25,'2017-05-25 19:53:09','2017-05-25 19:53:09'),(2481,14,2.5,'Bb1',0.5,'2017-05-25 19:53:09','2017-05-25 19:53:09'),(2482,14,2.75,'G1',0.25,'2017-05-25 19:53:09','2017-05-25 19:53:09'),(2483,14,3,'G1',1,'2017-05-25 19:53:10','2017-05-25 19:53:10'),(2484,14,3,'D2',1,'2017-05-25 19:53:10','2017-05-25 19:53:10'),(2485,14,3.25,'Bb1',0.25,'2017-05-25 19:53:10','2017-05-25 19:53:10'),(2486,14,3.5,'Bb1',0.5,'2017-05-25 19:53:10','2017-05-25 19:53:10'),(2487,14,4,'G1',1,'2017-05-25 19:53:10','2017-05-25 19:53:10'),(2488,14,4.5,'Bb1',0.5,'2017-05-25 19:53:10','2017-05-25 19:53:10'),(2489,14,4.75,'G1',0.25,'2017-05-25 19:53:10','2017-05-25 19:53:10'),(2490,14,5,'G1',1,'2017-05-25 19:53:10','2017-05-25 19:53:10'),(2491,14,5,'D2',1,'2017-05-25 19:53:10','2017-05-25 19:53:10'),(2492,14,5.25,'Bb1',0.25,'2017-05-25 19:53:10','2017-05-25 19:53:10'),(2493,14,5.5,'Bb1',0.5,'2017-05-25 19:53:10','2017-05-25 19:53:10'),(2494,14,6,'G1',1,'2017-05-25 19:53:10','2017-05-25 19:53:10'),(2495,14,6.25,'Bb1',0.25,'2017-05-25 19:53:10','2017-05-25 19:53:10'),(2496,14,6.5,'Bb1',0.5,'2017-05-25 19:53:10','2017-05-25 19:53:10'),(2497,14,6.75,'G1',0.25,'2017-05-25 19:53:11','2017-05-25 19:53:11'),(2498,14,7,'G1',1,'2017-05-25 19:53:11','2017-05-25 19:53:11'),(2499,14,7,'D2',1,'2017-05-25 19:53:11','2017-05-25 19:53:11'),(2500,14,7.25,'Bb1',0.25,'2017-05-25 19:53:11','2017-05-25 19:53:11'),(2501,14,7.5,'Bb1',0.5,'2017-05-25 19:53:11','2017-05-25 19:53:11'),(2502,15,0,'C2',1,'2017-05-25 19:53:11','2017-05-25 19:53:11'),(2503,14,8,'G1',1,'2017-05-25 19:53:11','2017-05-25 19:53:11'),(2504,15,0,'C2',4,'2017-05-25 19:53:11','2017-05-25 19:53:11'),(2505,14,8.25,'Ab1',0.25,'2017-05-25 19:53:11','2017-05-25 19:53:11'),(2506,15,0.25,'C2',0.25,'2017-05-25 19:53:11','2017-05-25 19:53:11'),(2507,14,8.5,'B1',0.5,'2017-05-25 19:53:11','2017-05-25 19:53:11'),(2508,15,0.5,'E2',0.5,'2017-05-25 19:53:11','2017-05-25 19:53:11'),(2509,14,8.75,'Ab1',0.25,'2017-05-25 19:53:11','2017-05-25 19:53:11'),(2510,15,1,'C2',1,'2017-05-25 19:53:11','2017-05-25 19:53:11'),(2511,14,9,'Ab1',1,'2017-05-25 19:53:11','2017-05-25 19:53:11'),(2512,15,1,'G2',1,'2017-05-25 19:53:11','2017-05-25 19:53:11'),(2513,14,9,'Eb2',1,'2017-05-25 19:53:11','2017-05-25 19:53:11'),(2514,15,1.5,'E2',0.5,'2017-05-25 19:53:11','2017-05-25 19:53:11'),(2515,14,9.25,'Ab1',0.25,'2017-05-25 19:53:11','2017-05-25 19:53:11'),(2516,15,1.75,'C1',0.25,'2017-05-25 19:53:12','2017-05-25 19:53:12'),(2517,14,9.5,'B1',0.5,'2017-05-25 19:53:12','2017-05-25 19:53:12'),(2518,15,2,'C2',1,'2017-05-25 19:53:12','2017-05-25 19:53:12'),(2519,14,10,'Ab1',1,'2017-05-25 19:53:12','2017-05-25 19:53:12'),(2520,15,2.25,'C2',0.25,'2017-05-25 19:53:12','2017-05-25 19:53:12'),(2521,14,10.25,'Ab1',0.25,'2017-05-25 19:53:12','2017-05-25 19:53:12'),(2522,15,2.5,'E2',0.5,'2017-05-25 19:53:12','2017-05-25 19:53:12'),(2523,14,10.5,'B1',0.5,'2017-05-25 19:53:12','2017-05-25 19:53:12'),(2524,15,2.75,'C1',0.25,'2017-05-25 19:53:12','2017-05-25 19:53:12'),(2525,14,10.75,'Ab1',0.25,'2017-05-25 19:53:12','2017-05-25 19:53:12'),(2526,15,3,'C2',1,'2017-05-25 19:53:12','2017-05-25 19:53:12'),(2527,14,11,'Ab1',1,'2017-05-25 19:53:12','2017-05-25 19:53:12'),(2528,15,3,'G2',1,'2017-05-25 19:53:12','2017-05-25 19:53:12'),(2529,14,11,'Eb2',1,'2017-05-25 19:53:12','2017-05-25 19:53:12'),(2530,14,11.25,'Ab1',0.25,'2017-05-25 19:53:12','2017-05-25 19:53:12'),(2531,15,3.25,'C2',0.25,'2017-05-25 19:53:12','2017-05-25 19:53:12'),(2532,14,11.5,'B1',0.5,'2017-05-25 19:53:12','2017-05-25 19:53:12'),(2533,15,3.5,'E2',0.5,'2017-05-25 19:53:12','2017-05-25 19:53:12'),(2534,14,12,'Ab1',1,'2017-05-25 19:53:12','2017-05-25 19:53:12'),(2535,15,4,'C2',1,'2017-05-25 19:53:12','2017-05-25 19:53:12'),(2536,14,12.25,'Ab1',0.25,'2017-05-25 19:53:12','2017-05-25 19:53:12'),(2537,15,4.5,'E2',0.5,'2017-05-25 19:53:12','2017-05-25 19:53:12'),(2538,14,12.5,'B1',0.5,'2017-05-25 19:53:12','2017-05-25 19:53:12'),(2539,15,4.75,'C1',0.25,'2017-05-25 19:53:12','2017-05-25 19:53:12'),(2540,14,12.75,'Ab1',0.25,'2017-05-25 19:53:12','2017-05-25 19:53:12'),(2541,15,5,'C2',1,'2017-05-25 19:53:12','2017-05-25 19:53:12'),(2542,14,13,'Ab1',1,'2017-05-25 19:53:13','2017-05-25 19:53:13'),(2543,15,5,'G2',1,'2017-05-25 19:53:13','2017-05-25 19:53:13'),(2544,14,13,'Eb2',1,'2017-05-25 19:53:13','2017-05-25 19:53:13'),(2545,15,5.25,'C2',0.25,'2017-05-25 19:53:13','2017-05-25 19:53:13'),(2546,14,13.25,'Ab1',0.25,'2017-05-25 19:53:13','2017-05-25 19:53:13'),(2547,15,5.5,'E2',0.5,'2017-05-25 19:53:13','2017-05-25 19:53:13'),(2548,14,13.5,'B1',0.5,'2017-05-25 19:53:13','2017-05-25 19:53:13'),(2549,15,6,'C2',1,'2017-05-25 19:53:13','2017-05-25 19:53:13'),(2550,14,14,'Ab1',1,'2017-05-25 19:53:13','2017-05-25 19:53:13'),(2551,15,6.25,'C2',0.25,'2017-05-25 19:53:13','2017-05-25 19:53:13'),(2552,15,6.5,'E2',0.5,'2017-05-25 19:53:13','2017-05-25 19:53:13'),(2553,14,14.25,'Ab1',0.25,'2017-05-25 19:53:13','2017-05-25 19:53:13'),(2554,14,14.5,'B1',0.5,'2017-05-25 19:53:13','2017-05-25 19:53:13'),(2555,15,6.75,'C1',0.25,'2017-05-25 19:53:13','2017-05-25 19:53:13'),(2556,16,0,'F2',1,'2017-05-25 19:53:13','2017-05-25 19:53:13'),(2557,15,7,'C2',1,'2017-05-25 19:53:13','2017-05-25 19:53:13'),(2558,14,14.5,'Eb5',0.5,'2017-05-25 19:53:13','2017-05-25 19:53:13'),(2559,16,0,'F2',4,'2017-05-25 19:53:13','2017-05-25 19:53:13'),(2560,14,14.75,'Ab1',0.25,'2017-05-25 19:53:13','2017-05-25 19:53:13'),(2561,15,7,'G2',1,'2017-05-25 19:53:13','2017-05-25 19:53:13'),(2562,16,0.25,'Ab2',0.25,'2017-05-25 19:53:13','2017-05-25 19:53:13'),(2563,14,15,'Ab1',1,'2017-05-25 19:53:13','2017-05-25 19:53:13'),(2564,15,7.25,'C2',0.25,'2017-05-25 19:53:13','2017-05-25 19:53:13'),(2565,16,0.5,'Ab2',0.5,'2017-05-25 19:53:14','2017-05-25 19:53:14'),(2566,14,15,'Eb2',1,'2017-05-25 19:53:14','2017-05-25 19:53:14'),(2567,15,7.5,'E2',0.5,'2017-05-25 19:53:14','2017-05-25 19:53:14'),(2568,16,1,'F2',1,'2017-05-25 19:53:14','2017-05-25 19:53:14'),(2569,15,8,'C2',1,'2017-05-25 19:53:14','2017-05-25 19:53:14'),(2570,14,15,'Eb4',0.5,'2017-05-25 19:53:14','2017-05-25 19:53:14'),(2571,16,1,'C3',1,'2017-05-25 19:53:14','2017-05-25 19:53:14'),(2572,15,8.25,'C2',0.25,'2017-05-25 19:53:14','2017-05-25 19:53:14'),(2573,14,15.25,'Ab1',0.25,'2017-05-25 19:53:14','2017-05-25 19:53:14'),(2574,16,1.5,'Ab2',0.5,'2017-05-25 19:53:14','2017-05-25 19:53:14'),(2575,14,15.5,'B1',0.5,'2017-05-25 19:53:14','2017-05-25 19:53:14'),(2576,15,8.5,'E2',0.5,'2017-05-25 19:53:14','2017-05-25 19:53:14'),(2577,16,1.75,'F2',0.25,'2017-05-25 19:53:14','2017-05-25 19:53:14'),(2578,14,16,'Ab1',1,'2017-05-25 19:53:14','2017-05-25 19:53:14'),(2579,15,8.75,'C1',0.25,'2017-05-25 19:53:14','2017-05-25 19:53:14'),(2580,16,2,'F2',1,'2017-05-25 19:53:14','2017-05-25 19:53:14'),(2581,15,9,'C2',1,'2017-05-25 19:53:14','2017-05-25 19:53:14'),(2582,14,16.25,'A1',0.25,'2017-05-25 19:53:14','2017-05-25 19:53:14'),(2583,16,2.25,'Ab2',0.25,'2017-05-25 19:53:14','2017-05-25 19:53:14'),(2584,15,9,'G2',1,'2017-05-25 19:53:14','2017-05-25 19:53:14'),(2585,14,16.5,'C1',0.5,'2017-05-25 19:53:14','2017-05-25 19:53:14'),(2586,16,2.5,'Ab2',0.5,'2017-05-25 19:53:14','2017-05-25 19:53:14'),(2587,14,16.75,'E1',0.25,'2017-05-25 19:53:14','2017-05-25 19:53:14'),(2588,15,9.25,'C2',0.25,'2017-05-25 19:53:14','2017-05-25 19:53:14'),(2589,16,2.75,'F2',0.25,'2017-05-25 19:53:14','2017-05-25 19:53:14'),(2590,14,17,'A1',1,'2017-05-25 19:53:14','2017-05-25 19:53:14'),(2591,15,9.5,'E2',0.5,'2017-05-25 19:53:14','2017-05-25 19:53:14'),(2592,16,3,'F2',1,'2017-05-25 19:53:14','2017-05-25 19:53:14'),(2593,15,10,'C2',1,'2017-05-25 19:53:14','2017-05-25 19:53:14'),(2594,14,17,'C2',1,'2017-05-25 19:53:14','2017-05-25 19:53:14'),(2595,16,3,'C3',1,'2017-05-25 19:53:15','2017-05-25 19:53:15'),(2596,14,17.25,'A1',0.25,'2017-05-25 19:53:15','2017-05-25 19:53:15'),(2597,15,10.25,'C2',0.25,'2017-05-25 19:53:15','2017-05-25 19:53:15'),(2598,16,3.25,'Ab2',0.25,'2017-05-25 19:53:15','2017-05-25 19:53:15'),(2599,14,17.5,'C1',0.5,'2017-05-25 19:53:15','2017-05-25 19:53:15'),(2600,15,10.5,'E2',0.5,'2017-05-25 19:53:15','2017-05-25 19:53:15'),(2601,16,3.5,'Ab2',0.5,'2017-05-25 19:53:15','2017-05-25 19:53:15'),(2602,14,18,'A1',1,'2017-05-25 19:53:15','2017-05-25 19:53:15'),(2603,15,10.75,'C1',0.25,'2017-05-25 19:53:15','2017-05-25 19:53:15'),(2604,16,4,'F2',1,'2017-05-25 19:53:15','2017-05-25 19:53:15'),(2605,14,18.25,'A1',0.25,'2017-05-25 19:53:15','2017-05-25 19:53:15'),(2606,15,11,'C2',1,'2017-05-25 19:53:15','2017-05-25 19:53:15'),(2607,16,4.5,'Ab2',0.5,'2017-05-25 19:53:15','2017-05-25 19:53:15'),(2608,14,18.5,'C1',0.5,'2017-05-25 19:53:15','2017-05-25 19:53:15'),(2609,15,11,'G2',1,'2017-05-25 19:53:15','2017-05-25 19:53:15'),(2610,16,4.75,'F2',0.25,'2017-05-25 19:53:15','2017-05-25 19:53:15'),(2611,14,18.75,'E1',0.25,'2017-05-25 19:53:15','2017-05-25 19:53:15'),(2612,15,11.25,'C2',0.25,'2017-05-25 19:53:15','2017-05-25 19:53:15'),(2613,16,5,'F2',1,'2017-05-25 19:53:15','2017-05-25 19:53:15'),(2614,14,19,'A1',1,'2017-05-25 19:53:15','2017-05-25 19:53:15'),(2615,15,11.5,'E2',0.5,'2017-05-25 19:53:15','2017-05-25 19:53:15'),(2616,16,5,'C3',1,'2017-05-25 19:53:15','2017-05-25 19:53:15'),(2617,14,19,'C2',1,'2017-05-25 19:53:15','2017-05-25 19:53:15'),(2618,15,12,'C2',1,'2017-05-25 19:53:15','2017-05-25 19:53:15'),(2619,17,0,'A#1',1,'2017-05-25 19:53:15','2017-05-25 19:53:15'),(2620,16,5.25,'Ab2',0.25,'2017-05-25 19:53:15','2017-05-25 19:53:15'),(2621,15,12.25,'C2',0.25,'2017-05-25 19:53:16','2017-05-25 19:53:16'),(2622,14,19.25,'A1',0.25,'2017-05-25 19:53:16','2017-05-25 19:53:16'),(2623,16,5.5,'Ab2',0.5,'2017-05-25 19:53:16','2017-05-25 19:53:16'),(2624,17,0,'A#1',4,'2017-05-25 19:53:16','2017-05-25 19:53:16'),(2625,14,19.5,'C1',0.5,'2017-05-25 19:53:16','2017-05-25 19:53:16'),(2626,15,12.5,'E2',0.5,'2017-05-25 19:53:16','2017-05-25 19:53:16'),(2627,16,6,'F2',1,'2017-05-25 19:53:16','2017-05-25 19:53:16'),(2628,17,0.25,'A#2',0.25,'2017-05-25 19:53:16','2017-05-25 19:53:16'),(2629,14,20,'A1',1,'2017-05-25 19:53:16','2017-05-25 19:53:16'),(2630,15,12.75,'C1',0.25,'2017-05-25 19:53:16','2017-05-25 19:53:16'),(2631,16,6.25,'Ab2',0.25,'2017-05-25 19:53:16','2017-05-25 19:53:16'),(2632,17,0.5,'D2',0.5,'2017-05-25 19:53:16','2017-05-25 19:53:16'),(2633,14,20.25,'A1',0.25,'2017-05-25 19:53:16','2017-05-25 19:53:16'),(2634,15,13,'C2',1,'2017-05-25 19:53:16','2017-05-25 19:53:16'),(2635,16,6.5,'Ab2',0.5,'2017-05-25 19:53:16','2017-05-25 19:53:16'),(2636,17,1,'A#1',1,'2017-05-25 19:53:16','2017-05-25 19:53:16'),(2637,14,20.5,'C1',0.5,'2017-05-25 19:53:16','2017-05-25 19:53:16'),(2638,15,13,'G2',1,'2017-05-25 19:53:16','2017-05-25 19:53:16'),(2639,16,6.75,'F2',0.25,'2017-05-25 19:53:16','2017-05-25 19:53:16'),(2640,17,1,'F2',1,'2017-05-25 19:53:16','2017-05-25 19:53:16'),(2641,14,20.75,'E1',0.25,'2017-05-25 19:53:16','2017-05-25 19:53:16'),(2642,15,13.25,'C2',0.25,'2017-05-25 19:53:16','2017-05-25 19:53:16'),(2643,17,1.5,'D2',0.5,'2017-05-25 19:53:17','2017-05-25 19:53:17'),(2644,16,7,'F2',1,'2017-05-25 19:53:17','2017-05-25 19:53:17'),(2645,14,21,'A1',1,'2017-05-25 19:53:17','2017-05-25 19:53:17'),(2646,15,13.5,'E2',0.5,'2017-05-25 19:53:17','2017-05-25 19:53:17'),(2647,16,7,'C3',1,'2017-05-25 19:53:17','2017-05-25 19:53:17'),(2648,17,1.75,'A#1',0.25,'2017-05-25 19:53:17','2017-05-25 19:53:17'),(2649,14,21,'C2',1,'2017-05-25 19:53:17','2017-05-25 19:53:17'),(2650,15,14,'C2',1,'2017-05-25 19:53:17','2017-05-25 19:53:17'),(2651,16,7.25,'Ab2',0.25,'2017-05-25 19:53:17','2017-05-25 19:53:17'),(2652,17,2,'A#1',1,'2017-05-25 19:53:17','2017-05-25 19:53:17'),(2653,14,21.25,'A1',0.25,'2017-05-25 19:53:17','2017-05-25 19:53:17'),(2654,15,14.25,'C2',0.25,'2017-05-25 19:53:17','2017-05-25 19:53:17'),(2655,17,2.25,'A#2',0.25,'2017-05-25 19:53:17','2017-05-25 19:53:17'),(2656,16,7.5,'Ab2',0.5,'2017-05-25 19:53:17','2017-05-25 19:53:17'),(2657,14,21.5,'C1',0.5,'2017-05-25 19:53:17','2017-05-25 19:53:17'),(2658,15,14.5,'E2',0.5,'2017-05-25 19:53:17','2017-05-25 19:53:17'),(2659,17,2.5,'D2',0.5,'2017-05-25 19:53:17','2017-05-25 19:53:17'),(2660,16,8,'F2',1,'2017-05-25 19:53:17','2017-05-25 19:53:17'),(2661,14,22,'A1',1,'2017-05-25 19:53:17','2017-05-25 19:53:17'),(2662,15,14.5,'G5',0.5,'2017-05-25 19:53:17','2017-05-25 19:53:17'),(2663,16,8.25,'Gb2',0.25,'2017-05-25 19:53:17','2017-05-25 19:53:17'),(2664,17,2.75,'A#1',0.25,'2017-05-25 19:53:17','2017-05-25 19:53:17'),(2665,14,22.25,'A1',0.25,'2017-05-25 19:53:17','2017-05-25 19:53:17'),(2666,15,14.75,'C1',0.25,'2017-05-25 19:53:17','2017-05-25 19:53:17'),(2667,16,8.5,'A2',0.5,'2017-05-25 19:53:18','2017-05-25 19:53:18'),(2668,17,3,'A#1',1,'2017-05-25 19:53:18','2017-05-25 19:53:18'),(2669,14,22.5,'C1',0.5,'2017-05-25 19:53:18','2017-05-25 19:53:18'),(2670,15,15,'C2',1,'2017-05-25 19:53:18','2017-05-25 19:53:18'),(2671,16,8.75,'Gb2',0.25,'2017-05-25 19:53:18','2017-05-25 19:53:18'),(2672,17,3,'F2',1,'2017-05-25 19:53:18','2017-05-25 19:53:18'),(2673,14,22.75,'E1',0.25,'2017-05-25 19:53:18','2017-05-25 19:53:18'),(2674,15,15,'G2',1,'2017-05-25 19:53:18','2017-05-25 19:53:18'),(2675,16,9,'Gb2',1,'2017-05-25 19:53:18','2017-05-25 19:53:18'),(2676,17,3.25,'A#2',0.25,'2017-05-25 19:53:18','2017-05-25 19:53:18'),(2677,14,23,'A1',1,'2017-05-25 19:53:18','2017-05-25 19:53:18'),(2678,15,15,'G4',0.5,'2017-05-25 19:53:18','2017-05-25 19:53:18'),(2679,17,3.5,'D2',0.5,'2017-05-25 19:53:18','2017-05-25 19:53:18'),(2680,16,9,'Db3',1,'2017-05-25 19:53:18','2017-05-25 19:53:18'),(2681,14,23,'C2',1,'2017-05-25 19:53:18','2017-05-25 19:53:18'),(2682,15,15.25,'C2',0.25,'2017-05-25 19:53:18','2017-05-25 19:53:18'),(2683,16,9.25,'Gb2',0.25,'2017-05-25 19:53:18','2017-05-25 19:53:18'),(2684,17,4,'A#1',1,'2017-05-25 19:53:18','2017-05-25 19:53:18'),(2685,18,0,'Bb1',1,'2017-05-25 19:53:18','2017-05-25 19:53:18'),(2686,14,23.25,'A1',0.25,'2017-05-25 19:53:18','2017-05-25 19:53:18'),(2687,15,15.5,'E2',0.5,'2017-05-25 19:53:18','2017-05-25 19:53:18'),(2688,16,9.5,'A2',0.5,'2017-05-25 19:53:18','2017-05-25 19:53:18'),(2689,18,0,'Bb1',4,'2017-05-25 19:53:18','2017-05-25 19:53:18'),(2690,17,4.5,'D2',0.5,'2017-05-25 19:53:18','2017-05-25 19:53:18'),(2691,14,23.5,'C1',0.5,'2017-05-25 19:53:18','2017-05-25 19:53:18'),(2692,15,16,'C2',1,'2017-05-25 19:53:18','2017-05-25 19:53:18'),(2693,16,10,'Gb2',1,'2017-05-25 19:53:19','2017-05-25 19:53:19'),(2694,17,4.75,'A#1',0.25,'2017-05-25 19:53:19','2017-05-25 19:53:19'),(2695,18,0.25,'Db2',0.25,'2017-05-25 19:53:19','2017-05-25 19:53:19'),(2696,14,24,'A1',1,'2017-05-25 19:53:19','2017-05-25 19:53:19'),(2697,15,16.25,'D2',0.25,'2017-05-25 19:53:19','2017-05-25 19:53:19'),(2698,16,10.25,'Gb2',0.25,'2017-05-25 19:53:19','2017-05-25 19:53:19'),(2699,17,5,'A#1',1,'2017-05-25 19:53:19','2017-05-25 19:53:19'),(2700,18,0.5,'Db2',0.5,'2017-05-25 19:53:19','2017-05-25 19:53:19'),(2701,14,24.25,'Bb1',0.25,'2017-05-25 19:53:19','2017-05-25 19:53:19'),(2702,15,16.5,'D2',0.5,'2017-05-25 19:53:19','2017-05-25 19:53:19'),(2703,16,10.5,'A2',0.5,'2017-05-25 19:53:19','2017-05-25 19:53:19'),(2704,18,1,'Bb1',1,'2017-05-25 19:53:19','2017-05-25 19:53:19'),(2705,17,5,'F2',1,'2017-05-25 19:53:19','2017-05-25 19:53:19'),(2706,14,24.5,'Bb1',0.5,'2017-05-25 19:53:19','2017-05-25 19:53:19'),(2707,15,16.75,'B1',0.25,'2017-05-25 19:53:19','2017-05-25 19:53:19'),(2708,16,10.75,'Gb2',0.25,'2017-05-25 19:53:19','2017-05-25 19:53:19'),(2709,18,1,'F2',1,'2017-05-25 19:53:19','2017-05-25 19:53:19'),(2710,17,5.25,'A#2',0.25,'2017-05-25 19:53:19','2017-05-25 19:53:19'),(2711,14,24.75,'F1',0.25,'2017-05-25 19:53:19','2017-05-25 19:53:19'),(2712,15,17,'B2',1,'2017-05-25 19:53:19','2017-05-25 19:53:19'),(2713,16,11,'Gb2',1,'2017-05-25 19:53:19','2017-05-25 19:53:19'),(2714,17,5.5,'D2',0.5,'2017-05-25 19:53:19','2017-05-25 19:53:19'),(2715,18,1.5,'Db2',0.5,'2017-05-25 19:53:19','2017-05-25 19:53:19'),(2716,15,17,'G2',1,'2017-05-25 19:53:19','2017-05-25 19:53:19'),(2717,14,25,'F1',1,'2017-05-25 19:53:19','2017-05-25 19:53:19'),(2718,17,6,'A#1',1,'2017-05-25 19:53:19','2017-05-25 19:53:19'),(2719,16,11,'Db3',1,'2017-05-25 19:53:19','2017-05-25 19:53:19'),(2720,18,1.75,'Bb1',0.25,'2017-05-25 19:53:19','2017-05-25 19:53:19'),(2721,14,25,'Db2',1,'2017-05-25 19:53:19','2017-05-25 19:53:19'),(2722,15,17.25,'D2',0.25,'2017-05-25 19:53:19','2017-05-25 19:53:19'),(2723,17,6.25,'A#2',0.25,'2017-05-25 19:53:19','2017-05-25 19:53:19'),(2724,16,11.25,'Gb2',0.25,'2017-05-25 19:53:19','2017-05-25 19:53:19'),(2725,18,2,'Bb1',1,'2017-05-25 19:53:19','2017-05-25 19:53:19'),(2726,14,25.25,'Bb1',0.25,'2017-05-25 19:53:20','2017-05-25 19:53:20'),(2727,15,17.5,'D2',0.5,'2017-05-25 19:53:20','2017-05-25 19:53:20'),(2728,18,2.25,'Db2',0.25,'2017-05-25 19:53:20','2017-05-25 19:53:20'),(2729,17,6.5,'D2',0.5,'2017-05-25 19:53:20','2017-05-25 19:53:20'),(2730,16,11.5,'A2',0.5,'2017-05-25 19:53:20','2017-05-25 19:53:20'),(2731,15,18,'B2',1,'2017-05-25 19:53:20','2017-05-25 19:53:20'),(2732,14,25.5,'Bb1',0.5,'2017-05-25 19:53:20','2017-05-25 19:53:20'),(2733,18,2.5,'Db2',0.5,'2017-05-25 19:53:20','2017-05-25 19:53:20'),(2734,17,6.75,'A#1',0.25,'2017-05-25 19:53:20','2017-05-25 19:53:20'),(2735,16,12,'Gb2',1,'2017-05-25 19:53:20','2017-05-25 19:53:20'),(2736,15,18.25,'D2',0.25,'2017-05-25 19:53:20','2017-05-25 19:53:20'),(2737,14,26,'F1',1,'2017-05-25 19:53:20','2017-05-25 19:53:20'),(2738,18,2.75,'Bb1',0.25,'2017-05-25 19:53:20','2017-05-25 19:53:20'),(2739,17,7,'A#1',1,'2017-05-25 19:53:20','2017-05-25 19:53:20'),(2740,16,12.25,'Gb2',0.25,'2017-05-25 19:53:20','2017-05-25 19:53:20'),(2741,14,26.25,'Bb1',0.25,'2017-05-25 19:53:20','2017-05-25 19:53:20'),(2742,15,18.5,'D2',0.5,'2017-05-25 19:53:20','2017-05-25 19:53:20'),(2743,18,3,'Bb1',1,'2017-05-25 19:53:20','2017-05-25 19:53:20'),(2744,16,12.5,'A2',0.5,'2017-05-25 19:53:20','2017-05-25 19:53:20'),(2745,17,7,'F2',1,'2017-05-25 19:53:20','2017-05-25 19:53:20'),(2746,15,18.75,'B1',0.25,'2017-05-25 19:53:20','2017-05-25 19:53:20'),(2747,14,26.5,'Bb1',0.5,'2017-05-25 19:53:20','2017-05-25 19:53:20'),(2748,18,3,'F2',1,'2017-05-25 19:53:20','2017-05-25 19:53:20'),(2749,17,7.25,'A#2',0.25,'2017-05-25 19:53:20','2017-05-25 19:53:20'),(2750,16,12.75,'Gb2',0.25,'2017-05-25 19:53:20','2017-05-25 19:53:20'),(2751,14,26.75,'F1',0.25,'2017-05-25 19:53:20','2017-05-25 19:53:20'),(2752,15,19,'B2',1,'2017-05-25 19:53:20','2017-05-25 19:53:20'),(2753,16,13,'Gb2',1,'2017-05-25 19:53:21','2017-05-25 19:53:21'),(2754,18,3.25,'Db2',0.25,'2017-05-25 19:53:21','2017-05-25 19:53:21'),(2755,17,7.5,'D2',0.5,'2017-05-25 19:53:21','2017-05-25 19:53:21'),(2756,14,27,'F1',1,'2017-05-25 19:53:21','2017-05-25 19:53:21'),(2757,15,19,'G2',1,'2017-05-25 19:53:21','2017-05-25 19:53:21'),(2758,18,3.5,'Db2',0.5,'2017-05-25 19:53:21','2017-05-25 19:53:21'),(2759,16,13,'Db3',1,'2017-05-25 19:53:21','2017-05-25 19:53:21'),(2760,17,8,'A#1',1,'2017-05-25 19:53:21','2017-05-25 19:53:21'),(2761,15,19.25,'D2',0.25,'2017-05-25 19:53:21','2017-05-25 19:53:21'),(2762,14,27,'Db2',1,'2017-05-25 19:53:21','2017-05-25 19:53:21'),(2763,16,13.25,'Gb2',0.25,'2017-05-25 19:53:21','2017-05-25 19:53:21'),(2764,17,8.25,'A#2',0.25,'2017-05-25 19:53:21','2017-05-25 19:53:21'),(2765,18,4,'Bb1',1,'2017-05-25 19:53:21','2017-05-25 19:53:21'),(2766,14,27.25,'Bb1',0.25,'2017-05-25 19:53:21','2017-05-25 19:53:21'),(2767,15,19.5,'D2',0.5,'2017-05-25 19:53:21','2017-05-25 19:53:21'),(2768,16,13.5,'A2',0.5,'2017-05-25 19:53:21','2017-05-25 19:53:21'),(2769,17,8.5,'D2',0.5,'2017-05-25 19:53:21','2017-05-25 19:53:21'),(2770,18,4.5,'Db2',0.5,'2017-05-25 19:53:21','2017-05-25 19:53:21'),(2771,19,0,'D#2',1,'2017-05-25 19:53:21','2017-05-25 19:53:21'),(2772,15,20,'B2',1,'2017-05-25 19:53:21','2017-05-25 19:53:21'),(2773,14,27.5,'Bb1',0.5,'2017-05-25 19:53:21','2017-05-25 19:53:21'),(2774,16,14,'Gb2',1,'2017-05-25 19:53:21','2017-05-25 19:53:21'),(2775,17,8.75,'A#1',0.25,'2017-05-25 19:53:21','2017-05-25 19:53:21'),(2776,18,4.75,'Bb1',0.25,'2017-05-25 19:53:21','2017-05-25 19:53:21'),(2777,19,0,'D#2',4,'2017-05-25 19:53:21','2017-05-25 19:53:21'),(2778,14,28,'F1',1,'2017-05-25 19:53:21','2017-05-25 19:53:21'),(2779,15,20.25,'D2',0.25,'2017-05-25 19:53:21','2017-05-25 19:53:21'),(2780,16,14.25,'Gb2',0.25,'2017-05-25 19:53:22','2017-05-25 19:53:22'),(2781,18,5,'Bb1',1,'2017-05-25 19:53:22','2017-05-25 19:53:22'),(2782,17,9,'A#1',1,'2017-05-25 19:53:22','2017-05-25 19:53:22'),(2783,19,0.25,'D#2',0.25,'2017-05-25 19:53:22','2017-05-25 19:53:22'),(2784,14,28.25,'Bb1',0.25,'2017-05-25 19:53:22','2017-05-25 19:53:22'),(2785,15,20.5,'D2',0.5,'2017-05-25 19:53:22','2017-05-25 19:53:22'),(2786,18,5,'F2',1,'2017-05-25 19:53:22','2017-05-25 19:53:22'),(2787,17,9,'F2',1,'2017-05-25 19:53:22','2017-05-25 19:53:22'),(2788,16,14.5,'A2',0.5,'2017-05-25 19:53:22','2017-05-25 19:53:22'),(2789,19,0.5,'G2',0.5,'2017-05-25 19:53:22','2017-05-25 19:53:22'),(2790,15,20.75,'B1',0.25,'2017-05-25 19:53:22','2017-05-25 19:53:22'),(2791,14,28.5,'Bb1',0.5,'2017-05-25 19:53:22','2017-05-25 19:53:22'),(2792,17,9.25,'A#2',0.25,'2017-05-25 19:53:22','2017-05-25 19:53:22'),(2793,18,5.25,'Db2',0.25,'2017-05-25 19:53:22','2017-05-25 19:53:22'),(2794,16,14.5,'Db6',0.5,'2017-05-25 19:53:22','2017-05-25 19:53:22'),(2795,19,1,'D#2',1,'2017-05-25 19:53:22','2017-05-25 19:53:22'),(2796,15,21,'B2',1,'2017-05-25 19:53:22','2017-05-25 19:53:22'),(2797,14,28.75,'F1',0.25,'2017-05-25 19:53:22','2017-05-25 19:53:22'),(2798,17,9.5,'D2',0.5,'2017-05-25 19:53:22','2017-05-25 19:53:22'),(2799,18,5.5,'Db2',0.5,'2017-05-25 19:53:22','2017-05-25 19:53:22'),(2800,16,14.75,'Gb2',0.25,'2017-05-25 19:53:22','2017-05-25 19:53:22'),(2801,19,1,'A#2',1,'2017-05-25 19:53:22','2017-05-25 19:53:22'),(2802,15,21,'G2',1,'2017-05-25 19:53:22','2017-05-25 19:53:22'),(2803,14,29,'F1',1,'2017-05-25 19:53:22','2017-05-25 19:53:22'),(2804,18,6,'Bb1',1,'2017-05-25 19:53:22','2017-05-25 19:53:22'),(2805,17,10,'A#1',1,'2017-05-25 19:53:22','2017-05-25 19:53:22'),(2806,16,15,'Gb2',1,'2017-05-25 19:53:22','2017-05-25 19:53:22'),(2807,19,1.5,'G2',0.5,'2017-05-25 19:53:22','2017-05-25 19:53:22'),(2808,15,21.25,'D2',0.25,'2017-05-25 19:53:22','2017-05-25 19:53:22'),(2809,14,29,'Db2',1,'2017-05-25 19:53:22','2017-05-25 19:53:22'),(2810,18,6.25,'Db2',0.25,'2017-05-25 19:53:22','2017-05-25 19:53:22'),(2811,17,10.25,'A#2',0.25,'2017-05-25 19:53:22','2017-05-25 19:53:22'),(2812,16,15,'Db3',1,'2017-05-25 19:53:22','2017-05-25 19:53:22'),(2813,19,1.75,'D#2',0.25,'2017-05-25 19:53:23','2017-05-25 19:53:23'),(2814,15,21.5,'D2',0.5,'2017-05-25 19:53:23','2017-05-25 19:53:23'),(2815,14,29.25,'Bb1',0.25,'2017-05-25 19:53:23','2017-05-25 19:53:23'),(2816,18,6.5,'Db2',0.5,'2017-05-25 19:53:23','2017-05-25 19:53:23'),(2817,17,10.5,'D2',0.5,'2017-05-25 19:53:23','2017-05-25 19:53:23'),(2818,16,15,'Db5',0.5,'2017-05-25 19:53:23','2017-05-25 19:53:23'),(2819,19,2,'D#2',1,'2017-05-25 19:53:23','2017-05-25 19:53:23'),(2820,15,22,'B2',1,'2017-05-25 19:53:23','2017-05-25 19:53:23'),(2821,14,29.5,'Bb1',0.5,'2017-05-25 19:53:23','2017-05-25 19:53:23'),(2822,18,6.75,'Bb1',0.25,'2017-05-25 19:53:23','2017-05-25 19:53:23'),(2823,17,10.75,'A#1',0.25,'2017-05-25 19:53:23','2017-05-25 19:53:23'),(2824,16,15.25,'Gb2',0.25,'2017-05-25 19:53:23','2017-05-25 19:53:23'),(2825,19,2.25,'D#2',0.25,'2017-05-25 19:53:23','2017-05-25 19:53:23'),(2826,15,22.25,'D2',0.25,'2017-05-25 19:53:23','2017-05-25 19:53:23'),(2827,14,30,'F1',1,'2017-05-25 19:53:23','2017-05-25 19:53:23'),(2828,18,7,'Bb1',1,'2017-05-25 19:53:23','2017-05-25 19:53:23'),(2829,16,15.5,'A2',0.5,'2017-05-25 19:53:23','2017-05-25 19:53:23'),(2830,17,11,'A#1',1,'2017-05-25 19:53:23','2017-05-25 19:53:23'),(2831,19,2.5,'G2',0.5,'2017-05-25 19:53:23','2017-05-25 19:53:23'),(2832,15,22.5,'D2',0.5,'2017-05-25 19:53:23','2017-05-25 19:53:23'),(2833,14,30.25,'Bb1',0.25,'2017-05-25 19:53:23','2017-05-25 19:53:23'),(2834,18,7,'F2',1,'2017-05-25 19:53:23','2017-05-25 19:53:23'),(2835,17,11,'F2',1,'2017-05-25 19:53:23','2017-05-25 19:53:23'),(2836,16,16,'Gb2',1,'2017-05-25 19:53:23','2017-05-25 19:53:23'),(2837,19,2.75,'D#2',0.25,'2017-05-25 19:53:23','2017-05-25 19:53:23'),(2838,14,30.5,'Bb1',0.5,'2017-05-25 19:53:23','2017-05-25 19:53:23'),(2839,15,22.75,'B1',0.25,'2017-05-25 19:53:23','2017-05-25 19:53:23'),(2840,17,11.25,'A#2',0.25,'2017-05-25 19:53:23','2017-05-25 19:53:23'),(2841,16,16.25,'G2',0.25,'2017-05-25 19:53:23','2017-05-25 19:53:23'),(2842,18,7.25,'Db2',0.25,'2017-05-25 19:53:23','2017-05-25 19:53:23'),(2843,19,3,'D#2',1,'2017-05-25 19:53:24','2017-05-25 19:53:24'),(2844,15,23,'B2',1,'2017-05-25 19:53:24','2017-05-25 19:53:24'),(2845,14,30.5,'Db4',0.5,'2017-05-25 19:53:24','2017-05-25 19:53:24'),(2846,17,11.5,'D2',0.5,'2017-05-25 19:53:24','2017-05-25 19:53:24'),(2847,16,16.5,'Bb2',0.5,'2017-05-25 19:53:24','2017-05-25 19:53:24'),(2848,18,7.5,'Db2',0.5,'2017-05-25 19:53:24','2017-05-25 19:53:24'),(2849,19,3,'A#2',1,'2017-05-25 19:53:24','2017-05-25 19:53:24'),(2850,15,23,'G2',1,'2017-05-25 19:53:24','2017-05-25 19:53:24'),(2851,14,30.75,'F1',0.25,'2017-05-25 19:53:24','2017-05-25 19:53:24'),(2852,17,12,'A#1',1,'2017-05-25 19:53:24','2017-05-25 19:53:24'),(2853,16,16.75,'D2',0.25,'2017-05-25 19:53:24','2017-05-25 19:53:24'),(2854,18,8,'Bb1',1,'2017-05-25 19:53:24','2017-05-25 19:53:24'),(2855,19,3.25,'D#2',0.25,'2017-05-25 19:53:24','2017-05-25 19:53:24'),(2856,15,23.25,'D2',0.25,'2017-05-25 19:53:24','2017-05-25 19:53:24'),(2857,17,12.25,'A#2',0.25,'2017-05-25 19:53:24','2017-05-25 19:53:24'),(2858,14,31,'F1',1,'2017-05-25 19:53:24','2017-05-25 19:53:24'),(2859,18,8.25,'B2',0.25,'2017-05-25 19:53:24','2017-05-25 19:53:24'),(2860,16,17,'G2',1,'2017-05-25 19:53:24','2017-05-25 19:53:24'),(2861,19,3.5,'G2',0.5,'2017-05-25 19:53:24','2017-05-25 19:53:24'),(2862,15,23.5,'D2',0.5,'2017-05-25 19:53:24','2017-05-25 19:53:24'),(2863,17,12.5,'D2',0.5,'2017-05-25 19:53:24','2017-05-25 19:53:24'),(2864,14,31,'Db2',1,'2017-05-25 19:53:24','2017-05-25 19:53:24'),(2865,18,8.5,'D2',0.5,'2017-05-25 19:53:24','2017-05-25 19:53:24'),(2866,19,4,'D#2',1,'2017-05-25 19:53:24','2017-05-25 19:53:24'),(2867,16,17,'Bb3',1,'2017-05-25 19:53:24','2017-05-25 19:53:24'),(2868,15,24,'B2',1,'2017-05-25 19:53:24','2017-05-25 19:53:24'),(2869,14,31,'Db4',0.5,'2017-05-25 19:53:25','2017-05-25 19:53:25'),(2870,17,12.75,'A#1',0.25,'2017-05-25 19:53:25','2017-05-25 19:53:25'),(2871,18,8.75,'B1',0.25,'2017-05-25 19:53:25','2017-05-25 19:53:25'),(2872,19,4.5,'G2',0.5,'2017-05-25 19:53:25','2017-05-25 19:53:25'),(2873,16,17.25,'G2',0.25,'2017-05-25 19:53:25','2017-05-25 19:53:25'),(2874,15,24.25,'Db2',0.25,'2017-05-25 19:53:25','2017-05-25 19:53:25'),(2875,14,31.25,'Bb1',0.25,'2017-05-25 19:53:25','2017-05-25 19:53:25'),(2876,17,13,'A#1',1,'2017-05-25 19:53:25','2017-05-25 19:53:25'),(2877,20,0,'Eb2',1,'2017-05-25 19:53:25','2017-05-25 19:53:25'),(2878,18,9,'B1',1,'2017-05-25 19:53:25','2017-05-25 19:53:25'),(2879,19,4.75,'D#2',0.25,'2017-05-25 19:53:25','2017-05-25 19:53:25'),(2880,16,17.5,'Bb2',0.5,'2017-05-25 19:53:25','2017-05-25 19:53:25'),(2881,17,13,'F2',1,'2017-05-25 19:53:25','2017-05-25 19:53:25'),(2882,15,24.5,'F2',0.5,'2017-05-25 19:53:25','2017-05-25 19:53:25'),(2883,20,0,'Eb2',4,'2017-05-25 19:53:25','2017-05-25 19:53:25'),(2884,18,9,'Gb2',1,'2017-05-25 19:53:25','2017-05-25 19:53:25'),(2885,19,5,'D#2',1,'2017-05-25 19:53:25','2017-05-25 19:53:25'),(2886,16,18,'G2',1,'2017-05-25 19:53:25','2017-05-25 19:53:25'),(2887,15,24.75,'Bb1',0.25,'2017-05-25 19:53:25','2017-05-25 19:53:25'),(2888,17,13.25,'A#2',0.25,'2017-05-25 19:53:25','2017-05-25 19:53:25'),(2889,20,0.25,'Gb2',0.25,'2017-05-25 19:53:25','2017-05-25 19:53:25'),(2890,19,5,'A#2',1,'2017-05-25 19:53:25','2017-05-25 19:53:25'),(2891,16,18.25,'G2',0.25,'2017-05-25 19:53:25','2017-05-25 19:53:25'),(2892,18,9.25,'B2',0.25,'2017-05-25 19:53:25','2017-05-25 19:53:25'),(2893,15,25,'Db2',1,'2017-05-25 19:53:25','2017-05-25 19:53:25'),(2894,20,0.5,'Gb2',0.5,'2017-05-25 19:53:25','2017-05-25 19:53:25'),(2895,17,13.5,'D2',0.5,'2017-05-25 19:53:25','2017-05-25 19:53:25'),(2896,19,5.25,'D#2',0.25,'2017-05-25 19:53:25','2017-05-25 19:53:25'),(2897,16,18.5,'Bb2',0.5,'2017-05-25 19:53:25','2017-05-25 19:53:25'),(2898,18,9.5,'D2',0.5,'2017-05-25 19:53:25','2017-05-25 19:53:25'),(2899,15,25,'F2',1,'2017-05-25 19:53:26','2017-05-25 19:53:26'),(2900,20,1,'Eb2',1,'2017-05-25 19:53:26','2017-05-25 19:53:26'),(2901,19,5.5,'G2',0.5,'2017-05-25 19:53:26','2017-05-25 19:53:26'),(2902,17,14,'A#1',1,'2017-05-25 19:53:26','2017-05-25 19:53:26'),(2903,16,18.75,'D2',0.25,'2017-05-25 19:53:26','2017-05-25 19:53:26'),(2904,18,10,'B1',1,'2017-05-25 19:53:26','2017-05-25 19:53:26'),(2905,20,1,'Bb2',1,'2017-05-25 19:53:26','2017-05-25 19:53:26'),(2906,15,25.25,'Db2',0.25,'2017-05-25 19:53:26','2017-05-25 19:53:26'),(2907,19,6,'D#2',1,'2017-05-25 19:53:26','2017-05-25 19:53:26'),(2908,17,14.25,'A#2',0.25,'2017-05-25 19:53:26','2017-05-25 19:53:26'),(2909,16,19,'G2',1,'2017-05-25 19:53:26','2017-05-25 19:53:26'),(2910,18,10.25,'B2',0.25,'2017-05-25 19:53:26','2017-05-25 19:53:26'),(2911,15,25.5,'F2',0.5,'2017-05-25 19:53:26','2017-05-25 19:53:26'),(2912,20,1.5,'Gb2',0.5,'2017-05-25 19:53:26','2017-05-25 19:53:26'),(2913,17,14.5,'D2',0.5,'2017-05-25 19:53:26','2017-05-25 19:53:26'),(2914,19,6.25,'D#2',0.25,'2017-05-25 19:53:26','2017-05-25 19:53:26'),(2915,18,10.5,'D2',0.5,'2017-05-25 19:53:26','2017-05-25 19:53:26'),(2916,16,19,'Bb3',1,'2017-05-25 19:53:26','2017-05-25 19:53:26'),(2917,15,26,'Db2',1,'2017-05-25 19:53:26','2017-05-25 19:53:26'),(2918,17,14.5,'F5',0.5,'2017-05-25 19:53:26','2017-05-25 19:53:26'),(2919,19,6.5,'G2',0.5,'2017-05-25 19:53:26','2017-05-25 19:53:26'),(2920,20,1.75,'Eb2',0.25,'2017-05-25 19:53:26','2017-05-25 19:53:26'),(2921,16,19.25,'G2',0.25,'2017-05-25 19:53:26','2017-05-25 19:53:26'),(2922,18,10.75,'B1',0.25,'2017-05-25 19:53:26','2017-05-25 19:53:26'),(2923,15,26.25,'Db2',0.25,'2017-05-25 19:53:26','2017-05-25 19:53:26'),(2924,17,14.75,'A#1',0.25,'2017-05-25 19:53:26','2017-05-25 19:53:26'),(2925,19,6.75,'D#2',0.25,'2017-05-25 19:53:26','2017-05-25 19:53:26'),(2926,20,2,'Eb2',1,'2017-05-25 19:53:26','2017-05-25 19:53:26'),(2927,18,11,'B1',1,'2017-05-25 19:53:26','2017-05-25 19:53:26'),(2928,16,19.5,'Bb2',0.5,'2017-05-25 19:53:26','2017-05-25 19:53:26'),(2929,15,26.5,'F2',0.5,'2017-05-25 19:53:27','2017-05-25 19:53:27'),(2930,17,15,'A#1',1,'2017-05-25 19:53:27','2017-05-25 19:53:27'),(2931,19,7,'D#2',1,'2017-05-25 19:53:27','2017-05-25 19:53:27'),(2932,20,2.25,'Gb2',0.25,'2017-05-25 19:53:27','2017-05-25 19:53:27'),(2933,16,20,'G2',1,'2017-05-25 19:53:27','2017-05-25 19:53:27'),(2934,18,11,'Gb2',1,'2017-05-25 19:53:27','2017-05-25 19:53:27'),(2935,15,26.75,'Bb1',0.25,'2017-05-25 19:53:27','2017-05-25 19:53:27'),(2936,17,15,'F2',1,'2017-05-25 19:53:27','2017-05-25 19:53:27'),(2937,20,2.5,'Gb2',0.5,'2017-05-25 19:53:27','2017-05-25 19:53:27'),(2938,19,7,'A#2',1,'2017-05-25 19:53:27','2017-05-25 19:53:27'),(2939,18,11.25,'B2',0.25,'2017-05-25 19:53:27','2017-05-25 19:53:27'),(2940,16,20.25,'G2',0.25,'2017-05-25 19:53:27','2017-05-25 19:53:27'),(2941,15,27,'Db2',1,'2017-05-25 19:53:27','2017-05-25 19:53:27'),(2942,20,2.75,'Eb2',0.25,'2017-05-25 19:53:27','2017-05-25 19:53:27'),(2943,19,7.25,'D#2',0.25,'2017-05-25 19:53:27','2017-05-25 19:53:27'),(2944,17,15,'F4',0.5,'2017-05-25 19:53:27','2017-05-25 19:53:27'),(2945,18,11.5,'D2',0.5,'2017-05-25 19:53:27','2017-05-25 19:53:27'),(2946,16,20.5,'Bb2',0.5,'2017-05-25 19:53:27','2017-05-25 19:53:27'),(2947,20,3,'Eb2',1,'2017-05-25 19:53:27','2017-05-25 19:53:27'),(2948,19,7.5,'G2',0.5,'2017-05-25 19:53:27','2017-05-25 19:53:27'),(2949,15,27,'F2',1,'2017-05-25 19:53:27','2017-05-25 19:53:27'),(2950,17,15.25,'A#2',0.25,'2017-05-25 19:53:27','2017-05-25 19:53:27'),(2951,18,12,'B1',1,'2017-05-25 19:53:27','2017-05-25 19:53:27'),(2952,16,20.75,'D2',0.25,'2017-05-25 19:53:27','2017-05-25 19:53:27'),(2953,15,27.25,'Db2',0.25,'2017-05-25 19:53:28','2017-05-25 19:53:28'),(2954,19,8,'D#2',1,'2017-05-25 19:53:28','2017-05-25 19:53:28'),(2955,20,3,'Bb2',1,'2017-05-25 19:53:28','2017-05-25 19:53:28'),(2956,17,15.5,'D2',0.5,'2017-05-25 19:53:28','2017-05-25 19:53:28'),(2957,18,12.25,'B2',0.25,'2017-05-25 19:53:28','2017-05-25 19:53:28'),(2958,16,21,'G2',1,'2017-05-25 19:53:28','2017-05-25 19:53:28'),(2959,15,27.5,'F2',0.5,'2017-05-25 19:53:28','2017-05-25 19:53:28'),(2960,21,0,'G#1',1,'2017-05-25 19:53:28','2017-05-25 19:53:28'),(2961,19,8.25,'D#2',0.25,'2017-05-25 19:53:28','2017-05-25 19:53:28'),(2962,18,12.5,'D2',0.5,'2017-05-25 19:53:28','2017-05-25 19:53:28'),(2963,20,3.25,'Gb2',0.25,'2017-05-25 19:53:28','2017-05-25 19:53:28'),(2964,17,16,'A#1',1,'2017-05-25 19:53:28','2017-05-25 19:53:28'),(2965,16,21,'Bb3',1,'2017-05-25 19:53:28','2017-05-25 19:53:28'),(2966,15,28,'Db2',1,'2017-05-25 19:53:28','2017-05-25 19:53:28'),(2967,19,8.5,'G2',0.5,'2017-05-25 19:53:28','2017-05-25 19:53:28'),(2968,20,3.5,'Gb2',0.5,'2017-05-25 19:53:28','2017-05-25 19:53:28'),(2969,17,16.25,'C2',0.25,'2017-05-25 19:53:28','2017-05-25 19:53:28'),(2970,21,0,'G#1',4,'2017-05-25 19:53:28','2017-05-25 19:53:28'),(2971,18,12.75,'B1',0.25,'2017-05-25 19:53:28','2017-05-25 19:53:28'),(2972,16,21.25,'G2',0.25,'2017-05-25 19:53:28','2017-05-25 19:53:28'),(2973,17,16.5,'C2',0.5,'2017-05-25 19:53:28','2017-05-25 19:53:28'),(2974,18,13,'B1',1,'2017-05-25 19:53:28','2017-05-25 19:53:28'),(2975,20,4,'Eb2',1,'2017-05-25 19:53:28','2017-05-25 19:53:28'),(2976,19,8.75,'D#2',0.25,'2017-05-25 19:53:28','2017-05-25 19:53:28'),(2977,15,28.25,'Db2',0.25,'2017-05-25 19:53:28','2017-05-25 19:53:28'),(2978,21,0.25,'G#1',0.25,'2017-05-25 19:53:28','2017-05-25 19:53:28'),(2979,16,21.5,'Bb2',0.5,'2017-05-25 19:53:28','2017-05-25 19:53:28'),(2980,19,9,'D#2',1,'2017-05-25 19:53:28','2017-05-25 19:53:28'),(2981,18,13,'Gb2',1,'2017-05-25 19:53:28','2017-05-25 19:53:28'),(2982,17,16.75,'A1',0.25,'2017-05-25 19:53:28','2017-05-25 19:53:28'),(2983,21,0.5,'C2',0.5,'2017-05-25 19:53:28','2017-05-25 19:53:28'),(2984,15,28.5,'F2',0.5,'2017-05-25 19:53:28','2017-05-25 19:53:28'),(2985,20,4.5,'Gb2',0.5,'2017-05-25 19:53:28','2017-05-25 19:53:28'),(2986,16,22,'G2',1,'2017-05-25 19:53:28','2017-05-25 19:53:28'),(2987,19,9,'A#2',1,'2017-05-25 19:53:29','2017-05-25 19:53:29'),(2988,18,13.25,'B2',0.25,'2017-05-25 19:53:29','2017-05-25 19:53:29'),(2989,17,17,'A1',1,'2017-05-25 19:53:29','2017-05-25 19:53:29'),(2990,21,1,'G#1',1,'2017-05-25 19:53:29','2017-05-25 19:53:29'),(2991,15,28.75,'Bb1',0.25,'2017-05-25 19:53:29','2017-05-25 19:53:29'),(2992,20,4.75,'Eb2',0.25,'2017-05-25 19:53:29','2017-05-25 19:53:29'),(2993,16,22.25,'G2',0.25,'2017-05-25 19:53:29','2017-05-25 19:53:29'),(2994,19,9.25,'D#2',0.25,'2017-05-25 19:53:29','2017-05-25 19:53:29'),(2995,20,5,'Eb2',1,'2017-05-25 19:53:29','2017-05-25 19:53:29'),(2996,18,13.5,'D2',0.5,'2017-05-25 19:53:29','2017-05-25 19:53:29'),(2997,17,17,'F2',1,'2017-05-25 19:53:29','2017-05-25 19:53:29'),(2998,15,29,'Db2',1,'2017-05-25 19:53:29','2017-05-25 19:53:29'),(2999,21,1,'D#2',1,'2017-05-25 19:53:29','2017-05-25 19:53:29'),(3000,16,22.5,'Bb2',0.5,'2017-05-25 19:53:29','2017-05-25 19:53:29'),(3001,18,14,'B1',1,'2017-05-25 19:53:29','2017-05-25 19:53:29'),(3002,19,9.5,'G2',0.5,'2017-05-25 19:53:29','2017-05-25 19:53:29'),(3003,20,5,'Bb2',1,'2017-05-25 19:53:29','2017-05-25 19:53:29'),(3004,21,1.5,'C2',0.5,'2017-05-25 19:53:29','2017-05-25 19:53:29'),(3005,17,17.25,'C2',0.25,'2017-05-25 19:53:29','2017-05-25 19:53:29'),(3006,15,29,'F2',1,'2017-05-25 19:53:29','2017-05-25 19:53:29'),(3007,16,22.75,'D2',0.25,'2017-05-25 19:53:30','2017-05-25 19:53:30'),(3008,18,14.25,'B2',0.25,'2017-05-25 19:53:30','2017-05-25 19:53:30'),(3009,19,10,'D#2',1,'2017-05-25 19:53:30','2017-05-25 19:53:30'),(3010,17,17.5,'C2',0.5,'2017-05-25 19:53:30','2017-05-25 19:53:30'),(3011,21,1.75,'G#1',0.25,'2017-05-25 19:53:30','2017-05-25 19:53:30'),(3012,20,5.25,'Gb2',0.25,'2017-05-25 19:53:30','2017-05-25 19:53:30'),(3013,15,29.25,'Db2',0.25,'2017-05-25 19:53:30','2017-05-25 19:53:30'),(3014,16,23,'G2',1,'2017-05-25 19:53:30','2017-05-25 19:53:30'),(3015,18,14.5,'D2',0.5,'2017-05-25 19:53:30','2017-05-25 19:53:30'),(3016,19,10.25,'D#2',0.25,'2017-05-25 19:53:30','2017-05-25 19:53:30'),(3017,15,29.5,'F2',0.5,'2017-05-25 19:53:30','2017-05-25 19:53:30'),(3018,20,5.5,'Gb2',0.5,'2017-05-25 19:53:30','2017-05-25 19:53:30'),(3019,17,18,'A1',1,'2017-05-25 19:53:30','2017-05-25 19:53:30'),(3020,21,2,'G#1',1,'2017-05-25 19:53:30','2017-05-25 19:53:30'),(3021,16,23,'Bb3',1,'2017-05-25 19:53:30','2017-05-25 19:53:30'),(3022,18,14.5,'Gb5',0.5,'2017-05-25 19:53:30','2017-05-25 19:53:30'),(3023,19,10.5,'G2',0.5,'2017-05-25 19:53:30','2017-05-25 19:53:30'),(3024,20,6,'Eb2',1,'2017-05-25 19:53:30','2017-05-25 19:53:30'),(3025,17,18.25,'C2',0.25,'2017-05-25 19:53:30','2017-05-25 19:53:30'),(3026,21,2.25,'G#1',0.25,'2017-05-25 19:53:30','2017-05-25 19:53:30'),(3027,15,30,'Db2',1,'2017-05-25 19:53:30','2017-05-25 19:53:30'),(3028,16,23.25,'G2',0.25,'2017-05-25 19:53:30','2017-05-25 19:53:30'),(3029,19,10.75,'D#2',0.25,'2017-05-25 19:53:30','2017-05-25 19:53:30'),(3030,18,14.75,'B1',0.25,'2017-05-25 19:53:30','2017-05-25 19:53:30'),(3031,15,30.25,'Db2',0.25,'2017-05-25 19:53:30','2017-05-25 19:53:30'),(3032,17,18.5,'C2',0.5,'2017-05-25 19:53:30','2017-05-25 19:53:30'),(3033,21,2.5,'C2',0.5,'2017-05-25 19:53:30','2017-05-25 19:53:30'),(3034,20,6.25,'Gb2',0.25,'2017-05-25 19:53:30','2017-05-25 19:53:30'),(3035,16,23.5,'Bb2',0.5,'2017-05-25 19:53:30','2017-05-25 19:53:30'),(3036,18,15,'B1',1,'2017-05-25 19:53:31','2017-05-25 19:53:31'),(3037,19,11,'D#2',1,'2017-05-25 19:53:31','2017-05-25 19:53:31'),(3038,17,18.75,'A1',0.25,'2017-05-25 19:53:31','2017-05-25 19:53:31'),(3039,15,30.5,'F2',0.5,'2017-05-25 19:53:31','2017-05-25 19:53:31'),(3040,20,6.5,'Gb2',0.5,'2017-05-25 19:53:31','2017-05-25 19:53:31'),(3041,21,2.75,'G#1',0.25,'2017-05-25 19:53:31','2017-05-25 19:53:31'),(3042,16,24,'G2',1,'2017-05-25 19:53:31','2017-05-25 19:53:31'),(3043,18,15,'Gb2',1,'2017-05-25 19:53:31','2017-05-25 19:53:31'),(3044,19,11,'A#2',1,'2017-05-25 19:53:31','2017-05-25 19:53:31'),(3045,17,19,'A1',1,'2017-05-25 19:53:31','2017-05-25 19:53:31'),(3046,20,6.75,'Eb2',0.25,'2017-05-25 19:53:31','2017-05-25 19:53:31'),(3047,15,30.5,'F4',0.5,'2017-05-25 19:53:31','2017-05-25 19:53:31'),(3048,21,3,'G#1',1,'2017-05-25 19:53:31','2017-05-25 19:53:31'),(3049,16,24.25,'Ab2',0.25,'2017-05-25 19:53:31','2017-05-25 19:53:31'),(3050,18,15,'Gb4',0.5,'2017-05-25 19:53:31','2017-05-25 19:53:31'),(3051,19,11.25,'D#2',0.25,'2017-05-25 19:53:31','2017-05-25 19:53:31'),(3052,21,3,'D#2',1,'2017-05-25 19:53:31','2017-05-25 19:53:31'),(3053,17,19,'F2',1,'2017-05-25 19:53:31','2017-05-25 19:53:31'),(3054,15,30.75,'Bb1',0.25,'2017-05-25 19:53:31','2017-05-25 19:53:31'),(3055,20,7,'Eb2',1,'2017-05-25 19:53:31','2017-05-25 19:53:31'),(3056,16,24.5,'Ab2',0.5,'2017-05-25 19:53:31','2017-05-25 19:53:31'),(3057,18,15.25,'B2',0.25,'2017-05-25 19:53:31','2017-05-25 19:53:31'),(3058,19,11.5,'G2',0.5,'2017-05-25 19:53:31','2017-05-25 19:53:31'),(3059,22,0,'Db2',1,'2017-05-25 19:53:31','2017-05-25 19:53:31'),(3060,21,3.25,'G#1',0.25,'2017-05-25 19:53:31','2017-05-25 19:53:31'),(3061,20,7,'Bb2',1,'2017-05-25 19:53:31','2017-05-25 19:53:31'),(3062,17,19.25,'C2',0.25,'2017-05-25 19:53:31','2017-05-25 19:53:31'),(3063,15,31,'Db2',1,'2017-05-25 19:53:31','2017-05-25 19:53:31'),(3064,16,24.75,'Eb2',0.25,'2017-05-25 19:53:31','2017-05-25 19:53:31'),(3065,21,3.5,'C2',0.5,'2017-05-25 19:53:32','2017-05-25 19:53:32'),(3066,19,12,'D#2',1,'2017-05-25 19:53:32','2017-05-25 19:53:32'),(3067,18,15.5,'D2',0.5,'2017-05-25 19:53:32','2017-05-25 19:53:32'),(3068,22,0,'Db2',4,'2017-05-25 19:53:32','2017-05-25 19:53:32'),(3069,15,31,'F2',1,'2017-05-25 19:53:32','2017-05-25 19:53:32'),(3070,17,19.5,'C2',0.5,'2017-05-25 19:53:32','2017-05-25 19:53:32'),(3071,20,7.25,'Gb2',0.25,'2017-05-25 19:53:32','2017-05-25 19:53:32'),(3072,16,25,'Eb2',1,'2017-05-25 19:53:32','2017-05-25 19:53:32'),(3073,21,4,'G#1',1,'2017-05-25 19:53:32','2017-05-25 19:53:32'),(3074,18,16,'B1',1,'2017-05-25 19:53:32','2017-05-25 19:53:32'),(3075,22,0.25,'E2',0.25,'2017-05-25 19:53:32','2017-05-25 19:53:32'),(3076,19,12.25,'D#2',0.25,'2017-05-25 19:53:32','2017-05-25 19:53:32'),(3077,15,31,'F4',0.5,'2017-05-25 19:53:32','2017-05-25 19:53:32'),(3078,16,25,'B3',1,'2017-05-25 19:53:32','2017-05-25 19:53:32'),(3079,17,20,'A1',1,'2017-05-25 19:53:32','2017-05-25 19:53:32'),(3080,20,7.5,'Gb2',0.5,'2017-05-25 19:53:32','2017-05-25 19:53:32'),(3081,18,16.25,'C2',0.25,'2017-05-25 19:53:32','2017-05-25 19:53:32'),(3082,19,12.5,'G2',0.5,'2017-05-25 19:53:32','2017-05-25 19:53:32'),(3083,21,4.5,'C2',0.5,'2017-05-25 19:53:32','2017-05-25 19:53:32'),(3084,22,0.5,'E2',0.5,'2017-05-25 19:53:32','2017-05-25 19:53:32'),(3085,17,20.25,'C2',0.25,'2017-05-25 19:53:32','2017-05-25 19:53:32'),(3086,15,31.25,'Db2',0.25,'2017-05-25 19:53:32','2017-05-25 19:53:32'),(3087,20,8,'Eb2',1,'2017-05-25 19:53:32','2017-05-25 19:53:32'),(3088,16,25.25,'Ab2',0.25,'2017-05-25 19:53:32','2017-05-25 19:53:32'),(3089,19,12.75,'D#2',0.25,'2017-05-25 19:53:32','2017-05-25 19:53:32'),(3090,18,16.5,'Eb2',0.5,'2017-05-25 19:53:32','2017-05-25 19:53:32'),(3091,22,1,'Db2',1,'2017-05-25 19:53:32','2017-05-25 19:53:32'),(3092,21,4.75,'G#1',0.25,'2017-05-25 19:53:32','2017-05-25 19:53:32'),(3093,17,20.5,'C2',0.5,'2017-05-25 19:53:32','2017-05-25 19:53:32'),(3094,15,31.5,'F2',0.5,'2017-05-25 19:53:32','2017-05-25 19:53:32'),(3095,20,8.25,'E2',0.25,'2017-05-25 19:53:32','2017-05-25 19:53:32'),(3096,16,25.5,'Ab2',0.5,'2017-05-25 19:53:32','2017-05-25 19:53:32'),(3097,18,16.75,'G1',0.25,'2017-05-25 19:53:33','2017-05-25 19:53:33'),(3098,19,13,'D#2',1,'2017-05-25 19:53:33','2017-05-25 19:53:33'),(3099,22,1,'Ab2',1,'2017-05-25 19:53:33','2017-05-25 19:53:33'),(3100,21,5,'G#1',1,'2017-05-25 19:53:33','2017-05-25 19:53:33'),(3101,15,32,'Db2',1,'2017-05-25 19:53:33','2017-05-25 19:53:33'),(3102,16,26,'Eb2',1,'2017-05-25 19:53:33','2017-05-25 19:53:33'),(3103,20,8.5,'G2',0.5,'2017-05-25 19:53:33','2017-05-25 19:53:33'),(3104,17,20.75,'A1',0.25,'2017-05-25 19:53:33','2017-05-25 19:53:33'),(3105,19,13,'A#2',1,'2017-05-25 19:53:33','2017-05-25 19:53:33'),(3106,21,5,'D#2',1,'2017-05-25 19:53:33','2017-05-25 19:53:33'),(3107,15,32.25,'C2',0.25,'2017-05-25 19:53:33','2017-05-25 19:53:33'),(3108,22,1.5,'E2',0.5,'2017-05-25 19:53:33','2017-05-25 19:53:33'),(3109,18,17,'C1',1,'2017-05-25 19:53:33','2017-05-25 19:53:33'),(3110,20,8.75,'E2',0.25,'2017-05-25 19:53:33','2017-05-25 19:53:33'),(3111,16,26.25,'Ab2',0.25,'2017-05-25 19:53:33','2017-05-25 19:53:33'),(3112,17,21,'A1',1,'2017-05-25 19:53:33','2017-05-25 19:53:33'),(3113,21,5.25,'G#1',0.25,'2017-05-25 19:53:33','2017-05-25 19:53:33'),(3114,22,1.75,'Db2',0.25,'2017-05-25 19:53:33','2017-05-25 19:53:33'),(3115,18,17,'Eb2',1,'2017-05-25 19:53:33','2017-05-25 19:53:33'),(3116,19,13.25,'D#2',0.25,'2017-05-25 19:53:33','2017-05-25 19:53:33'),(3117,15,32.5,'E2',0.5,'2017-05-25 19:53:33','2017-05-25 19:53:33'),(3118,16,26.5,'Ab2',0.5,'2017-05-25 19:53:33','2017-05-25 19:53:33'),(3119,20,9,'E2',1,'2017-05-25 19:53:33','2017-05-25 19:53:33'),(3120,17,21,'F2',1,'2017-05-25 19:53:33','2017-05-25 19:53:33'),(3121,22,2,'Db2',1,'2017-05-25 19:53:33','2017-05-25 19:53:33'),(3122,19,13.5,'G2',0.5,'2017-05-25 19:53:33','2017-05-25 19:53:33'),(3123,21,5.5,'C2',0.5,'2017-05-25 19:53:33','2017-05-25 19:53:33'),(3124,15,32.75,'C1',0.25,'2017-05-25 19:53:33','2017-05-25 19:53:33'),(3125,18,17.25,'C2',0.25,'2017-05-25 19:53:33','2017-05-25 19:53:33'),(3126,20,9,'B2',1,'2017-05-25 19:53:33','2017-05-25 19:53:33'),(3127,17,21.25,'C2',0.25,'2017-05-25 19:53:33','2017-05-25 19:53:33'),(3128,16,26.75,'Eb2',0.25,'2017-05-25 19:53:33','2017-05-25 19:53:33'),(3129,18,17.5,'Eb2',0.5,'2017-05-25 19:53:34','2017-05-25 19:53:34'),(3130,19,14,'D#2',1,'2017-05-25 19:53:34','2017-05-25 19:53:34'),(3131,22,2.25,'E2',0.25,'2017-05-25 19:53:34','2017-05-25 19:53:34'),(3132,21,6,'G#1',1,'2017-05-25 19:53:34','2017-05-25 19:53:34'),(3133,15,33,'C2',1,'2017-05-25 19:53:34','2017-05-25 19:53:34'),(3134,16,27,'Eb2',1,'2017-05-25 19:53:34','2017-05-25 19:53:34'),(3135,20,9.25,'E2',0.25,'2017-05-25 19:53:34','2017-05-25 19:53:34'),(3136,17,21.5,'C2',0.5,'2017-05-25 19:53:34','2017-05-25 19:53:34'),(3137,18,18,'C1',1,'2017-05-25 19:53:34','2017-05-25 19:53:34'),(3138,22,2.5,'E2',0.5,'2017-05-25 19:53:34','2017-05-25 19:53:34'),(3139,21,6.25,'G#1',0.25,'2017-05-25 19:53:34','2017-05-25 19:53:34'),(3140,19,14.25,'D#2',0.25,'2017-05-25 19:53:34','2017-05-25 19:53:34'),(3141,15,33,'G2',1,'2017-05-25 19:53:34','2017-05-25 19:53:34'),(3142,17,22,'A1',1,'2017-05-25 19:53:34','2017-05-25 19:53:34'),(3143,16,27,'B3',1,'2017-05-25 19:53:34','2017-05-25 19:53:34'),(3144,20,9.5,'G2',0.5,'2017-05-25 19:53:34','2017-05-25 19:53:34'),(3145,18,18.25,'C2',0.25,'2017-05-25 19:53:34','2017-05-25 19:53:34'),(3146,19,14.5,'G2',0.5,'2017-05-25 19:53:34','2017-05-25 19:53:34'),(3147,22,2.75,'Db2',0.25,'2017-05-25 19:53:34','2017-05-25 19:53:34'),(3148,15,33.25,'C2',0.25,'2017-05-25 19:53:34','2017-05-25 19:53:34'),(3149,21,6.5,'C2',0.5,'2017-05-25 19:53:34','2017-05-25 19:53:34'),(3150,17,22.25,'C2',0.25,'2017-05-25 19:53:34','2017-05-25 19:53:34'),(3151,16,27.25,'Ab2',0.25,'2017-05-25 19:53:34','2017-05-25 19:53:34'),(3152,20,10,'E2',1,'2017-05-25 19:53:34','2017-05-25 19:53:34'),(3153,18,18.5,'Eb2',0.5,'2017-05-25 19:53:34','2017-05-25 19:53:34'),(3154,19,14.5,'A#5',0.5,'2017-05-25 19:53:34','2017-05-25 19:53:34'),(3155,22,3,'Db2',1,'2017-05-25 19:53:34','2017-05-25 19:53:34'),(3156,21,6.75,'G#1',0.25,'2017-05-25 19:53:34','2017-05-25 19:53:34'),(3157,15,33.5,'E2',0.5,'2017-05-25 19:53:34','2017-05-25 19:53:34'),(3158,17,22.5,'C2',0.5,'2017-05-25 19:53:35','2017-05-25 19:53:35'),(3159,16,27.5,'Ab2',0.5,'2017-05-25 19:53:35','2017-05-25 19:53:35'),(3160,20,10.25,'E2',0.25,'2017-05-25 19:53:35','2017-05-25 19:53:35'),(3161,18,18.75,'G1',0.25,'2017-05-25 19:53:35','2017-05-25 19:53:35'),(3162,22,3,'Ab2',1,'2017-05-25 19:53:35','2017-05-25 19:53:35'),(3163,21,7,'G#1',1,'2017-05-25 19:53:35','2017-05-25 19:53:35'),(3164,19,14.75,'D#2',0.25,'2017-05-25 19:53:35','2017-05-25 19:53:35'),(3165,15,34,'C2',1,'2017-05-25 19:53:35','2017-05-25 19:53:35'),(3166,17,22.75,'A1',0.25,'2017-05-25 19:53:35','2017-05-25 19:53:35'),(3167,20,10.5,'G2',0.5,'2017-05-25 19:53:35','2017-05-25 19:53:35'),(3168,16,28,'Eb2',1,'2017-05-25 19:53:35','2017-05-25 19:53:35'),(3169,18,19,'C1',1,'2017-05-25 19:53:35','2017-05-25 19:53:35'),(3170,22,3.25,'E2',0.25,'2017-05-25 19:53:35','2017-05-25 19:53:35'),(3171,17,23,'A1',1,'2017-05-25 19:53:35','2017-05-25 19:53:35'),(3172,19,15,'D#2',1,'2017-05-25 19:53:35','2017-05-25 19:53:35'),(3173,21,7,'D#2',1,'2017-05-25 19:53:35','2017-05-25 19:53:35'),(3174,15,34.25,'C2',0.25,'2017-05-25 19:53:35','2017-05-25 19:53:35'),(3175,20,10.75,'E2',0.25,'2017-05-25 19:53:35','2017-05-25 19:53:35'),(3176,16,28.25,'Ab2',0.25,'2017-05-25 19:53:35','2017-05-25 19:53:35'),(3177,18,19,'Eb2',1,'2017-05-25 19:53:35','2017-05-25 19:53:35'),(3178,23,0,'F#1',1,'2017-05-25 19:53:35','2017-05-25 19:53:35'),(3179,17,23,'F2',1,'2017-05-25 19:53:35','2017-05-25 19:53:35'),(3180,19,15,'A#2',1,'2017-05-25 19:53:35','2017-05-25 19:53:35'),(3181,15,34.5,'E2',0.5,'2017-05-25 19:53:35','2017-05-25 19:53:35'),(3182,22,3.5,'E2',0.5,'2017-05-25 19:53:35','2017-05-25 19:53:35'),(3183,21,7.25,'G#1',0.25,'2017-05-25 19:53:35','2017-05-25 19:53:35'),(3184,20,11,'E2',1,'2017-05-25 19:53:35','2017-05-25 19:53:35'),(3185,16,28.5,'Ab2',0.5,'2017-05-25 19:53:35','2017-05-25 19:53:35'),(3186,23,0,'F#1',4,'2017-05-25 19:53:36','2017-05-25 19:53:36'),(3187,18,19.25,'C2',0.25,'2017-05-25 19:53:36','2017-05-25 19:53:36'),(3188,19,15,'A#4',0.5,'2017-05-25 19:53:36','2017-05-25 19:53:36'),(3189,17,23.25,'C2',0.25,'2017-05-25 19:53:36','2017-05-25 19:53:36'),(3190,21,7.5,'C2',0.5,'2017-05-25 19:53:36','2017-05-25 19:53:36'),(3191,22,4,'Db2',1,'2017-05-25 19:53:36','2017-05-25 19:53:36'),(3192,15,34.75,'C1',0.25,'2017-05-25 19:53:36','2017-05-25 19:53:36'),(3193,16,28.75,'Eb2',0.25,'2017-05-25 19:53:36','2017-05-25 19:53:36'),(3194,20,11,'B2',1,'2017-05-25 19:53:36','2017-05-25 19:53:36'),(3195,18,19.5,'Eb2',0.5,'2017-05-25 19:53:36','2017-05-25 19:53:36'),(3196,23,0.25,'F#1',0.25,'2017-05-25 19:53:36','2017-05-25 19:53:36'),(3197,21,8,'G#1',1,'2017-05-25 19:53:36','2017-05-25 19:53:36'),(3198,19,15.25,'D#2',0.25,'2017-05-25 19:53:36','2017-05-25 19:53:36'),(3199,22,4.5,'E2',0.5,'2017-05-25 19:53:36','2017-05-25 19:53:36'),(3200,17,23.5,'C2',0.5,'2017-05-25 19:53:36','2017-05-25 19:53:36'),(3201,15,35,'C2',1,'2017-05-25 19:53:36','2017-05-25 19:53:36'),(3202,16,29,'Eb2',1,'2017-05-25 19:53:36','2017-05-25 19:53:36'),(3203,20,11.25,'E2',0.25,'2017-05-25 19:53:36','2017-05-25 19:53:36'),(3204,23,0.5,'A#1',0.5,'2017-05-25 19:53:36','2017-05-25 19:53:36'),(3205,18,20,'C1',1,'2017-05-25 19:53:36','2017-05-25 19:53:36'),(3206,15,35,'G2',1,'2017-05-25 19:53:36','2017-05-25 19:53:36'),(3207,19,15.5,'G2',0.5,'2017-05-25 19:53:36','2017-05-25 19:53:36'),(3208,17,24,'A1',1,'2017-05-25 19:53:36','2017-05-25 19:53:36'),(3209,21,8.25,'G#1',0.25,'2017-05-25 19:53:36','2017-05-25 19:53:36'),(3210,22,4.75,'Db2',0.25,'2017-05-25 19:53:36','2017-05-25 19:53:36'),(3211,16,29,'B3',1,'2017-05-25 19:53:36','2017-05-25 19:53:36'),(3212,20,11.5,'G2',0.5,'2017-05-25 19:53:36','2017-05-25 19:53:36'),(3213,18,20.25,'C2',0.25,'2017-05-25 19:53:36','2017-05-25 19:53:36'),(3214,15,35.25,'C2',0.25,'2017-05-25 19:53:37','2017-05-25 19:53:37'),(3215,19,16,'D#2',1,'2017-05-25 19:53:37','2017-05-25 19:53:37'),(3216,22,5,'Db2',1,'2017-05-25 19:53:37','2017-05-25 19:53:37'),(3217,21,8.5,'C2',0.5,'2017-05-25 19:53:37','2017-05-25 19:53:37'),(3218,17,24.25,'B2',0.25,'2017-05-25 19:53:37','2017-05-25 19:53:37'),(3219,23,1,'F#1',1,'2017-05-25 19:53:37','2017-05-25 19:53:37'),(3220,16,29.25,'Ab2',0.25,'2017-05-25 19:53:37','2017-05-25 19:53:37'),(3221,20,12,'E2',1,'2017-05-25 19:53:37','2017-05-25 19:53:37'),(3222,18,20.5,'Eb2',0.5,'2017-05-25 19:53:37','2017-05-25 19:53:37'),(3223,15,35.5,'E2',0.5,'2017-05-25 19:53:37','2017-05-25 19:53:37'),(3224,19,16.25,'F2',0.25,'2017-05-25 19:53:37','2017-05-25 19:53:37'),(3225,17,24.5,'Eb2',0.5,'2017-05-25 19:53:37','2017-05-25 19:53:37'),(3226,21,8.75,'G#1',0.25,'2017-05-25 19:53:37','2017-05-25 19:53:37'),(3227,22,5,'Ab2',1,'2017-05-25 19:53:37','2017-05-25 19:53:37'),(3228,23,1,'C#2',1,'2017-05-25 19:53:37','2017-05-25 19:53:37'),(3229,16,29.5,'Ab2',0.5,'2017-05-25 19:53:37','2017-05-25 19:53:37'),(3230,20,12.25,'E2',0.25,'2017-05-25 19:53:37','2017-05-25 19:53:37'),(3231,15,36,'C2',1,'2017-05-25 19:53:37','2017-05-25 19:53:37'),(3232,18,20.75,'G1',0.25,'2017-05-25 19:53:37','2017-05-25 19:53:37'),(3233,19,16.5,'F2',0.5,'2017-05-25 19:53:37','2017-05-25 19:53:37'),(3234,21,9,'G#1',1,'2017-05-25 19:53:37','2017-05-25 19:53:37'),(3235,22,5.25,'E2',0.25,'2017-05-25 19:53:37','2017-05-25 19:53:37'),(3236,17,24.75,'Ab1',0.25,'2017-05-25 19:53:37','2017-05-25 19:53:37'),(3237,16,30,'Eb2',1,'2017-05-25 19:53:37','2017-05-25 19:53:37'),(3238,23,1.5,'A#1',0.5,'2017-05-25 19:53:37','2017-05-25 19:53:37'),(3239,20,12.5,'G2',0.5,'2017-05-25 19:53:37','2017-05-25 19:53:37'),(3240,15,36.25,'C2',0.25,'2017-05-25 19:53:38','2017-05-25 19:53:38'),(3241,19,16.75,'D2',0.25,'2017-05-25 19:53:38','2017-05-25 19:53:38'),(3242,21,9,'D#2',1,'2017-05-25 19:53:38','2017-05-25 19:53:38'),(3243,22,5.5,'E2',0.5,'2017-05-25 19:53:38','2017-05-25 19:53:38'),(3244,18,21,'C1',1,'2017-05-25 19:53:38','2017-05-25 19:53:38'),(3245,17,25,'B1',1,'2017-05-25 19:53:38','2017-05-25 19:53:38'),(3246,16,30.25,'Ab2',0.25,'2017-05-25 19:53:38','2017-05-25 19:53:38'),(3247,20,12.75,'E2',0.25,'2017-05-25 19:53:38','2017-05-25 19:53:38'),(3248,23,1.75,'F#1',0.25,'2017-05-25 19:53:38','2017-05-25 19:53:38'),(3249,15,36.5,'E2',0.5,'2017-05-25 19:53:38','2017-05-25 19:53:38'),(3250,19,17,'D2',1,'2017-05-25 19:53:38','2017-05-25 19:53:38'),(3251,21,9.25,'G#1',0.25,'2017-05-25 19:53:38','2017-05-25 19:53:38'),(3252,22,6,'Db2',1,'2017-05-25 19:53:38','2017-05-25 19:53:38'),(3253,18,21,'Eb2',1,'2017-05-25 19:53:38','2017-05-25 19:53:38'),(3254,17,25,'Eb2',1,'2017-05-25 19:53:38','2017-05-25 19:53:38'),(3255,16,30.5,'Ab2',0.5,'2017-05-25 19:53:38','2017-05-25 19:53:38'),(3256,20,13,'E2',1,'2017-05-25 19:53:38','2017-05-25 19:53:38'),(3257,15,36.75,'C1',0.25,'2017-05-25 19:53:38','2017-05-25 19:53:38'),(3258,23,2,'F#1',1,'2017-05-25 19:53:38','2017-05-25 19:53:38'),(3259,21,9.5,'C2',0.5,'2017-05-25 19:53:38','2017-05-25 19:53:38'),(3260,19,17,'A#2',1,'2017-05-25 19:53:38','2017-05-25 19:53:38'),(3261,17,25.25,'B2',0.25,'2017-05-25 19:53:38','2017-05-25 19:53:38'),(3262,16,30.5,'B5',0.5,'2017-05-25 19:53:38','2017-05-25 19:53:38'),(3263,22,6.25,'E2',0.25,'2017-05-25 19:53:38','2017-05-25 19:53:38'),(3264,18,21.25,'C2',0.25,'2017-05-25 19:53:38','2017-05-25 19:53:38'),(3265,15,37,'C2',1,'2017-05-25 19:53:38','2017-05-25 19:53:38'),(3266,20,13,'B2',1,'2017-05-25 19:53:38','2017-05-25 19:53:38'),(3267,23,2.25,'F#1',0.25,'2017-05-25 19:53:38','2017-05-25 19:53:38'),(3268,19,17.25,'F2',0.25,'2017-05-25 19:53:39','2017-05-25 19:53:39'),(3269,21,10,'G#1',1,'2017-05-25 19:53:39','2017-05-25 19:53:39'),(3270,18,21.5,'Eb2',0.5,'2017-05-25 19:53:39','2017-05-25 19:53:39'),(3271,16,30.75,'Eb2',0.25,'2017-05-25 19:53:39','2017-05-25 19:53:39'),(3272,17,25.5,'Eb2',0.5,'2017-05-25 19:53:39','2017-05-25 19:53:39'),(3273,22,6.5,'E2',0.5,'2017-05-25 19:53:39','2017-05-25 19:53:39'),(3274,15,37,'G2',1,'2017-05-25 19:53:39','2017-05-25 19:53:39'),(3275,23,2.5,'A#1',0.5,'2017-05-25 19:53:39','2017-05-25 19:53:39'),(3276,20,13.25,'E2',0.25,'2017-05-25 19:53:39','2017-05-25 19:53:39'),(3277,21,10.25,'G#1',0.25,'2017-05-25 19:53:39','2017-05-25 19:53:39'),(3278,19,17.5,'F2',0.5,'2017-05-25 19:53:39','2017-05-25 19:53:39'),(3279,18,22,'C1',1,'2017-05-25 19:53:39','2017-05-25 19:53:39'),(3280,16,31,'Eb2',1,'2017-05-25 19:53:39','2017-05-25 19:53:39'),(3281,17,26,'B1',1,'2017-05-25 19:53:39','2017-05-25 19:53:39'),(3282,22,6.75,'Db2',0.25,'2017-05-25 19:53:39','2017-05-25 19:53:39'),(3283,15,37.25,'C2',0.25,'2017-05-25 19:53:39','2017-05-25 19:53:39'),(3284,23,2.75,'F#1',0.25,'2017-05-25 19:53:39','2017-05-25 19:53:39'),(3285,20,13.5,'G2',0.5,'2017-05-25 19:53:39','2017-05-25 19:53:39'),(3286,21,10.5,'C2',0.5,'2017-05-25 19:53:39','2017-05-25 19:53:39'),(3287,19,18,'D2',1,'2017-05-25 19:53:39','2017-05-25 19:53:39'),(3288,18,22.25,'C2',0.25,'2017-05-25 19:53:39','2017-05-25 19:53:39'),(3289,22,7,'Db2',1,'2017-05-25 19:53:39','2017-05-25 19:53:39'),(3290,17,26.25,'B2',0.25,'2017-05-25 19:53:39','2017-05-25 19:53:39'),(3291,16,31,'B3',1,'2017-05-25 19:53:39','2017-05-25 19:53:39'),(3292,23,3,'F#1',1,'2017-05-25 19:53:39','2017-05-25 19:53:39'),(3293,20,14,'E2',1,'2017-05-25 19:53:39','2017-05-25 19:53:39'),(3294,15,37.5,'E2',0.5,'2017-05-25 19:53:39','2017-05-25 19:53:39'),(3295,19,18.25,'F2',0.25,'2017-05-25 19:53:39','2017-05-25 19:53:39'),(3296,21,10.75,'G#1',0.25,'2017-05-25 19:53:39','2017-05-25 19:53:39'),(3297,18,22.5,'Eb2',0.5,'2017-05-25 19:53:40','2017-05-25 19:53:40'),(3298,17,26.5,'Eb2',0.5,'2017-05-25 19:53:40','2017-05-25 19:53:40'),(3299,22,7,'Ab2',1,'2017-05-25 19:53:40','2017-05-25 19:53:40'),(3300,16,31,'B5',0.5,'2017-05-25 19:53:40','2017-05-25 19:53:40'),(3301,23,3,'C#2',1,'2017-05-25 19:53:40','2017-05-25 19:53:40'),(3302,15,38,'C2',1,'2017-05-25 19:53:40','2017-05-25 19:53:40'),(3303,20,14.25,'E2',0.25,'2017-05-25 19:53:40','2017-05-25 19:53:40'),(3304,18,22.75,'G1',0.25,'2017-05-25 19:53:40','2017-05-25 19:53:40'),(3305,21,11,'G#1',1,'2017-05-25 19:53:40','2017-05-25 19:53:40'),(3306,19,18.5,'F2',0.5,'2017-05-25 19:53:40','2017-05-25 19:53:40'),(3307,16,31.25,'Ab2',0.25,'2017-05-25 19:53:40','2017-05-25 19:53:40'),(3308,17,26.75,'Ab1',0.25,'2017-05-25 19:53:40','2017-05-25 19:53:40'),(3309,22,7.25,'E2',0.25,'2017-05-25 19:53:40','2017-05-25 19:53:40'),(3310,23,3.25,'F#1',0.25,'2017-05-25 19:53:40','2017-05-25 19:53:40'),(3311,15,38.25,'C2',0.25,'2017-05-25 19:53:40','2017-05-25 19:53:40'),(3312,18,23,'C1',1,'2017-05-25 19:53:40','2017-05-25 19:53:40'),(3313,20,14.5,'G2',0.5,'2017-05-25 19:53:40','2017-05-25 19:53:40'),(3314,21,11,'D#2',1,'2017-05-25 19:53:40','2017-05-25 19:53:40'),(3315,19,18.75,'D2',0.25,'2017-05-25 19:53:40','2017-05-25 19:53:40'),(3316,22,7.5,'E2',0.5,'2017-05-25 19:53:40','2017-05-25 19:53:40'),(3317,17,27,'B1',1,'2017-05-25 19:53:40','2017-05-25 19:53:40'),(3318,23,3.5,'A#1',0.5,'2017-05-25 19:53:40','2017-05-25 19:53:40'),(3319,15,38.5,'E2',0.5,'2017-05-25 19:53:40','2017-05-25 19:53:40'),(3320,24,0,'Gb1',1,'2017-05-25 19:53:40','2017-05-25 19:53:40'),(3321,21,11.25,'G#1',0.25,'2017-05-25 19:53:40','2017-05-25 19:53:40'),(3322,18,23,'Eb2',1,'2017-05-25 19:53:40','2017-05-25 19:53:40'),(3323,20,14.5,'B5',0.5,'2017-05-25 19:53:40','2017-05-25 19:53:40'),(3324,19,19,'D2',1,'2017-05-25 19:53:40','2017-05-25 19:53:40'),(3325,22,8,'Db2',1,'2017-05-25 19:53:40','2017-05-25 19:53:40'),(3326,17,27,'Eb2',1,'2017-05-25 19:53:40','2017-05-25 19:53:40'),(3327,23,4,'F#1',1,'2017-05-25 19:53:41','2017-05-25 19:53:41'),(3328,21,11.5,'C2',0.5,'2017-05-25 19:53:41','2017-05-25 19:53:41'),(3329,15,38.75,'C1',0.25,'2017-05-25 19:53:41','2017-05-25 19:53:41'),(3330,20,14.75,'E2',0.25,'2017-05-25 19:53:41','2017-05-25 19:53:41'),(3331,24,0,'Gb1',4,'2017-05-25 19:53:41','2017-05-25 19:53:41'),(3332,19,19,'A#2',1,'2017-05-25 19:53:41','2017-05-25 19:53:41'),(3333,18,23.25,'C2',0.25,'2017-05-25 19:53:41','2017-05-25 19:53:41'),(3334,22,8.25,'D2',0.25,'2017-05-25 19:53:41','2017-05-25 19:53:41'),(3335,17,27.25,'B2',0.25,'2017-05-25 19:53:41','2017-05-25 19:53:41'),(3336,23,4.5,'A#1',0.5,'2017-05-25 19:53:41','2017-05-25 19:53:41'),(3337,20,15,'E2',1,'2017-05-25 19:53:41','2017-05-25 19:53:41'),(3338,19,19.25,'F2',0.25,'2017-05-25 19:53:41','2017-05-25 19:53:41'),(3339,21,12,'G#1',1,'2017-05-25 19:53:41','2017-05-25 19:53:41'),(3340,18,23.5,'Eb2',0.5,'2017-05-25 19:53:41','2017-05-25 19:53:41'),(3341,24,0.25,'A1',0.25,'2017-05-25 19:53:41','2017-05-25 19:53:41'),(3342,15,39,'C2',1,'2017-05-25 19:53:41','2017-05-25 19:53:41'),(3343,22,8.5,'F2',0.5,'2017-05-25 19:53:41','2017-05-25 19:53:41'),(3344,17,27.5,'Eb2',0.5,'2017-05-25 19:53:41','2017-05-25 19:53:41'),(3345,20,15,'B2',1,'2017-05-25 19:53:41','2017-05-25 19:53:41'),(3346,23,4.75,'F#1',0.25,'2017-05-25 19:53:41','2017-05-25 19:53:41'),(3347,15,39,'G2',1,'2017-05-25 19:53:41','2017-05-25 19:53:41'),(3348,19,19.5,'F2',0.5,'2017-05-25 19:53:41','2017-05-25 19:53:41'),(3349,24,0.5,'A1',0.5,'2017-05-25 19:53:41','2017-05-25 19:53:41'),(3350,21,12.25,'G#1',0.25,'2017-05-25 19:53:41','2017-05-25 19:53:41'),(3351,22,8.75,'D2',0.25,'2017-05-25 19:53:41','2017-05-25 19:53:41'),(3352,18,24,'C1',1,'2017-05-25 19:53:41','2017-05-25 19:53:41'),(3353,17,28,'B1',1,'2017-05-25 19:53:41','2017-05-25 19:53:41'),(3354,20,15,'B4',0.5,'2017-05-25 19:53:41','2017-05-25 19:53:41'),(3355,19,20,'D2',1,'2017-05-25 19:53:42','2017-05-25 19:53:42'),(3356,22,9,'D2',1,'2017-05-25 19:53:42','2017-05-25 19:53:42'),(3357,18,24.25,'Db2',0.25,'2017-05-25 19:53:42','2017-05-25 19:53:42'),(3358,24,1,'Gb1',1,'2017-05-25 19:53:42','2017-05-25 19:53:42'),(3359,21,12.5,'C2',0.5,'2017-05-25 19:53:42','2017-05-25 19:53:42'),(3360,23,5,'F#1',1,'2017-05-25 19:53:42','2017-05-25 19:53:42'),(3361,17,28.25,'B2',0.25,'2017-05-25 19:53:42','2017-05-25 19:53:42'),(3362,15,39.25,'C2',0.25,'2017-05-25 19:53:42','2017-05-25 19:53:42'),(3363,20,15.25,'E2',0.25,'2017-05-25 19:53:42','2017-05-25 19:53:42'),(3364,19,20.25,'F2',0.25,'2017-05-25 19:53:42','2017-05-25 19:53:42'),(3365,22,9,'A2',1,'2017-05-25 19:53:42','2017-05-25 19:53:42'),(3366,18,24.5,'Db2',0.5,'2017-05-25 19:53:42','2017-05-25 19:53:42'),(3367,23,5,'C#2',1,'2017-05-25 19:53:42','2017-05-25 19:53:42'),(3368,21,12.75,'G#1',0.25,'2017-05-25 19:53:42','2017-05-25 19:53:42'),(3369,24,1,'Db2',1,'2017-05-25 19:53:42','2017-05-25 19:53:42'),(3370,17,28.5,'Eb2',0.5,'2017-05-25 19:53:42','2017-05-25 19:53:42'),(3371,15,39.5,'E2',0.5,'2017-05-25 19:53:42','2017-05-25 19:53:42'),(3372,20,15.5,'G2',0.5,'2017-05-25 19:53:43','2017-05-25 19:53:43'),(3373,22,9.25,'D2',0.25,'2017-05-25 19:53:43','2017-05-25 19:53:43'),(3374,23,5.25,'F#1',0.25,'2017-05-25 19:53:43','2017-05-25 19:53:43'),(3375,18,24.75,'Ab1',0.25,'2017-05-25 19:53:43','2017-05-25 19:53:43'),(3376,24,1.5,'A1',0.5,'2017-05-25 19:53:43','2017-05-25 19:53:43'),(3377,19,20.5,'F2',0.5,'2017-05-25 19:53:43','2017-05-25 19:53:43'),(3378,21,13,'G#1',1,'2017-05-25 19:53:43','2017-05-25 19:53:43'),(3379,17,28.75,'Ab1',0.25,'2017-05-25 19:53:43','2017-05-25 19:53:43'),(3380,15,40,'C2',1,'2017-05-25 19:53:43','2017-05-25 19:53:43'),(3381,23,5.5,'A#1',0.5,'2017-05-25 19:53:43','2017-05-25 19:53:43'),(3382,20,16,'E2',1,'2017-05-25 19:53:43','2017-05-25 19:53:43'),(3383,18,25,'Ab1',1,'2017-05-25 19:53:43','2017-05-25 19:53:43'),(3384,24,1.75,'Gb1',0.25,'2017-05-25 19:53:43','2017-05-25 19:53:43'),(3385,19,20.75,'D2',0.25,'2017-05-25 19:53:43','2017-05-25 19:53:43'),(3386,22,9.5,'F2',0.5,'2017-05-25 19:53:43','2017-05-25 19:53:43'),(3387,21,13,'D#2',1,'2017-05-25 19:53:43','2017-05-25 19:53:43'),(3388,17,29,'B1',1,'2017-05-25 19:53:43','2017-05-25 19:53:43'),(3389,15,40.25,'C2',0.25,'2017-05-25 19:53:43','2017-05-25 19:53:43'),(3390,24,2,'Gb1',1,'2017-05-25 19:53:43','2017-05-25 19:53:43'),(3391,18,25,'E2',1,'2017-05-25 19:53:43','2017-05-25 19:53:43'),(3392,23,6,'F#1',1,'2017-05-25 19:53:43','2017-05-25 19:53:43'),(3393,20,16.25,'F2',0.25,'2017-05-25 19:53:43','2017-05-25 19:53:43'),(3394,22,10,'D2',1,'2017-05-25 19:53:43','2017-05-25 19:53:43'),(3395,19,21,'D2',1,'2017-05-25 19:53:43','2017-05-25 19:53:43'),(3396,17,29,'Eb2',1,'2017-05-25 19:53:43','2017-05-25 19:53:43'),(3397,21,13.25,'G#1',0.25,'2017-05-25 19:53:43','2017-05-25 19:53:43'),(3398,18,25.25,'Db2',0.25,'2017-05-25 19:53:43','2017-05-25 19:53:43'),(3399,15,40.5,'E2',0.5,'2017-05-25 19:53:43','2017-05-25 19:53:43'),(3400,24,2.25,'A1',0.25,'2017-05-25 19:53:43','2017-05-25 19:53:43'),(3401,22,10.25,'D2',0.25,'2017-05-25 19:53:43','2017-05-25 19:53:43'),(3402,23,6.25,'F#1',0.25,'2017-05-25 19:53:43','2017-05-25 19:53:43'),(3403,19,21,'A#2',1,'2017-05-25 19:53:43','2017-05-25 19:53:43'),(3404,17,29.25,'B2',0.25,'2017-05-25 19:53:43','2017-05-25 19:53:43'),(3405,20,16.5,'Ab2',0.5,'2017-05-25 19:53:43','2017-05-25 19:53:43'),(3406,21,13.5,'C2',0.5,'2017-05-25 19:53:43','2017-05-25 19:53:43'),(3407,15,40.75,'C1',0.25,'2017-05-25 19:53:44','2017-05-25 19:53:44'),(3408,18,25.5,'Db2',0.5,'2017-05-25 19:53:44','2017-05-25 19:53:44'),(3409,24,2.5,'A1',0.5,'2017-05-25 19:53:44','2017-05-25 19:53:44'),(3410,17,29.5,'Eb2',0.5,'2017-05-25 19:53:44','2017-05-25 19:53:44'),(3411,19,21.25,'F2',0.25,'2017-05-25 19:53:44','2017-05-25 19:53:44'),(3412,23,6.5,'A#1',0.5,'2017-05-25 19:53:44','2017-05-25 19:53:44'),(3413,22,10.5,'F2',0.5,'2017-05-25 19:53:44','2017-05-25 19:53:44'),(3414,20,16.75,'C2',0.25,'2017-05-25 19:53:44','2017-05-25 19:53:44'),(3415,21,14,'G#1',1,'2017-05-25 19:53:44','2017-05-25 19:53:44'),(3416,18,26,'Ab1',1,'2017-05-25 19:53:44','2017-05-25 19:53:44'),(3417,15,41,'C2',1,'2017-05-25 19:53:44','2017-05-25 19:53:44'),(3418,24,2.75,'Gb1',0.25,'2017-05-25 19:53:44','2017-05-25 19:53:44'),(3419,17,30,'B1',1,'2017-05-25 19:53:44','2017-05-25 19:53:44'),(3420,19,21.5,'F2',0.5,'2017-05-25 19:53:44','2017-05-25 19:53:44'),(3421,20,17,'F2',1,'2017-05-25 19:53:44','2017-05-25 19:53:44'),(3422,22,10.75,'D2',0.25,'2017-05-25 19:53:44','2017-05-25 19:53:44'),(3423,23,6.75,'F#1',0.25,'2017-05-25 19:53:44','2017-05-25 19:53:44'),(3424,21,14.25,'G#1',0.25,'2017-05-25 19:53:44','2017-05-25 19:53:44'),(3425,18,26.25,'Db2',0.25,'2017-05-25 19:53:44','2017-05-25 19:53:44'),(3426,15,41,'G2',1,'2017-05-25 19:53:44','2017-05-25 19:53:44'),(3427,24,3,'Gb1',1,'2017-05-25 19:53:44','2017-05-25 19:53:44'),(3428,17,30.25,'B2',0.25,'2017-05-25 19:53:44','2017-05-25 19:53:44'),(3429,19,22,'D2',1,'2017-05-25 19:53:44','2017-05-25 19:53:44'),(3430,22,11,'D2',1,'2017-05-25 19:53:44','2017-05-25 19:53:44'),(3431,20,17,'Ab2',1,'2017-05-25 19:53:44','2017-05-25 19:53:44'),(3432,23,7,'F#1',1,'2017-05-25 19:53:44','2017-05-25 19:53:44'),(3433,21,14.5,'C2',0.5,'2017-05-25 19:53:44','2017-05-25 19:53:44'),(3434,15,41.25,'C2',0.25,'2017-05-25 19:53:44','2017-05-25 19:53:44'),(3435,24,3,'Db2',1,'2017-05-25 19:53:44','2017-05-25 19:53:44'),(3436,18,26.5,'Db2',0.5,'2017-05-25 19:53:44','2017-05-25 19:53:44'),(3437,23,7,'C#2',1,'2017-05-25 19:53:44','2017-05-25 19:53:44'),(3438,20,17.25,'F2',0.25,'2017-05-25 19:53:45','2017-05-25 19:53:45'),(3439,17,30.5,'Eb2',0.5,'2017-05-25 19:53:45','2017-05-25 19:53:45'),(3440,22,11,'A2',1,'2017-05-25 19:53:45','2017-05-25 19:53:45'),(3441,19,22.25,'F2',0.25,'2017-05-25 19:53:45','2017-05-25 19:53:45'),(3442,21,14.5,'D#5',0.5,'2017-05-25 19:53:45','2017-05-25 19:53:45'),(3443,15,41.5,'E2',0.5,'2017-05-25 19:53:45','2017-05-25 19:53:45'),(3444,25,0,'B1',1,'2017-05-25 19:53:45','2017-05-25 19:53:45'),(3445,18,26.75,'Ab1',0.25,'2017-05-25 19:53:45','2017-05-25 19:53:45'),(3446,24,3.25,'A1',0.25,'2017-05-25 19:53:45','2017-05-25 19:53:45'),(3447,23,7.25,'F#1',0.25,'2017-05-25 19:53:45','2017-05-25 19:53:45'),(3448,17,30.5,'Eb4',0.5,'2017-05-25 19:53:45','2017-05-25 19:53:45'),(3449,20,17.5,'Ab2',0.5,'2017-05-25 19:53:45','2017-05-25 19:53:45'),(3450,19,22.5,'F2',0.5,'2017-05-25 19:53:45','2017-05-25 19:53:45'),(3451,22,11.25,'D2',0.25,'2017-05-25 19:53:45','2017-05-25 19:53:45'),(3452,21,14.75,'G#1',0.25,'2017-05-25 19:53:45','2017-05-25 19:53:45'),(3453,15,42,'C2',1,'2017-05-25 19:53:45','2017-05-25 19:53:45'),(3454,25,0,'B1',4,'2017-05-25 19:53:45','2017-05-25 19:53:45'),(3455,23,7.5,'A#1',0.5,'2017-05-25 19:53:45','2017-05-25 19:53:45'),(3456,18,27,'Ab1',1,'2017-05-25 19:53:45','2017-05-25 19:53:45'),(3457,24,3.5,'A1',0.5,'2017-05-25 19:53:45','2017-05-25 19:53:45'),(3458,19,22.75,'D2',0.25,'2017-05-25 19:53:45','2017-05-25 19:53:45'),(3459,17,30.75,'Ab1',0.25,'2017-05-25 19:53:45','2017-05-25 19:53:45'),(3460,22,11.5,'F2',0.5,'2017-05-25 19:53:45','2017-05-25 19:53:45'),(3461,20,18,'F2',1,'2017-05-25 19:53:45','2017-05-25 19:53:45'),(3462,15,42.25,'C2',0.25,'2017-05-25 19:53:45','2017-05-25 19:53:45'),(3463,21,15,'G#1',1,'2017-05-25 19:53:45','2017-05-25 19:53:45'),(3464,24,4,'Gb1',1,'2017-05-25 19:53:45','2017-05-25 19:53:45'),(3465,25,0.25,'B2',0.25,'2017-05-25 19:53:45','2017-05-25 19:53:45'),(3466,23,8,'F#1',1,'2017-05-25 19:53:45','2017-05-25 19:53:45'),(3467,18,27,'E2',1,'2017-05-25 19:53:45','2017-05-25 19:53:45'),(3468,19,23,'D2',1,'2017-05-25 19:53:45','2017-05-25 19:53:45'),(3469,20,18.25,'F2',0.25,'2017-05-25 19:53:45','2017-05-25 19:53:45'),(3470,17,31,'B1',1,'2017-05-25 19:53:45','2017-05-25 19:53:45'),(3471,22,12,'D2',1,'2017-05-25 19:53:45','2017-05-25 19:53:45'),(3472,15,42.5,'E2',0.5,'2017-05-25 19:53:45','2017-05-25 19:53:45'),(3473,21,15,'D#2',1,'2017-05-25 19:53:45','2017-05-25 19:53:45'),(3474,25,0.5,'D#2',0.5,'2017-05-25 19:53:46','2017-05-25 19:53:46'),(3475,18,27.25,'Db2',0.25,'2017-05-25 19:53:46','2017-05-25 19:53:46'),(3476,23,8.25,'F#1',0.25,'2017-05-25 19:53:46','2017-05-25 19:53:46'),(3477,24,4.5,'A1',0.5,'2017-05-25 19:53:46','2017-05-25 19:53:46'),(3478,17,31,'Eb2',1,'2017-05-25 19:53:46','2017-05-25 19:53:46'),(3479,20,18.5,'Ab2',0.5,'2017-05-25 19:53:46','2017-05-25 19:53:46'),(3480,19,23,'A#2',1,'2017-05-25 19:53:46','2017-05-25 19:53:46'),(3481,22,12.25,'D2',0.25,'2017-05-25 19:53:46','2017-05-25 19:53:46'),(3482,15,42.75,'C1',0.25,'2017-05-25 19:53:46','2017-05-25 19:53:46'),(3483,21,15,'D#4',0.5,'2017-05-25 19:53:46','2017-05-25 19:53:46'),(3484,25,1,'B1',1,'2017-05-25 19:53:46','2017-05-25 19:53:46'),(3485,18,27.5,'Db2',0.5,'2017-05-25 19:53:46','2017-05-25 19:53:46'),(3486,24,4.75,'Gb1',0.25,'2017-05-25 19:53:46','2017-05-25 19:53:46'),(3487,23,8.5,'A#1',0.5,'2017-05-25 19:53:46','2017-05-25 19:53:46'),(3488,17,31,'Eb4',0.5,'2017-05-25 19:53:46','2017-05-25 19:53:46'),(3489,19,23.25,'F2',0.25,'2017-05-25 19:53:46','2017-05-25 19:53:46'),(3490,20,18.75,'C2',0.25,'2017-05-25 19:53:46','2017-05-25 19:53:46'),(3491,22,12.5,'F2',0.5,'2017-05-25 19:53:46','2017-05-25 19:53:46'),(3492,15,43,'C2',1,'2017-05-25 19:53:46','2017-05-25 19:53:46'),(3493,25,1,'F#2',1,'2017-05-25 19:53:46','2017-05-25 19:53:46'),(3494,21,15.25,'G#1',0.25,'2017-05-25 19:53:46','2017-05-25 19:53:46'),(3495,23,8.75,'F#1',0.25,'2017-05-25 19:53:46','2017-05-25 19:53:46'),(3496,18,28,'Ab1',1,'2017-05-25 19:53:46','2017-05-25 19:53:46'),(3497,24,5,'Gb1',1,'2017-05-25 19:53:46','2017-05-25 19:53:46'),(3498,19,23.5,'F2',0.5,'2017-05-25 19:53:46','2017-05-25 19:53:46'),(3499,17,31.25,'B2',0.25,'2017-05-25 19:53:46','2017-05-25 19:53:46'),(3500,20,19,'F2',1,'2017-05-25 19:53:46','2017-05-25 19:53:46'),(3501,15,43,'G2',1,'2017-05-25 19:53:46','2017-05-25 19:53:46'),(3502,21,15.5,'C2',0.5,'2017-05-25 19:53:46','2017-05-25 19:53:46'),(3503,25,1.5,'D#2',0.5,'2017-05-25 19:53:46','2017-05-25 19:53:46'),(3504,22,12.75,'D2',0.25,'2017-05-25 19:53:46','2017-05-25 19:53:46'),(3505,23,9,'F#1',1,'2017-05-25 19:53:46','2017-05-25 19:53:46'),(3506,24,5,'Db2',1,'2017-05-25 19:53:46','2017-05-25 19:53:46'),(3507,18,28.25,'Db2',0.25,'2017-05-25 19:53:46','2017-05-25 19:53:46'),(3508,19,24,'D2',1,'2017-05-25 19:53:46','2017-05-25 19:53:46'),(3509,20,19,'Ab2',1,'2017-05-25 19:53:46','2017-05-25 19:53:46'),(3510,17,31.5,'Eb2',0.5,'2017-05-25 19:53:46','2017-05-25 19:53:46'),(3511,15,43.25,'C2',0.25,'2017-05-25 19:53:46','2017-05-25 19:53:46'),(3512,21,16,'G#1',1,'2017-05-25 19:53:46','2017-05-25 19:53:46'),(3513,25,1.75,'B1',0.25,'2017-05-25 19:53:46','2017-05-25 19:53:46'),(3514,22,13,'D2',1,'2017-05-25 19:53:47','2017-05-25 19:53:47'),(3515,23,9,'C#2',1,'2017-05-25 19:53:47','2017-05-25 19:53:47'),(3516,24,5.25,'A1',0.25,'2017-05-25 19:53:47','2017-05-25 19:53:47'),(3517,19,24.25,'E2',0.25,'2017-05-25 19:53:47','2017-05-25 19:53:47'),(3518,18,28.5,'Db2',0.5,'2017-05-25 19:53:47','2017-05-25 19:53:47'),(3519,20,19.25,'F2',0.25,'2017-05-25 19:53:47','2017-05-25 19:53:47'),(3520,17,32,'B1',1,'2017-05-25 19:53:47','2017-05-25 19:53:47'),(3521,15,43.5,'E2',0.5,'2017-05-25 19:53:47','2017-05-25 19:53:47'),(3522,22,13,'A2',1,'2017-05-25 19:53:47','2017-05-25 19:53:47'),(3523,21,16.25,'A#1',0.25,'2017-05-25 19:53:47','2017-05-25 19:53:47'),(3524,25,2,'B1',1,'2017-05-25 19:53:47','2017-05-25 19:53:47'),(3525,24,5.5,'A1',0.5,'2017-05-25 19:53:47','2017-05-25 19:53:47'),(3526,23,9.25,'F#1',0.25,'2017-05-25 19:53:47','2017-05-25 19:53:47'),(3527,20,19.5,'Ab2',0.5,'2017-05-25 19:53:47','2017-05-25 19:53:47'),(3528,18,28.75,'Ab1',0.25,'2017-05-25 19:53:47','2017-05-25 19:53:47'),(3529,19,24.5,'Ab2',0.5,'2017-05-25 19:53:47','2017-05-25 19:53:47'),(3530,15,44,'C2',1,'2017-05-25 19:53:47','2017-05-25 19:53:47'),(3531,21,16.5,'A#2',0.5,'2017-05-25 19:53:47','2017-05-25 19:53:47'),(3532,17,32.25,'A#2',0.25,'2017-05-25 19:53:47','2017-05-25 19:53:47'),(3533,25,2.25,'B2',0.25,'2017-05-25 19:53:47','2017-05-25 19:53:47'),(3534,22,13.25,'D2',0.25,'2017-05-25 19:53:47','2017-05-25 19:53:47'),(3535,24,6,'Gb1',1,'2017-05-25 19:53:47','2017-05-25 19:53:47'),(3536,23,9.5,'A#1',0.5,'2017-05-25 19:53:47','2017-05-25 19:53:47'),(3537,20,20,'F2',1,'2017-05-25 19:53:47','2017-05-25 19:53:47'),(3538,18,29,'Ab1',1,'2017-05-25 19:53:47','2017-05-25 19:53:47'),(3539,15,44.25,'C2',0.25,'2017-05-25 19:53:47','2017-05-25 19:53:47'),(3540,19,24.75,'Db2',0.25,'2017-05-25 19:53:47','2017-05-25 19:53:47'),(3541,21,16.75,'G1',0.25,'2017-05-25 19:53:47','2017-05-25 19:53:47'),(3542,25,2.5,'D#2',0.5,'2017-05-25 19:53:47','2017-05-25 19:53:47'),(3543,17,32.5,'D2',0.5,'2017-05-25 19:53:47','2017-05-25 19:53:47'),(3544,22,13.5,'F2',0.5,'2017-05-25 19:53:47','2017-05-25 19:53:47'),(3545,23,10,'F#1',1,'2017-05-25 19:53:47','2017-05-25 19:53:47'),(3546,24,6.25,'A1',0.25,'2017-05-25 19:53:47','2017-05-25 19:53:47'),(3547,18,29,'E2',1,'2017-05-25 19:53:48','2017-05-25 19:53:48'),(3548,20,20.25,'F2',0.25,'2017-05-25 19:53:48','2017-05-25 19:53:48'),(3549,15,44.5,'E2',0.5,'2017-05-25 19:53:48','2017-05-25 19:53:48'),(3550,17,32.75,'A#1',0.25,'2017-05-25 19:53:48','2017-05-25 19:53:48'),(3551,25,2.75,'B1',0.25,'2017-05-25 19:53:48','2017-05-25 19:53:48'),(3552,19,25,'E2',1,'2017-05-25 19:53:48','2017-05-25 19:53:48'),(3553,21,17,'G1',1,'2017-05-25 19:53:48','2017-05-25 19:53:48'),(3554,23,10.25,'F#1',0.25,'2017-05-25 19:53:48','2017-05-25 19:53:48'),(3555,24,6.5,'A1',0.5,'2017-05-25 19:53:48','2017-05-25 19:53:48'),(3556,22,14,'D2',1,'2017-05-25 19:53:48','2017-05-25 19:53:48'),(3557,18,29.25,'Db2',0.25,'2017-05-25 19:53:48','2017-05-25 19:53:48'),(3558,15,44.75,'C1',0.25,'2017-05-25 19:53:48','2017-05-25 19:53:48'),(3559,20,20.5,'Ab2',0.5,'2017-05-25 19:53:48','2017-05-25 19:53:48'),(3560,17,33,'A#1',1,'2017-05-25 19:53:48','2017-05-25 19:53:48'),(3561,19,25,'Ab2',1,'2017-05-25 19:53:48','2017-05-25 19:53:48'),(3562,21,17,'D#2',1,'2017-05-25 19:53:48','2017-05-25 19:53:48'),(3563,25,3,'B1',1,'2017-05-25 19:53:48','2017-05-25 19:53:48'),(3564,23,10.5,'A#1',0.5,'2017-05-25 19:53:48','2017-05-25 19:53:48'),(3565,24,6.75,'Gb1',0.25,'2017-05-25 19:53:48','2017-05-25 19:53:48'),(3566,22,14.25,'D2',0.25,'2017-05-25 19:53:48','2017-05-25 19:53:48'),(3567,18,29.5,'Db2',0.5,'2017-05-25 19:53:48','2017-05-25 19:53:48'),(3568,15,45,'C2',1,'2017-05-25 19:53:48','2017-05-25 19:53:48'),(3569,20,20.75,'C2',0.25,'2017-05-25 19:53:48','2017-05-25 19:53:48'),(3570,17,33,'F2',1,'2017-05-25 19:53:48','2017-05-25 19:53:48'),(3571,21,17.25,'A#1',0.25,'2017-05-25 19:53:48','2017-05-25 19:53:48'),(3572,25,3,'F#2',1,'2017-05-25 19:53:48','2017-05-25 19:53:48'),(3573,19,25.25,'E2',0.25,'2017-05-25 19:53:48','2017-05-25 19:53:48'),(3574,23,10.75,'F#1',0.25,'2017-05-25 19:53:48','2017-05-25 19:53:48'),(3575,24,7,'Gb1',1,'2017-05-25 19:53:48','2017-05-25 19:53:48'),(3576,22,14.5,'F2',0.5,'2017-05-25 19:53:48','2017-05-25 19:53:48'),(3577,18,30,'Ab1',1,'2017-05-25 19:53:48','2017-05-25 19:53:48'),(3578,20,21,'F2',1,'2017-05-25 19:53:48','2017-05-25 19:53:48'),(3579,15,45,'G2',1,'2017-05-25 19:53:48','2017-05-25 19:53:48'),(3580,17,33.25,'A#2',0.25,'2017-05-25 19:53:48','2017-05-25 19:53:48'),(3581,21,17.5,'A#2',0.5,'2017-05-25 19:53:49','2017-05-25 19:53:49'),(3582,19,25.5,'Ab2',0.5,'2017-05-25 19:53:49','2017-05-25 19:53:49'),(3583,23,11,'F#1',1,'2017-05-25 19:53:49','2017-05-25 19:53:49'),(3584,25,3.25,'B2',0.25,'2017-05-25 19:53:49','2017-05-25 19:53:49'),(3585,24,7,'Db2',1,'2017-05-25 19:53:49','2017-05-25 19:53:49'),(3586,22,14.5,'A5',0.5,'2017-05-25 19:53:49','2017-05-25 19:53:49'),(3587,18,30.25,'Db2',0.25,'2017-05-25 19:53:49','2017-05-25 19:53:49'),(3588,20,21,'Ab2',1,'2017-05-25 19:53:49','2017-05-25 19:53:49'),(3589,21,18,'G1',1,'2017-05-25 19:53:49','2017-05-25 19:53:49'),(3590,15,45.25,'C2',0.25,'2017-05-25 19:53:49','2017-05-25 19:53:49'),(3591,17,33.5,'D2',0.5,'2017-05-25 19:53:49','2017-05-25 19:53:49'),(3592,19,26,'E2',1,'2017-05-25 19:53:49','2017-05-25 19:53:49'),(3593,25,3.5,'D#2',0.5,'2017-05-25 19:53:49','2017-05-25 19:53:49'),(3594,23,11,'C#2',1,'2017-05-25 19:53:49','2017-05-25 19:53:49'),(3595,24,7.25,'A1',0.25,'2017-05-25 19:53:49','2017-05-25 19:53:49'),(3596,22,14.75,'D2',0.25,'2017-05-25 19:53:49','2017-05-25 19:53:49'),(3597,17,34,'A#1',1,'2017-05-25 19:53:49','2017-05-25 19:53:49'),(3598,20,21.25,'F2',0.25,'2017-05-25 19:53:49','2017-05-25 19:53:49'),(3599,15,45.5,'E2',0.5,'2017-05-25 19:53:49','2017-05-25 19:53:49'),(3600,21,18.25,'A#1',0.25,'2017-05-25 19:53:49','2017-05-25 19:53:49'),(3601,18,30.5,'Db2',0.5,'2017-05-25 19:53:49','2017-05-25 19:53:49'),(3602,19,26.25,'E2',0.25,'2017-05-25 19:53:49','2017-05-25 19:53:49'),(3603,24,7.5,'A1',0.5,'2017-05-25 19:53:49','2017-05-25 19:53:49'),(3604,25,4,'B1',1,'2017-05-25 19:53:49','2017-05-25 19:53:49'),(3605,23,11.25,'F#1',0.25,'2017-05-25 19:53:49','2017-05-25 19:53:49'),(3606,22,15,'D2',1,'2017-05-25 19:53:49','2017-05-25 19:53:49'),(3607,18,30.5,'E4',0.5,'2017-05-25 19:53:49','2017-05-25 19:53:49'),(3608,15,46,'C2',1,'2017-05-25 19:53:49','2017-05-25 19:53:49'),(3609,19,26.5,'Ab2',0.5,'2017-05-25 19:53:49','2017-05-25 19:53:49'),(3610,21,18.5,'A#2',0.5,'2017-05-25 19:53:49','2017-05-25 19:53:49'),(3611,17,34.25,'A#2',0.25,'2017-05-25 19:53:49','2017-05-25 19:53:49'),(3612,20,21.5,'Ab2',0.5,'2017-05-25 19:53:49','2017-05-25 19:53:49'),(3613,25,4.5,'D#2',0.5,'2017-05-25 19:53:49','2017-05-25 19:53:49'),(3614,23,11.5,'A#1',0.5,'2017-05-25 19:53:49','2017-05-25 19:53:49'),(3615,22,15,'A2',1,'2017-05-25 19:53:49','2017-05-25 19:53:49'),(3616,24,8,'Gb1',1,'2017-05-25 19:53:49','2017-05-25 19:53:49'),(3617,15,46.25,'C2',0.25,'2017-05-25 19:53:50','2017-05-25 19:53:50'),(3618,17,34.5,'D2',0.5,'2017-05-25 19:53:50','2017-05-25 19:53:50'),(3619,21,18.75,'G1',0.25,'2017-05-25 19:53:50','2017-05-25 19:53:50'),(3620,20,22,'F2',1,'2017-05-25 19:53:50','2017-05-25 19:53:50'),(3621,19,26.75,'Db2',0.25,'2017-05-25 19:53:50','2017-05-25 19:53:50'),(3622,18,30.75,'Ab1',0.25,'2017-05-25 19:53:50','2017-05-25 19:53:50'),(3623,25,4.75,'B1',0.25,'2017-05-25 19:53:50','2017-05-25 19:53:50'),(3624,22,15,'A4',0.5,'2017-05-25 19:53:50','2017-05-25 19:53:50'),(3625,23,12,'F#1',1,'2017-05-25 19:53:50','2017-05-25 19:53:50'),(3626,24,8.25,'G1',0.25,'2017-05-25 19:53:50','2017-05-25 19:53:50'),(3627,15,46.5,'E2',0.5,'2017-05-25 19:53:50','2017-05-25 19:53:50'),(3628,21,19,'G1',1,'2017-05-25 19:53:50','2017-05-25 19:53:50'),(3629,17,34.75,'A#1',0.25,'2017-05-25 19:53:50','2017-05-25 19:53:50'),(3630,18,31,'Ab1',1,'2017-05-25 19:53:50','2017-05-25 19:53:50'),(3631,19,27,'E2',1,'2017-05-25 19:53:50','2017-05-25 19:53:50'),(3632,20,22.25,'F2',0.25,'2017-05-25 19:53:50','2017-05-25 19:53:50'),(3633,22,15.25,'D2',0.25,'2017-05-25 19:53:50','2017-05-25 19:53:50'),(3634,24,8.5,'Bb1',0.5,'2017-05-25 19:53:50','2017-05-25 19:53:50'),(3635,25,5,'B1',1,'2017-05-25 19:53:50','2017-05-25 19:53:50'),(3636,23,12.25,'F#1',0.25,'2017-05-25 19:53:50','2017-05-25 19:53:50'),(3637,15,46.5,'G4',0.5,'2017-05-25 19:53:50','2017-05-25 19:53:50'),(3638,17,35,'A#1',1,'2017-05-25 19:53:50','2017-05-25 19:53:50'),(3639,21,19,'D#2',1,'2017-05-25 19:53:50','2017-05-25 19:53:50'),(3640,18,31,'E2',1,'2017-05-25 19:53:50','2017-05-25 19:53:50'),(3641,20,22.5,'Ab2',0.5,'2017-05-25 19:53:50','2017-05-25 19:53:50'),(3642,22,15.5,'F2',0.5,'2017-05-25 19:53:50','2017-05-25 19:53:50'),(3643,19,27,'Ab2',1,'2017-05-25 19:53:50','2017-05-25 19:53:50'),(3644,25,5,'F#2',1,'2017-05-25 19:53:50','2017-05-25 19:53:50'),(3645,24,8.75,'G1',0.25,'2017-05-25 19:53:50','2017-05-25 19:53:50'),(3646,23,12.5,'A#1',0.5,'2017-05-25 19:53:50','2017-05-25 19:53:50'),(3647,15,46.75,'C1',0.25,'2017-05-25 19:53:51','2017-05-25 19:53:51'),(3648,20,22.75,'C2',0.25,'2017-05-25 19:53:51','2017-05-25 19:53:51'),(3649,21,19.25,'A#1',0.25,'2017-05-25 19:53:51','2017-05-25 19:53:51'),(3650,18,31,'E4',0.5,'2017-05-25 19:53:51','2017-05-25 19:53:51'),(3651,17,35,'F2',1,'2017-05-25 19:53:51','2017-05-25 19:53:51'),(3652,19,27.25,'E2',0.25,'2017-05-25 19:53:51','2017-05-25 19:53:51'),(3653,22,16,'D2',1,'2017-05-25 19:53:51','2017-05-25 19:53:51'),(3654,24,9,'G1',1,'2017-05-25 19:53:51','2017-05-25 19:53:51'),(3655,25,5.25,'B2',0.25,'2017-05-25 19:53:51','2017-05-25 19:53:51'),(3656,23,12.75,'F#1',0.25,'2017-05-25 19:53:51','2017-05-25 19:53:51'),(3657,15,47,'C2',1,'2017-05-25 19:53:51','2017-05-25 19:53:51'),(3658,19,27.5,'Ab2',0.5,'2017-05-25 19:53:51','2017-05-25 19:53:51'),(3659,21,19.5,'A#2',0.5,'2017-05-25 19:53:51','2017-05-25 19:53:51'),(3660,18,31.25,'Db2',0.25,'2017-05-25 19:53:51','2017-05-25 19:53:51'),(3661,20,23,'F2',1,'2017-05-25 19:53:51','2017-05-25 19:53:51'),(3662,17,35.25,'A#2',0.25,'2017-05-25 19:53:51','2017-05-25 19:53:51'),(3663,22,16.25,'Eb2',0.25,'2017-05-25 19:53:51','2017-05-25 19:53:51'),(3664,25,5.5,'D#2',0.5,'2017-05-25 19:53:51','2017-05-25 19:53:51'),(3665,24,9,'D2',1,'2017-05-25 19:53:51','2017-05-25 19:53:51'),(3666,23,13,'F#1',1,'2017-05-25 19:53:51','2017-05-25 19:53:51'),(3667,15,47,'G2',1,'2017-05-25 19:53:51','2017-05-25 19:53:51'),(3668,21,20,'G1',1,'2017-05-25 19:53:51','2017-05-25 19:53:51'),(3669,17,35.5,'D2',0.5,'2017-05-25 19:53:51','2017-05-25 19:53:51'),(3670,22,16.5,'Gb2',0.5,'2017-05-25 19:53:51','2017-05-25 19:53:51'),(3671,25,6,'B1',1,'2017-05-25 19:53:51','2017-05-25 19:53:51'),(3672,20,23,'Ab2',1,'2017-05-25 19:53:51','2017-05-25 19:53:51'),(3673,19,28,'E2',1,'2017-05-25 19:53:51','2017-05-25 19:53:51'),(3674,23,13,'C#2',1,'2017-05-25 19:53:51','2017-05-25 19:53:51'),(3675,24,9.25,'G1',0.25,'2017-05-25 19:53:51','2017-05-25 19:53:51'),(3676,15,47,'G4',0.5,'2017-05-25 19:53:51','2017-05-25 19:53:51'),(3677,19,28.25,'E2',0.25,'2017-05-25 19:53:52','2017-05-25 19:53:52'),(3678,21,20.25,'A#1',0.25,'2017-05-25 19:53:52','2017-05-25 19:53:52'),(3679,20,23.25,'F2',0.25,'2017-05-25 19:53:52','2017-05-25 19:53:52'),(3680,17,36,'A#1',1,'2017-05-25 19:53:52','2017-05-25 19:53:52'),(3681,22,16.75,'Bb2',0.25,'2017-05-25 19:53:52','2017-05-25 19:53:52'),(3682,25,6.25,'B2',0.25,'2017-05-25 19:53:52','2017-05-25 19:53:52'),(3683,23,13.25,'F#1',0.25,'2017-05-25 19:53:52','2017-05-25 19:53:52'),(3684,24,9.5,'Bb1',0.5,'2017-05-25 19:53:52','2017-05-25 19:53:52'),(3685,15,47.25,'C2',0.25,'2017-05-25 19:53:52','2017-05-25 19:53:52'),(3686,25,6.5,'D#2',0.5,'2017-05-25 19:53:52','2017-05-25 19:53:52'),(3687,19,28.5,'Ab2',0.5,'2017-05-25 19:53:52','2017-05-25 19:53:52'),(3688,22,17,'Eb2',1,'2017-05-25 19:53:52','2017-05-25 19:53:52'),(3689,17,36.25,'A#2',0.25,'2017-05-25 19:53:52','2017-05-25 19:53:52'),(3690,21,20.5,'A#2',0.5,'2017-05-25 19:53:52','2017-05-25 19:53:52'),(3691,20,23.5,'Ab2',0.5,'2017-05-25 19:53:52','2017-05-25 19:53:52'),(3692,23,13.5,'A#1',0.5,'2017-05-25 19:53:52','2017-05-25 19:53:52'),(3693,24,10,'G1',1,'2017-05-25 19:53:52','2017-05-25 19:53:52'),(3694,15,47.5,'E2',0.5,'2017-05-25 19:53:52','2017-05-25 19:53:52'),(3695,21,20.75,'G1',0.25,'2017-05-25 19:53:52','2017-05-25 19:53:52'),(3696,19,28.75,'Db2',0.25,'2017-05-25 19:53:52','2017-05-25 19:53:52'),(3697,20,24,'F2',1,'2017-05-25 19:53:52','2017-05-25 19:53:52'),(3698,22,17,'Gb2',1,'2017-05-25 19:53:52','2017-05-25 19:53:52'),(3699,25,6.75,'B1',0.25,'2017-05-25 19:53:52','2017-05-25 19:53:52'),(3700,17,36.5,'D2',0.5,'2017-05-25 19:53:52','2017-05-25 19:53:52'),(3701,23,14,'F#1',1,'2017-05-25 19:53:52','2017-05-25 19:53:52'),(3702,24,10.25,'G1',0.25,'2017-05-25 19:53:52','2017-05-25 19:53:52'),(3703,15,48,'C2',1,'2017-05-25 19:53:52','2017-05-25 19:53:52'),(3704,21,21,'G1',1,'2017-05-25 19:53:52','2017-05-25 19:53:52'),(3705,20,24.25,'Gb2',0.25,'2017-05-25 19:53:52','2017-05-25 19:53:52'),(3706,25,7,'B1',1,'2017-05-25 19:53:52','2017-05-25 19:53:52'),(3707,19,29,'E2',1,'2017-05-25 19:53:52','2017-05-25 19:53:52'),(3708,22,17.25,'Eb2',0.25,'2017-05-25 19:53:52','2017-05-25 19:53:52'),(3709,17,36.75,'A#1',0.25,'2017-05-25 19:53:52','2017-05-25 19:53:52'),(3710,24,10.5,'Bb1',0.5,'2017-05-25 19:53:52','2017-05-25 19:53:52'),(3711,23,14.25,'F#1',0.25,'2017-05-25 19:53:52','2017-05-25 19:53:52'),(3712,15,48.25,'D2',0.25,'2017-05-25 19:53:53','2017-05-25 19:53:53'),(3713,21,21,'D#2',1,'2017-05-25 19:53:53','2017-05-25 19:53:53'),(3714,19,29,'Ab2',1,'2017-05-25 19:53:53','2017-05-25 19:53:53'),(3715,20,24.5,'Gb2',0.5,'2017-05-25 19:53:53','2017-05-25 19:53:53'),(3716,24,10.75,'G1',0.25,'2017-05-25 19:53:53','2017-05-25 19:53:53'),(3717,22,17.5,'Gb2',0.5,'2017-05-25 19:53:53','2017-05-25 19:53:53'),(3718,17,37,'A#1',1,'2017-05-25 19:53:53','2017-05-25 19:53:53'),(3719,25,7,'F#2',1,'2017-05-25 19:53:53','2017-05-25 19:53:53'),(3720,23,14.5,'A#1',0.5,'2017-05-25 19:53:53','2017-05-25 19:53:53'),(3721,15,48.5,'D2',0.5,'2017-05-25 19:53:53','2017-05-25 19:53:53'),(3722,20,24.75,'Db2',0.25,'2017-05-25 19:53:53','2017-05-25 19:53:53'),(3723,21,21.25,'A#1',0.25,'2017-05-25 19:53:53','2017-05-25 19:53:53'),(3724,19,29.25,'E2',0.25,'2017-05-25 19:53:53','2017-05-25 19:53:53'),(3725,24,11,'G1',1,'2017-05-25 19:53:53','2017-05-25 19:53:53'),(3726,22,18,'Eb2',1,'2017-05-25 19:53:53','2017-05-25 19:53:53'),(3727,25,7.25,'B2',0.25,'2017-05-25 19:53:53','2017-05-25 19:53:53'),(3728,23,14.5,'C#5',0.5,'2017-05-25 19:53:53','2017-05-25 19:53:53'),(3729,17,37,'F2',1,'2017-05-25 19:53:53','2017-05-25 19:53:53'),(3730,15,48.75,'B1',0.25,'2017-05-25 19:53:53','2017-05-25 19:53:53'),(3731,19,29.5,'Ab2',0.5,'2017-05-25 19:53:53','2017-05-25 19:53:53'),(3732,20,25,'Db2',1,'2017-05-25 19:53:53','2017-05-25 19:53:53'),(3733,21,21.5,'A#2',0.5,'2017-05-25 19:53:53','2017-05-25 19:53:53'),(3734,24,11,'D2',1,'2017-05-25 19:53:53','2017-05-25 19:53:53'),(3735,22,18.25,'Eb2',0.25,'2017-05-25 19:53:53','2017-05-25 19:53:53'),(3736,25,7.5,'D#2',0.5,'2017-05-25 19:53:53','2017-05-25 19:53:53'),(3737,23,14.75,'F#1',0.25,'2017-05-25 19:53:53','2017-05-25 19:53:53'),(3738,15,49,'B2',1,'2017-05-25 19:53:53','2017-05-25 19:53:53'),(3739,20,25,'A2',1,'2017-05-25 19:53:54','2017-05-25 19:53:54'),(3740,17,37.25,'A#2',0.25,'2017-05-25 19:53:54','2017-05-25 19:53:54'),(3741,24,11.25,'G1',0.25,'2017-05-25 19:53:54','2017-05-25 19:53:54'),(3742,19,30,'E2',1,'2017-05-25 19:53:54','2017-05-25 19:53:54'),(3743,21,22,'G1',1,'2017-05-25 19:53:54','2017-05-25 19:53:54'),(3744,25,8,'B1',1,'2017-05-25 19:53:54','2017-05-25 19:53:54'),(3745,23,15,'F#1',1,'2017-05-25 19:53:54','2017-05-25 19:53:54'),(3746,22,18.5,'Gb2',0.5,'2017-05-25 19:53:54','2017-05-25 19:53:54'),(3747,15,49,'G2',1,'2017-05-25 19:53:54','2017-05-25 19:53:54'),(3748,20,25.25,'Gb2',0.25,'2017-05-25 19:53:54','2017-05-25 19:53:54'),(3749,17,37.5,'D2',0.5,'2017-05-25 19:53:54','2017-05-25 19:53:54'),(3750,24,11.5,'Bb1',0.5,'2017-05-25 19:53:54','2017-05-25 19:53:54'),(3751,21,22.25,'A#1',0.25,'2017-05-25 19:53:54','2017-05-25 19:53:54'),(3752,25,8.25,'B2',0.25,'2017-05-25 19:53:54','2017-05-25 19:53:54'),(3753,19,30.25,'E2',0.25,'2017-05-25 19:53:54','2017-05-25 19:53:54'),(3754,22,18.75,'Bb2',0.25,'2017-05-25 19:53:54','2017-05-25 19:53:54'),(3755,15,49.25,'D2',0.25,'2017-05-25 19:53:54','2017-05-25 19:53:54'),(3756,23,15,'C#2',1,'2017-05-25 19:53:54','2017-05-25 19:53:54'),(3757,20,25.5,'Gb2',0.5,'2017-05-25 19:53:54','2017-05-25 19:53:54'),(3758,17,38,'A#1',1,'2017-05-25 19:53:54','2017-05-25 19:53:54'),(3759,24,12,'G1',1,'2017-05-25 19:53:54','2017-05-25 19:53:54'),(3760,25,8.5,'D#2',0.5,'2017-05-25 19:53:54','2017-05-25 19:53:54'),(3761,19,30.5,'Ab2',0.5,'2017-05-25 19:53:54','2017-05-25 19:53:54'),(3762,22,19,'Eb2',1,'2017-05-25 19:53:54','2017-05-25 19:53:54'),(3763,21,22.5,'A#2',0.5,'2017-05-25 19:53:54','2017-05-25 19:53:54'),(3764,23,15,'C#4',0.5,'2017-05-25 19:53:54','2017-05-25 19:53:54'),(3765,17,38.25,'A#2',0.25,'2017-05-25 19:53:54','2017-05-25 19:53:54'),(3766,20,26,'Db2',1,'2017-05-25 19:53:54','2017-05-25 19:53:54'),(3767,15,49.5,'D2',0.5,'2017-05-25 19:53:54','2017-05-25 19:53:54'),(3768,24,12.25,'G1',0.25,'2017-05-25 19:53:54','2017-05-25 19:53:54'),(3769,25,8.75,'B1',0.25,'2017-05-25 19:53:54','2017-05-25 19:53:54'),(3770,22,19,'Gb2',1,'2017-05-25 19:53:54','2017-05-25 19:53:54'),(3771,21,22.75,'G1',0.25,'2017-05-25 19:53:54','2017-05-25 19:53:54'),(3772,19,30.5,'Ab4',0.5,'2017-05-25 19:53:54','2017-05-25 19:53:54'),(3773,23,15.25,'F#1',0.25,'2017-05-25 19:53:55','2017-05-25 19:53:55'),(3774,17,38.5,'D2',0.5,'2017-05-25 19:53:55','2017-05-25 19:53:55'),(3775,24,12.5,'Bb1',0.5,'2017-05-25 19:53:55','2017-05-25 19:53:55'),(3776,20,26.25,'Gb2',0.25,'2017-05-25 19:53:55','2017-05-25 19:53:55'),(3777,25,9,'B1',1,'2017-05-25 19:53:55','2017-05-25 19:53:55'),(3778,15,50,'B2',1,'2017-05-25 19:53:55','2017-05-25 19:53:55'),(3779,22,19.25,'Eb2',0.25,'2017-05-25 19:53:55','2017-05-25 19:53:55'),(3780,19,30.75,'Db2',0.25,'2017-05-25 19:53:55','2017-05-25 19:53:55'),(3781,21,23,'G1',1,'2017-05-25 19:53:55','2017-05-25 19:53:55'),(3782,17,38.75,'A#1',0.25,'2017-05-25 19:53:55','2017-05-25 19:53:55'),(3783,23,15.5,'A#1',0.5,'2017-05-25 19:53:55','2017-05-25 19:53:55'),(3784,24,12.75,'G1',0.25,'2017-05-25 19:53:55','2017-05-25 19:53:55'),(3785,25,9,'F#2',1,'2017-05-25 19:53:55','2017-05-25 19:53:55'),(3786,20,26.5,'Gb2',0.5,'2017-05-25 19:53:55','2017-05-25 19:53:55'),(3787,22,19.5,'Gb2',0.5,'2017-05-25 19:53:55','2017-05-25 19:53:55'),(3788,15,50.25,'D2',0.25,'2017-05-25 19:53:55','2017-05-25 19:53:55'),(3789,19,31,'E2',1,'2017-05-25 19:53:55','2017-05-25 19:53:55'),(3790,21,23,'D#2',1,'2017-05-25 19:53:55','2017-05-25 19:53:55'),(3791,17,39,'A#1',1,'2017-05-25 19:53:55','2017-05-25 19:53:55'),(3792,23,16,'F#1',1,'2017-05-25 19:53:55','2017-05-25 19:53:55'),(3793,24,13,'G1',1,'2017-05-25 19:53:56','2017-05-25 19:53:56'),(3794,20,26.75,'Db2',0.25,'2017-05-25 19:53:56','2017-05-25 19:53:56'),(3795,15,50.5,'D2',0.5,'2017-05-25 19:53:56','2017-05-25 19:53:56'),(3796,25,9.25,'B2',0.25,'2017-05-25 19:53:56','2017-05-25 19:53:56'),(3797,22,20,'Eb2',1,'2017-05-25 19:53:56','2017-05-25 19:53:56'),(3798,19,31,'Ab2',1,'2017-05-25 19:53:56','2017-05-25 19:53:56'),(3799,21,23.25,'A#1',0.25,'2017-05-25 19:53:56','2017-05-25 19:53:56'),(3800,17,39,'F2',1,'2017-05-25 19:53:56','2017-05-25 19:53:56'),(3801,23,16.25,'G#1',0.25,'2017-05-25 19:53:56','2017-05-25 19:53:56'),(3802,24,13,'D2',1,'2017-05-25 19:53:56','2017-05-25 19:53:56'),(3803,15,50.75,'B1',0.25,'2017-05-25 19:53:56','2017-05-25 19:53:56'),(3804,22,20.25,'Eb2',0.25,'2017-05-25 19:53:56','2017-05-25 19:53:56'),(3805,25,9.5,'D#2',0.5,'2017-05-25 19:53:56','2017-05-25 19:53:56'),(3806,20,27,'Db2',1,'2017-05-25 19:53:56','2017-05-25 19:53:56'),(3807,19,31,'Ab4',0.5,'2017-05-25 19:53:56','2017-05-25 19:53:56'),(3808,26,0,'B1',1,'2017-05-25 19:53:56','2017-05-25 19:53:56'),(3809,17,39.25,'A#2',0.25,'2017-05-25 19:53:56','2017-05-25 19:53:56'),(3810,21,23.5,'A#2',0.5,'2017-05-25 19:53:56','2017-05-25 19:53:56'),(3811,23,16.5,'G#1',0.5,'2017-05-25 19:53:56','2017-05-25 19:53:56'),(3812,24,13.25,'G1',0.25,'2017-05-25 19:53:56','2017-05-25 19:53:56'),(3813,15,51,'B2',1,'2017-05-25 19:53:56','2017-05-25 19:53:56'),(3814,25,10,'B1',1,'2017-05-25 19:53:56','2017-05-25 19:53:56'),(3815,20,27,'A2',1,'2017-05-25 19:53:56','2017-05-25 19:53:56'),(3816,22,20.5,'Gb2',0.5,'2017-05-25 19:53:56','2017-05-25 19:53:56'),(3817,26,0,'B1',4,'2017-05-25 19:53:56','2017-05-25 19:53:56'),(3818,19,31.25,'E2',0.25,'2017-05-25 19:53:56','2017-05-25 19:53:56'),(3819,17,39.5,'D2',0.5,'2017-05-25 19:53:56','2017-05-25 19:53:56'),(3820,21,24,'G1',1,'2017-05-25 19:53:56','2017-05-25 19:53:56'),(3821,23,16.75,'F1',0.25,'2017-05-25 19:53:56','2017-05-25 19:53:56'),(3822,24,13.5,'Bb1',0.5,'2017-05-25 19:53:56','2017-05-25 19:53:56'),(3823,25,10.25,'B2',0.25,'2017-05-25 19:53:56','2017-05-25 19:53:56'),(3824,15,51,'G2',1,'2017-05-25 19:53:56','2017-05-25 19:53:56'),(3825,19,31.5,'Ab2',0.5,'2017-05-25 19:53:56','2017-05-25 19:53:56'),(3826,22,20.75,'Bb2',0.25,'2017-05-25 19:53:56','2017-05-25 19:53:56'),(3827,20,27.25,'Gb2',0.25,'2017-05-25 19:53:56','2017-05-25 19:53:56'),(3828,26,0.25,'D2',0.25,'2017-05-25 19:53:56','2017-05-25 19:53:56'),(3829,17,40,'A#1',1,'2017-05-25 19:53:56','2017-05-25 19:53:56'),(3830,21,24.25,'A1',0.25,'2017-05-25 19:53:56','2017-05-25 19:53:56'),(3831,23,17,'F1',1,'2017-05-25 19:53:57','2017-05-25 19:53:57'),(3832,24,14,'G1',1,'2017-05-25 19:53:57','2017-05-25 19:53:57'),(3833,25,10.5,'D#2',0.5,'2017-05-25 19:53:57','2017-05-25 19:53:57'),(3834,20,27.5,'Gb2',0.5,'2017-05-25 19:53:57','2017-05-25 19:53:57'),(3835,22,21,'Eb2',1,'2017-05-25 19:53:57','2017-05-25 19:53:57'),(3836,19,32,'E2',1,'2017-05-25 19:53:57','2017-05-25 19:53:57'),(3837,15,51.25,'D2',0.25,'2017-05-25 19:53:57','2017-05-25 19:53:57'),(3838,26,0.5,'D2',0.5,'2017-05-25 19:53:57','2017-05-25 19:53:57'),(3839,17,40.25,'A#2',0.25,'2017-05-25 19:53:57','2017-05-25 19:53:57'),(3840,21,24.5,'Db2',0.5,'2017-05-25 19:53:57','2017-05-25 19:53:57'),(3841,25,10.75,'B1',0.25,'2017-05-25 19:53:57','2017-05-25 19:53:57'),(3842,23,17,'C#2',1,'2017-05-25 19:53:57','2017-05-25 19:53:57'),(3843,24,14.25,'G1',0.25,'2017-05-25 19:53:57','2017-05-25 19:53:57'),(3844,20,28,'Db2',1,'2017-05-25 19:53:57','2017-05-25 19:53:57'),(3845,22,21,'Gb2',1,'2017-05-25 19:53:57','2017-05-25 19:53:57'),(3846,19,32.25,'D#2',0.25,'2017-05-25 19:53:57','2017-05-25 19:53:57'),(3847,15,51.5,'D2',0.5,'2017-05-25 19:53:57','2017-05-25 19:53:57'),(3848,26,1,'B1',1,'2017-05-25 19:53:57','2017-05-25 19:53:57'),(3849,17,40.5,'D2',0.5,'2017-05-25 19:53:57','2017-05-25 19:53:57'),(3850,21,24.75,'Gb1',0.25,'2017-05-25 19:53:57','2017-05-25 19:53:57'),(3851,24,14.5,'Bb1',0.5,'2017-05-25 19:53:57','2017-05-25 19:53:57'),(3852,25,11,'B1',1,'2017-05-25 19:53:57','2017-05-25 19:53:57'),(3853,20,28.25,'Gb2',0.25,'2017-05-25 19:53:57','2017-05-25 19:53:57'),(3854,23,17.25,'G#1',0.25,'2017-05-25 19:53:57','2017-05-25 19:53:57'),(3855,15,52,'B2',1,'2017-05-25 19:53:57','2017-05-25 19:53:57'),(3856,22,21.25,'Eb2',0.25,'2017-05-25 19:53:57','2017-05-25 19:53:57'),(3857,26,1,'Gb2',1,'2017-05-25 19:53:57','2017-05-25 19:53:57'),(3858,19,32.5,'G2',0.5,'2017-05-25 19:53:57','2017-05-25 19:53:57'),(3859,21,25,'A1',1,'2017-05-25 19:53:57','2017-05-25 19:53:57'),(3860,17,40.75,'A#1',0.25,'2017-05-25 19:53:57','2017-05-25 19:53:57'),(3861,24,14.5,'D5',0.5,'2017-05-25 19:53:57','2017-05-25 19:53:57'),(3862,25,11,'F#2',1,'2017-05-25 19:53:57','2017-05-25 19:53:57'),(3863,22,21.5,'Gb2',0.5,'2017-05-25 19:53:57','2017-05-25 19:53:57'),(3864,23,17.5,'G#1',0.5,'2017-05-25 19:53:57','2017-05-25 19:53:57'),(3865,20,28.5,'Gb2',0.5,'2017-05-25 19:53:57','2017-05-25 19:53:57'),(3866,19,32.75,'D#2',0.25,'2017-05-25 19:53:58','2017-05-25 19:53:58'),(3867,26,1.5,'D2',0.5,'2017-05-25 19:53:58','2017-05-25 19:53:58'),(3868,15,52.25,'D2',0.25,'2017-05-25 19:53:58','2017-05-25 19:53:58'),(3869,21,25,'Db2',1,'2017-05-25 19:53:58','2017-05-25 19:53:58'),(3870,17,41,'A#1',1,'2017-05-25 19:53:58','2017-05-25 19:53:58'),(3871,25,11.25,'B2',0.25,'2017-05-25 19:53:58','2017-05-25 19:53:58'),(3872,24,14.75,'G1',0.25,'2017-05-25 19:53:58','2017-05-25 19:53:58'),(3873,19,33,'D#2',1,'2017-05-25 19:53:58','2017-05-25 19:53:58'),(3874,23,18,'F1',1,'2017-05-25 19:53:58','2017-05-25 19:53:58'),(3875,26,1.75,'B1',0.25,'2017-05-25 19:53:58','2017-05-25 19:53:58'),(3876,15,52.5,'D2',0.5,'2017-05-25 19:53:58','2017-05-25 19:53:58'),(3877,20,28.75,'Db2',0.25,'2017-05-25 19:53:58','2017-05-25 19:53:58'),(3878,22,22,'Eb2',1,'2017-05-25 19:53:58','2017-05-25 19:53:58'),(3879,17,41,'F2',1,'2017-05-25 19:53:58','2017-05-25 19:53:58'),(3880,21,25.25,'A1',0.25,'2017-05-25 19:53:58','2017-05-25 19:53:58'),(3881,25,11.5,'D#2',0.5,'2017-05-25 19:53:58','2017-05-25 19:53:58'),(3882,24,15,'G1',1,'2017-05-25 19:53:58','2017-05-25 19:53:58'),(3883,19,33,'A#2',1,'2017-05-25 19:53:58','2017-05-25 19:53:58'),(3884,20,29,'Db2',1,'2017-05-25 19:53:58','2017-05-25 19:53:58'),(3885,23,18.25,'G#1',0.25,'2017-05-25 19:53:58','2017-05-25 19:53:58'),(3886,15,52.75,'B1',0.25,'2017-05-25 19:53:58','2017-05-25 19:53:58'),(3887,26,2,'B1',1,'2017-05-25 19:53:58','2017-05-25 19:53:58'),(3888,22,22.25,'Eb2',0.25,'2017-05-25 19:53:58','2017-05-25 19:53:58'),(3889,21,25.5,'Db2',0.5,'2017-05-25 19:53:58','2017-05-25 19:53:58'),(3890,17,41.25,'A#2',0.25,'2017-05-25 19:53:58','2017-05-25 19:53:58'),(3891,24,15,'D2',1,'2017-05-25 19:53:58','2017-05-25 19:53:58'),(3892,25,12,'B1',1,'2017-05-25 19:53:58','2017-05-25 19:53:58'),(3893,19,33.25,'D#2',0.25,'2017-05-25 19:53:58','2017-05-25 19:53:58'),(3894,23,18.5,'G#1',0.5,'2017-05-25 19:53:58','2017-05-25 19:53:58'),(3895,22,22.5,'Gb2',0.5,'2017-05-25 19:53:58','2017-05-25 19:53:58'),(3896,20,29,'A2',1,'2017-05-25 19:53:58','2017-05-25 19:53:58'),(3897,26,2.25,'D2',0.25,'2017-05-25 19:53:58','2017-05-25 19:53:58'),(3898,15,53,'B2',1,'2017-05-25 19:53:58','2017-05-25 19:53:58'),(3899,21,26,'A1',1,'2017-05-25 19:53:58','2017-05-25 19:53:58'),(3900,17,41.5,'D2',0.5,'2017-05-25 19:53:58','2017-05-25 19:53:58'),(3901,24,15,'D4',0.5,'2017-05-25 19:53:58','2017-05-25 19:53:58'),(3902,19,33.5,'G2',0.5,'2017-05-25 19:53:59','2017-05-25 19:53:59'),(3903,25,12.25,'B2',0.25,'2017-05-25 19:53:59','2017-05-25 19:53:59'),(3904,20,29.25,'Gb2',0.25,'2017-05-25 19:53:59','2017-05-25 19:53:59'),(3905,23,18.75,'F1',0.25,'2017-05-25 19:53:59','2017-05-25 19:53:59'),(3906,22,22.75,'Bb2',0.25,'2017-05-25 19:53:59','2017-05-25 19:53:59'),(3907,15,53,'G2',1,'2017-05-25 19:53:59','2017-05-25 19:53:59'),(3908,21,26.25,'A1',0.25,'2017-05-25 19:53:59','2017-05-25 19:53:59'),(3909,26,2.5,'D2',0.5,'2017-05-25 19:53:59','2017-05-25 19:53:59'),(3910,17,42,'A#1',1,'2017-05-25 19:53:59','2017-05-25 19:53:59'),(3911,24,15.25,'G1',0.25,'2017-05-25 19:53:59','2017-05-25 19:53:59'),(3912,25,12.5,'D#2',0.5,'2017-05-25 19:53:59','2017-05-25 19:53:59'),(3913,19,34,'D#2',1,'2017-05-25 19:53:59','2017-05-25 19:53:59'),(3914,22,23,'Eb2',1,'2017-05-25 19:53:59','2017-05-25 19:53:59'),(3915,23,19,'F1',1,'2017-05-25 19:53:59','2017-05-25 19:53:59'),(3916,15,53.25,'D2',0.25,'2017-05-25 19:53:59','2017-05-25 19:53:59'),(3917,26,2.75,'B1',0.25,'2017-05-25 19:53:59','2017-05-25 19:53:59'),(3918,20,29.5,'Gb2',0.5,'2017-05-25 19:53:59','2017-05-25 19:53:59'),(3919,21,26.5,'Db2',0.5,'2017-05-25 19:53:59','2017-05-25 19:53:59'),(3920,24,15.5,'Bb1',0.5,'2017-05-25 19:53:59','2017-05-25 19:53:59'),(3921,17,42.25,'A#2',0.25,'2017-05-25 19:53:59','2017-05-25 19:53:59'),(3922,19,34.25,'D#2',0.25,'2017-05-25 19:53:59','2017-05-25 19:53:59'),(3923,25,12.75,'B1',0.25,'2017-05-25 19:53:59','2017-05-25 19:53:59'),(3924,22,23,'Gb2',1,'2017-05-25 19:53:59','2017-05-25 19:53:59'),(3925,23,19,'C#2',1,'2017-05-25 19:53:59','2017-05-25 19:53:59'),(3926,21,26.75,'Gb1',0.25,'2017-05-25 19:53:59','2017-05-25 19:53:59'),(3927,15,53.5,'D2',0.5,'2017-05-25 19:53:59','2017-05-25 19:53:59'),(3928,26,3,'B1',1,'2017-05-25 19:53:59','2017-05-25 19:53:59'),(3929,20,30,'Db2',1,'2017-05-25 19:53:59','2017-05-25 19:53:59'),(3930,24,16,'G1',1,'2017-05-25 19:53:59','2017-05-25 19:53:59'),(3931,25,13,'B1',1,'2017-05-25 19:53:59','2017-05-25 19:53:59'),(3932,17,42.5,'D2',0.5,'2017-05-25 19:53:59','2017-05-25 19:53:59'),(3933,22,23.25,'Eb2',0.25,'2017-05-25 19:53:59','2017-05-25 19:53:59'),(3934,19,34.5,'G2',0.5,'2017-05-25 19:53:59','2017-05-25 19:53:59'),(3935,21,27,'A1',1,'2017-05-25 19:53:59','2017-05-25 19:53:59'),(3936,26,3,'Gb2',1,'2017-05-25 19:54:00','2017-05-25 19:54:00'),(3937,23,19.25,'G#1',0.25,'2017-05-25 19:54:00','2017-05-25 19:54:00'),(3938,20,30.25,'Gb2',0.25,'2017-05-25 19:54:00','2017-05-25 19:54:00'),(3939,15,54,'B2',1,'2017-05-25 19:54:00','2017-05-25 19:54:00'),(3940,24,16.25,'Ab1',0.25,'2017-05-25 19:54:00','2017-05-25 19:54:00'),(3941,22,23.5,'Gb2',0.5,'2017-05-25 19:54:00','2017-05-25 19:54:00'),(3942,19,34.75,'D#2',0.25,'2017-05-25 19:54:00','2017-05-25 19:54:00'),(3943,17,42.75,'A#1',0.25,'2017-05-25 19:54:00','2017-05-25 19:54:00'),(3944,25,13,'F#2',1,'2017-05-25 19:54:00','2017-05-25 19:54:00'),(3945,23,19.5,'G#1',0.5,'2017-05-25 19:54:00','2017-05-25 19:54:00'),(3946,21,27,'Db2',1,'2017-05-25 19:54:00','2017-05-25 19:54:00'),(3947,26,3.25,'D2',0.25,'2017-05-25 19:54:00','2017-05-25 19:54:00'),(3948,20,30.5,'Gb2',0.5,'2017-05-25 19:54:00','2017-05-25 19:54:00'),(3949,15,54.25,'D2',0.25,'2017-05-25 19:54:00','2017-05-25 19:54:00'),(3950,24,16.5,'B1',0.5,'2017-05-25 19:54:00','2017-05-25 19:54:00'),(3951,22,24,'Eb2',1,'2017-05-25 19:54:00','2017-05-25 19:54:00'),(3952,19,35,'D#2',1,'2017-05-25 19:54:00','2017-05-25 19:54:00'),(3953,25,13.25,'B2',0.25,'2017-05-25 19:54:00','2017-05-25 19:54:00'),(3954,17,43,'A#1',1,'2017-05-25 19:54:00','2017-05-25 19:54:00'),(3955,23,20,'F1',1,'2017-05-25 19:54:01','2017-05-25 19:54:01'),(3956,26,3.5,'D2',0.5,'2017-05-25 19:54:01','2017-05-25 19:54:01'),(3957,21,27.25,'A1',0.25,'2017-05-25 19:54:01','2017-05-25 19:54:01'),(3958,15,54.5,'D2',0.5,'2017-05-25 19:54:01','2017-05-25 19:54:01'),(3959,24,16.75,'Eb1',0.25,'2017-05-25 19:54:01','2017-05-25 19:54:01'),(3960,20,30.5,'A4',0.5,'2017-05-25 19:54:01','2017-05-25 19:54:01'),(3961,22,24.25,'E2',0.25,'2017-05-25 19:54:01','2017-05-25 19:54:01'),(3962,19,35,'A#2',1,'2017-05-25 19:54:01','2017-05-25 19:54:01'),(3963,17,43,'F2',1,'2017-05-25 19:54:01','2017-05-25 19:54:01'),(3964,25,13.5,'D#2',0.5,'2017-05-25 19:54:01','2017-05-25 19:54:01'),(3965,21,27.5,'Db2',0.5,'2017-05-25 19:54:01','2017-05-25 19:54:01'),(3966,23,20.25,'G#1',0.25,'2017-05-25 19:54:01','2017-05-25 19:54:01'),(3967,15,54.75,'B1',0.25,'2017-05-25 19:54:01','2017-05-25 19:54:01'),(3968,26,4,'B1',1,'2017-05-25 19:54:01','2017-05-25 19:54:01'),(3969,24,17,'Ab1',1,'2017-05-25 19:54:01','2017-05-25 19:54:01'),(3970,22,24.5,'E2',0.5,'2017-05-25 19:54:01','2017-05-25 19:54:01'),(3971,20,30.75,'Db2',0.25,'2017-05-25 19:54:01','2017-05-25 19:54:01'),(3972,17,43.25,'A#2',0.25,'2017-05-25 19:54:01','2017-05-25 19:54:01'),(3973,25,14,'B1',1,'2017-05-25 19:54:01','2017-05-25 19:54:01'),(3974,19,35.25,'D#2',0.25,'2017-05-25 19:54:01','2017-05-25 19:54:01'),(3975,21,28,'A1',1,'2017-05-25 19:54:01','2017-05-25 19:54:01'),(3976,15,55,'B2',1,'2017-05-25 19:54:01','2017-05-25 19:54:01'),(3977,23,20.5,'G#1',0.5,'2017-05-25 19:54:01','2017-05-25 19:54:01'),(3978,24,17,'B2',1,'2017-05-25 19:54:01','2017-05-25 19:54:01'),(3979,22,24.75,'B2',0.25,'2017-05-25 19:54:01','2017-05-25 19:54:01'),(3980,20,31,'Db2',1,'2017-05-25 19:54:01','2017-05-25 19:54:01'),(3981,17,43.5,'D2',0.5,'2017-05-25 19:54:01','2017-05-25 19:54:01'),(3982,19,35.5,'G2',0.5,'2017-05-25 19:54:01','2017-05-25 19:54:01'),(3983,25,14.25,'B2',0.25,'2017-05-25 19:54:01','2017-05-25 19:54:01'),(3984,26,4.5,'D2',0.5,'2017-05-25 19:54:01','2017-05-25 19:54:01'),(3985,21,28.25,'A1',0.25,'2017-05-25 19:54:01','2017-05-25 19:54:01'),(3986,15,55,'G2',1,'2017-05-25 19:54:01','2017-05-25 19:54:01'),(3987,23,20.75,'F1',0.25,'2017-05-25 19:54:01','2017-05-25 19:54:01'),(3988,24,17.25,'Ab1',0.25,'2017-05-25 19:54:01','2017-05-25 19:54:01'),(3989,20,31,'A2',1,'2017-05-25 19:54:02','2017-05-25 19:54:02'),(3990,22,25,'B2',1,'2017-05-25 19:54:02','2017-05-25 19:54:02'),(3991,17,44,'A#1',1,'2017-05-25 19:54:02','2017-05-25 19:54:02'),(3992,19,36,'D#2',1,'2017-05-25 19:54:02','2017-05-25 19:54:02'),(3993,26,4.75,'B1',0.25,'2017-05-25 19:54:02','2017-05-25 19:54:02'),(3994,25,14.5,'D#2',0.5,'2017-05-25 19:54:02','2017-05-25 19:54:02'),(3995,21,28.5,'Db2',0.5,'2017-05-25 19:54:02','2017-05-25 19:54:02'),(3996,15,55.25,'D2',0.25,'2017-05-25 19:54:02','2017-05-25 19:54:02'),(3997,23,21,'F1',1,'2017-05-25 19:54:02','2017-05-25 19:54:02'),(3998,24,17.5,'B1',0.5,'2017-05-25 19:54:02','2017-05-25 19:54:02'),(3999,20,31,'A4',0.5,'2017-05-25 19:54:02','2017-05-25 19:54:02'),(4000,22,25,'G2',1,'2017-05-25 19:54:02','2017-05-25 19:54:02'),(4001,17,44.25,'A#2',0.25,'2017-05-25 19:54:02','2017-05-25 19:54:02'),(4002,25,14.5,'F#5',0.5,'2017-05-25 19:54:02','2017-05-25 19:54:02'),(4003,26,5,'B1',1,'2017-05-25 19:54:02','2017-05-25 19:54:02'),(4004,19,36.25,'D#2',0.25,'2017-05-25 19:54:02','2017-05-25 19:54:02'),(4005,21,28.75,'Gb1',0.25,'2017-05-25 19:54:02','2017-05-25 19:54:02'),(4006,24,18,'Ab1',1,'2017-05-25 19:54:02','2017-05-25 19:54:02'),(4007,15,55.5,'D2',0.5,'2017-05-25 19:54:02','2017-05-25 19:54:02'),(4008,23,21,'C#2',1,'2017-05-25 19:54:02','2017-05-25 19:54:02'),(4009,22,25.25,'E2',0.25,'2017-05-25 19:54:02','2017-05-25 19:54:02'),(4010,20,31.25,'Gb2',0.25,'2017-05-25 19:54:02','2017-05-25 19:54:02'),(4011,17,44.5,'D2',0.5,'2017-05-25 19:54:02','2017-05-25 19:54:02'),(4012,25,14.75,'B1',0.25,'2017-05-25 19:54:02','2017-05-25 19:54:02'),(4013,26,5,'Gb2',1,'2017-05-25 19:54:02','2017-05-25 19:54:02'),(4014,21,29,'A1',1,'2017-05-25 19:54:02','2017-05-25 19:54:02'),(4015,19,36.5,'G2',0.5,'2017-05-25 19:54:02','2017-05-25 19:54:02'),(4016,24,18.25,'Ab1',0.25,'2017-05-25 19:54:02','2017-05-25 19:54:02'),(4017,23,21.25,'G#1',0.25,'2017-05-25 19:54:02','2017-05-25 19:54:02'),(4018,15,56,'B2',1,'2017-05-25 19:54:02','2017-05-25 19:54:02'),(4019,22,25.5,'E2',0.5,'2017-05-25 19:54:02','2017-05-25 19:54:02'),(4020,17,44.75,'A#1',0.25,'2017-05-25 19:54:03','2017-05-25 19:54:03'),(4021,21,29,'Db2',1,'2017-05-25 19:54:03','2017-05-25 19:54:03'),(4022,25,15,'B1',1,'2017-05-25 19:54:03','2017-05-25 19:54:03'),(4023,19,36.75,'D#2',0.25,'2017-05-25 19:54:03','2017-05-25 19:54:03'),(4024,26,5.25,'D2',0.25,'2017-05-25 19:54:03','2017-05-25 19:54:03'),(4025,23,21.5,'G#1',0.5,'2017-05-25 19:54:03','2017-05-25 19:54:03'),(4026,24,18.5,'B1',0.5,'2017-05-25 19:54:03','2017-05-25 19:54:03'),(4027,15,56.25,'Db2',0.25,'2017-05-25 19:54:03','2017-05-25 19:54:03'),(4028,22,26,'B2',1,'2017-05-25 19:54:03','2017-05-25 19:54:03'),(4029,17,45,'A#1',1,'2017-05-25 19:54:03','2017-05-25 19:54:03'),(4030,21,29.25,'A1',0.25,'2017-05-25 19:54:03','2017-05-25 19:54:03'),(4031,19,37,'D#2',1,'2017-05-25 19:54:03','2017-05-25 19:54:03'),(4032,26,5.5,'D2',0.5,'2017-05-25 19:54:03','2017-05-25 19:54:03'),(4033,25,15,'F#2',1,'2017-05-25 19:54:03','2017-05-25 19:54:03'),(4034,24,18.75,'Eb1',0.25,'2017-05-25 19:54:03','2017-05-25 19:54:03'),(4035,23,22,'F1',1,'2017-05-25 19:54:03','2017-05-25 19:54:03'),(4036,22,26.25,'E2',0.25,'2017-05-25 19:54:03','2017-05-25 19:54:03'),(4037,15,56.5,'F2',0.5,'2017-05-25 19:54:03','2017-05-25 19:54:03'),(4038,17,45,'F2',1,'2017-05-25 19:54:03','2017-05-25 19:54:03'),(4039,21,29.5,'Db2',0.5,'2017-05-25 19:54:03','2017-05-25 19:54:03'),(4040,25,15,'F#4',0.5,'2017-05-25 19:54:03','2017-05-25 19:54:03'),(4041,26,6,'B1',1,'2017-05-25 19:54:03','2017-05-25 19:54:03'),(4042,19,37,'A#2',1,'2017-05-25 19:54:03','2017-05-25 19:54:03'),(4043,23,22.25,'G#1',0.25,'2017-05-25 19:54:03','2017-05-25 19:54:03'),(4044,22,26.5,'E2',0.5,'2017-05-25 19:54:03','2017-05-25 19:54:03'),(4045,24,19,'Ab1',1,'2017-05-25 19:54:03','2017-05-25 19:54:03'),(4046,15,56.75,'Bb1',0.25,'2017-05-25 19:54:03','2017-05-25 19:54:03'),(4047,17,45.25,'A#2',0.25,'2017-05-25 19:54:03','2017-05-25 19:54:03'),(4048,21,30,'A1',1,'2017-05-25 19:54:03','2017-05-25 19:54:03'),(4049,19,37.25,'D#2',0.25,'2017-05-25 19:54:03','2017-05-25 19:54:03'),(4050,25,15.25,'B2',0.25,'2017-05-25 19:54:03','2017-05-25 19:54:03'),(4051,26,6.25,'D2',0.25,'2017-05-25 19:54:03','2017-05-25 19:54:03'),(4052,23,22.5,'G#1',0.5,'2017-05-25 19:54:04','2017-05-25 19:54:04'),(4053,22,26.75,'B2',0.25,'2017-05-25 19:54:04','2017-05-25 19:54:04'),(4054,24,19,'B2',1,'2017-05-25 19:54:04','2017-05-25 19:54:04'),(4055,15,57,'Db2',1,'2017-05-25 19:54:04','2017-05-25 19:54:04'),(4056,17,45.5,'D2',0.5,'2017-05-25 19:54:04','2017-05-25 19:54:04'),(4057,21,30.25,'A1',0.25,'2017-05-25 19:54:04','2017-05-25 19:54:04'),(4058,25,15.5,'D#2',0.5,'2017-05-25 19:54:04','2017-05-25 19:54:04'),(4059,19,37.5,'G2',0.5,'2017-05-25 19:54:04','2017-05-25 19:54:04'),(4060,26,6.5,'D2',0.5,'2017-05-25 19:54:04','2017-05-25 19:54:04'),(4061,23,22.75,'F1',0.25,'2017-05-25 19:54:04','2017-05-25 19:54:04'),(4062,22,27,'B2',1,'2017-05-25 19:54:04','2017-05-25 19:54:04'),(4063,24,19.25,'Ab1',0.25,'2017-05-25 19:54:04','2017-05-25 19:54:04'),(4064,15,57,'F2',1,'2017-05-25 19:54:04','2017-05-25 19:54:04'),(4065,17,46,'A#1',1,'2017-05-25 19:54:04','2017-05-25 19:54:04'),(4066,21,30.5,'Db2',0.5,'2017-05-25 19:54:04','2017-05-25 19:54:04'),(4067,19,38,'D#2',1,'2017-05-25 19:54:04','2017-05-25 19:54:04'),(4068,25,16,'B1',1,'2017-05-25 19:54:04','2017-05-25 19:54:04'),(4069,26,6.75,'B1',0.25,'2017-05-25 19:54:04','2017-05-25 19:54:04'),(4070,23,23,'F1',1,'2017-05-25 19:54:04','2017-05-25 19:54:04'),(4071,24,19.5,'B1',0.5,'2017-05-25 19:54:04','2017-05-25 19:54:04'),(4072,22,27,'G2',1,'2017-05-25 19:54:04','2017-05-25 19:54:04'),(4073,15,57.25,'Db2',0.25,'2017-05-25 19:54:04','2017-05-25 19:54:04'),(4074,17,46.25,'A#2',0.25,'2017-05-25 19:54:04','2017-05-25 19:54:04'),(4075,21,30.5,'Db4',0.5,'2017-05-25 19:54:04','2017-05-25 19:54:04'),(4076,25,16.25,'C#2',0.25,'2017-05-25 19:54:04','2017-05-25 19:54:04'),(4077,19,38.25,'D#2',0.25,'2017-05-25 19:54:04','2017-05-25 19:54:04'),(4078,26,7,'B1',1,'2017-05-25 19:54:04','2017-05-25 19:54:04'),(4079,22,27.25,'E2',0.25,'2017-05-25 19:54:04','2017-05-25 19:54:04'),(4080,23,23,'C#2',1,'2017-05-25 19:54:04','2017-05-25 19:54:04'),(4081,15,57.5,'F2',0.5,'2017-05-25 19:54:04','2017-05-25 19:54:04'),(4082,17,46.5,'D2',0.5,'2017-05-25 19:54:04','2017-05-25 19:54:04'),(4083,24,20,'Ab1',1,'2017-05-25 19:54:04','2017-05-25 19:54:04'),(4084,21,30.75,'Gb1',0.25,'2017-05-25 19:54:04','2017-05-25 19:54:04'),(4085,19,38.5,'G2',0.5,'2017-05-25 19:54:04','2017-05-25 19:54:04'),(4086,25,16.5,'C#2',0.5,'2017-05-25 19:54:05','2017-05-25 19:54:05'),(4087,22,27.5,'E2',0.5,'2017-05-25 19:54:05','2017-05-25 19:54:05'),(4088,26,7,'Gb2',1,'2017-05-25 19:54:05','2017-05-25 19:54:05'),(4089,23,23.25,'G#1',0.25,'2017-05-25 19:54:05','2017-05-25 19:54:05'),(4090,15,58,'Db2',1,'2017-05-25 19:54:05','2017-05-25 19:54:05'),(4091,17,46.5,'F4',0.5,'2017-05-25 19:54:05','2017-05-25 19:54:05'),(4092,24,20.25,'Ab1',0.25,'2017-05-25 19:54:05','2017-05-25 19:54:05'),(4093,21,31,'A1',1,'2017-05-25 19:54:05','2017-05-25 19:54:05'),(4094,19,38.75,'D#2',0.25,'2017-05-25 19:54:05','2017-05-25 19:54:05'),(4095,26,7.25,'D2',0.25,'2017-05-25 19:54:05','2017-05-25 19:54:05'),(4096,25,16.75,'A#1',0.25,'2017-05-25 19:54:05','2017-05-25 19:54:05'),(4097,23,23.5,'G#1',0.5,'2017-05-25 19:54:05','2017-05-25 19:54:05'),(4098,22,28,'B2',1,'2017-05-25 19:54:05','2017-05-25 19:54:05'),(4099,17,46.75,'A#1',0.25,'2017-05-25 19:54:05','2017-05-25 19:54:05'),(4100,15,58.25,'Db2',0.25,'2017-05-25 19:54:05','2017-05-25 19:54:05'),(4101,24,20.5,'B1',0.5,'2017-05-25 19:54:05','2017-05-25 19:54:05'),(4102,21,31,'Db2',1,'2017-05-25 19:54:05','2017-05-25 19:54:05'),(4103,19,39,'D#2',1,'2017-05-25 19:54:05','2017-05-25 19:54:05'),(4104,26,7.5,'D2',0.5,'2017-05-25 19:54:05','2017-05-25 19:54:05'),(4105,25,17,'A#1',1,'2017-05-25 19:54:05','2017-05-25 19:54:05'),(4106,23,24,'F1',1,'2017-05-25 19:54:05','2017-05-25 19:54:05'),(4107,22,28.25,'E2',0.25,'2017-05-25 19:54:05','2017-05-25 19:54:05'),(4108,15,58.5,'F2',0.5,'2017-05-25 19:54:05','2017-05-25 19:54:05'),(4109,17,47,'A#1',1,'2017-05-25 19:54:05','2017-05-25 19:54:05'),(4110,24,20.75,'Eb1',0.25,'2017-05-25 19:54:05','2017-05-25 19:54:05'),(4111,21,31,'Db4',0.5,'2017-05-25 19:54:06','2017-05-25 19:54:06'),(4112,19,39,'A#2',1,'2017-05-25 19:54:06','2017-05-25 19:54:06'),(4113,25,17,'F#2',1,'2017-05-25 19:54:06','2017-05-25 19:54:06'),(4114,23,24.25,'G1',0.25,'2017-05-25 19:54:06','2017-05-25 19:54:06'),(4115,26,8,'B1',1,'2017-05-25 19:54:06','2017-05-25 19:54:06'),(4116,22,28.5,'E2',0.5,'2017-05-25 19:54:06','2017-05-25 19:54:06'),(4117,17,47,'F2',1,'2017-05-25 19:54:06','2017-05-25 19:54:06'),(4118,15,58.75,'Bb1',0.25,'2017-05-25 19:54:06','2017-05-25 19:54:06'),(4119,24,21,'Ab1',1,'2017-05-25 19:54:06','2017-05-25 19:54:06'),(4120,19,39.25,'D#2',0.25,'2017-05-25 19:54:06','2017-05-25 19:54:06'),(4121,25,17.25,'C#2',0.25,'2017-05-25 19:54:06','2017-05-25 19:54:06'),(4122,23,24.5,'B1',0.5,'2017-05-25 19:54:06','2017-05-25 19:54:06'),(4123,21,31.25,'A1',0.25,'2017-05-25 19:54:06','2017-05-25 19:54:06'),(4124,26,8.25,'C2',0.25,'2017-05-25 19:54:06','2017-05-25 19:54:06'),(4125,24,21,'B2',1,'2017-05-25 19:54:06','2017-05-25 19:54:06'),(4126,22,28.75,'B2',0.25,'2017-05-25 19:54:06','2017-05-25 19:54:06'),(4127,17,47,'F4',0.5,'2017-05-25 19:54:06','2017-05-25 19:54:06'),(4128,15,59,'Db2',1,'2017-05-25 19:54:06','2017-05-25 19:54:06'),(4129,25,17.5,'C#2',0.5,'2017-05-25 19:54:06','2017-05-25 19:54:06'),(4130,23,24.75,'E1',0.25,'2017-05-25 19:54:06','2017-05-25 19:54:06'),(4131,19,39.5,'G2',0.5,'2017-05-25 19:54:06','2017-05-25 19:54:06'),(4132,26,8.5,'Eb2',0.5,'2017-05-25 19:54:06','2017-05-25 19:54:06'),(4133,21,31.5,'Db2',0.5,'2017-05-25 19:54:06','2017-05-25 19:54:06'),(4134,24,21.25,'Ab1',0.25,'2017-05-25 19:54:06','2017-05-25 19:54:06'),(4135,17,47.25,'A#2',0.25,'2017-05-25 19:54:06','2017-05-25 19:54:06'),(4136,22,29,'B2',1,'2017-05-25 19:54:06','2017-05-25 19:54:06'),(4137,15,59,'F2',1,'2017-05-25 19:54:06','2017-05-25 19:54:06'),(4138,25,18,'A#1',1,'2017-05-25 19:54:06','2017-05-25 19:54:06'),(4139,23,25,'G1',1,'2017-05-25 19:54:06','2017-05-25 19:54:06'),(4140,21,32,'A1',1,'2017-05-25 19:54:06','2017-05-25 19:54:06'),(4141,19,40,'D#2',1,'2017-05-25 19:54:06','2017-05-25 19:54:06'),(4142,26,8.75,'C1',0.25,'2017-05-25 19:54:06','2017-05-25 19:54:06'),(4143,17,47.5,'D2',0.5,'2017-05-25 19:54:06','2017-05-25 19:54:06'),(4144,22,29,'G2',1,'2017-05-25 19:54:06','2017-05-25 19:54:06'),(4145,15,59.25,'Db2',0.25,'2017-05-25 19:54:06','2017-05-25 19:54:06'),(4146,24,21.5,'B1',0.5,'2017-05-25 19:54:06','2017-05-25 19:54:06'),(4147,23,25,'B2',1,'2017-05-25 19:54:07','2017-05-25 19:54:07'),(4148,21,32.25,'G#1',0.25,'2017-05-25 19:54:07','2017-05-25 19:54:07'),(4149,19,40.25,'D#2',0.25,'2017-05-25 19:54:07','2017-05-25 19:54:07'),(4150,25,18.25,'C#2',0.25,'2017-05-25 19:54:07','2017-05-25 19:54:07'),(4151,26,9,'C1',1,'2017-05-25 19:54:07','2017-05-25 19:54:07'),(4152,22,29.25,'E2',0.25,'2017-05-25 19:54:07','2017-05-25 19:54:07'),(4153,15,59.5,'F2',0.5,'2017-05-25 19:54:07','2017-05-25 19:54:07'),(4154,17,48,'A#1',1,'2017-05-25 19:54:07','2017-05-25 19:54:07'),(4155,24,22,'Ab1',1,'2017-05-25 19:54:07','2017-05-25 19:54:07'),(4156,23,25.25,'G1',0.25,'2017-05-25 19:54:07','2017-05-25 19:54:07'),(4157,19,40.5,'G2',0.5,'2017-05-25 19:54:07','2017-05-25 19:54:07'),(4158,21,32.5,'C2',0.5,'2017-05-25 19:54:07','2017-05-25 19:54:07'),(4159,25,18.5,'C#2',0.5,'2017-05-25 19:54:07','2017-05-25 19:54:07'),(4160,26,9,'G2',1,'2017-05-25 19:54:07','2017-05-25 19:54:07'),(4161,17,48.25,'C2',0.25,'2017-05-25 19:54:07','2017-05-25 19:54:07'),(4162,15,60,'Db2',1,'2017-05-25 19:54:07','2017-05-25 19:54:07'),(4163,22,29.5,'E2',0.5,'2017-05-25 19:54:07','2017-05-25 19:54:07'),(4164,24,22.25,'Ab1',0.25,'2017-05-25 19:54:07','2017-05-25 19:54:07'),(4165,25,18.75,'A#1',0.25,'2017-05-25 19:54:07','2017-05-25 19:54:07'),(4166,26,9.25,'C2',0.25,'2017-05-25 19:54:07','2017-05-25 19:54:07'),(4167,19,40.75,'D#2',0.25,'2017-05-25 19:54:07','2017-05-25 19:54:07'),(4168,23,25.5,'B1',0.5,'2017-05-25 19:54:07','2017-05-25 19:54:07'),(4169,21,32.75,'G#1',0.25,'2017-05-25 19:54:07','2017-05-25 19:54:07'),(4170,22,30,'B2',1,'2017-05-25 19:54:07','2017-05-25 19:54:07'),(4171,15,60.25,'D2',0.25,'2017-05-25 19:54:07','2017-05-25 19:54:07'),(4172,17,48.5,'C2',0.5,'2017-05-25 19:54:07','2017-05-25 19:54:07'),(4173,24,22.5,'B1',0.5,'2017-05-25 19:54:07','2017-05-25 19:54:07'),(4174,26,9.5,'Eb2',0.5,'2017-05-25 19:54:08','2017-05-25 19:54:08'),(4175,25,19,'A#1',1,'2017-05-25 19:54:08','2017-05-25 19:54:08'),(4176,21,33,'G#1',1,'2017-05-25 19:54:08','2017-05-25 19:54:08'),(4177,23,26,'G1',1,'2017-05-25 19:54:08','2017-05-25 19:54:08'),(4178,19,41,'D#2',1,'2017-05-25 19:54:08','2017-05-25 19:54:08'),(4179,15,60.5,'D2',0.5,'2017-05-25 19:54:08','2017-05-25 19:54:08'),(4180,22,30.25,'E2',0.25,'2017-05-25 19:54:08','2017-05-25 19:54:08'),(4181,17,48.75,'A1',0.25,'2017-05-25 19:54:08','2017-05-25 19:54:08'),(4182,24,22.75,'Eb1',0.25,'2017-05-25 19:54:08','2017-05-25 19:54:08'),(4183,26,10,'C1',1,'2017-05-25 19:54:08','2017-05-25 19:54:08'),(4184,25,19,'F#2',1,'2017-05-25 19:54:08','2017-05-25 19:54:08'),(4185,23,26.25,'G1',0.25,'2017-05-25 19:54:08','2017-05-25 19:54:08'),(4186,21,33,'D#2',1,'2017-05-25 19:54:08','2017-05-25 19:54:08'),(4187,19,41,'A#2',1,'2017-05-25 19:54:08','2017-05-25 19:54:08'),(4188,17,49,'A1',1,'2017-05-25 19:54:08','2017-05-25 19:54:08'),(4189,15,60.75,'Bb1',0.25,'2017-05-25 19:54:08','2017-05-25 19:54:08'),(4190,22,30.5,'E2',0.5,'2017-05-25 19:54:08','2017-05-25 19:54:08'),(4191,24,23,'Ab1',1,'2017-05-25 19:54:08','2017-05-25 19:54:08'),(4192,26,10.25,'C2',0.25,'2017-05-25 19:54:08','2017-05-25 19:54:08'),(4193,21,33.25,'G#1',0.25,'2017-05-25 19:54:08','2017-05-25 19:54:08'),(4194,23,26.5,'B1',0.5,'2017-05-25 19:54:08','2017-05-25 19:54:08'),(4195,19,41.25,'D#2',0.25,'2017-05-25 19:54:08','2017-05-25 19:54:08'),(4196,25,19.25,'C#2',0.25,'2017-05-25 19:54:08','2017-05-25 19:54:08'),(4197,17,49,'F2',1,'2017-05-25 19:54:08','2017-05-25 19:54:08'),(4198,15,61,'Bb2',1,'2017-05-25 19:54:08','2017-05-25 19:54:08'),(4199,22,30.5,'G4',0.5,'2017-05-25 19:54:08','2017-05-25 19:54:08'),(4200,26,10.5,'Eb2',0.5,'2017-05-25 19:54:08','2017-05-25 19:54:08'),(4201,24,23,'B2',1,'2017-05-25 19:54:08','2017-05-25 19:54:08'),(4202,19,41.5,'G2',0.5,'2017-05-25 19:54:08','2017-05-25 19:54:08'),(4203,21,33.5,'C2',0.5,'2017-05-25 19:54:08','2017-05-25 19:54:08'),(4204,25,19.5,'C#2',0.5,'2017-05-25 19:54:08','2017-05-25 19:54:08'),(4205,23,26.75,'E1',0.25,'2017-05-25 19:54:08','2017-05-25 19:54:08'),(4206,22,30.75,'B2',0.25,'2017-05-25 19:54:09','2017-05-25 19:54:09'),(4207,17,49.25,'C2',0.25,'2017-05-25 19:54:09','2017-05-25 19:54:09'),(4208,15,61,'G2',1,'2017-05-25 19:54:09','2017-05-25 19:54:09'),(4209,24,23.25,'Ab1',0.25,'2017-05-25 19:54:09','2017-05-25 19:54:09'),(4210,26,10.75,'C1',0.25,'2017-05-25 19:54:09','2017-05-25 19:54:09'),(4211,23,27,'G1',1,'2017-05-25 19:54:09','2017-05-25 19:54:09'),(4212,25,20,'A#1',1,'2017-05-25 19:54:09','2017-05-25 19:54:09'),(4213,21,34,'G#1',1,'2017-05-25 19:54:09','2017-05-25 19:54:09'),(4214,19,42,'D#2',1,'2017-05-25 19:54:09','2017-05-25 19:54:09'),(4215,15,61.25,'D2',0.25,'2017-05-25 19:54:09','2017-05-25 19:54:09'),(4216,17,49.5,'C2',0.5,'2017-05-25 19:54:09','2017-05-25 19:54:09'),(4217,22,31,'B2',1,'2017-05-25 19:54:09','2017-05-25 19:54:09'),(4218,24,23.5,'B1',0.5,'2017-05-25 19:54:09','2017-05-25 19:54:09'),(4219,26,11,'C1',1,'2017-05-25 19:54:09','2017-05-25 19:54:09'),(4220,19,42.25,'D#2',0.25,'2017-05-25 19:54:09','2017-05-25 19:54:09'),(4221,21,34.25,'G#1',0.25,'2017-05-25 19:54:09','2017-05-25 19:54:09'),(4222,25,20.25,'C#2',0.25,'2017-05-25 19:54:09','2017-05-25 19:54:09'),(4223,15,61.5,'D2',0.5,'2017-05-25 19:54:09','2017-05-25 19:54:09'),(4224,23,27,'B2',1,'2017-05-25 19:54:09','2017-05-25 19:54:09'),(4225,17,50,'A1',1,'2017-05-25 19:54:09','2017-05-25 19:54:09'),(4226,22,31,'G2',1,'2017-05-25 19:54:09','2017-05-25 19:54:09'),(4227,24,24,'Ab1',1,'2017-05-25 19:54:09','2017-05-25 19:54:09'),(4228,26,11,'G2',1,'2017-05-25 19:54:09','2017-05-25 19:54:09'),(4229,21,34.5,'C2',0.5,'2017-05-25 19:54:09','2017-05-25 19:54:09'),(4230,19,42.5,'G2',0.5,'2017-05-25 19:54:09','2017-05-25 19:54:09'),(4231,15,62,'Bb2',1,'2017-05-25 19:54:09','2017-05-25 19:54:09'),(4232,25,20.5,'C#2',0.5,'2017-05-25 19:54:09','2017-05-25 19:54:09'),(4233,23,27.25,'G1',0.25,'2017-05-25 19:54:09','2017-05-25 19:54:09'),(4234,17,50.25,'C2',0.25,'2017-05-25 19:54:10','2017-05-25 19:54:10'),(4235,22,31,'G4',0.5,'2017-05-25 19:54:10','2017-05-25 19:54:10'),(4236,24,24.25,'A1',0.25,'2017-05-25 19:54:10','2017-05-25 19:54:10'),(4237,26,11.25,'C2',0.25,'2017-05-25 19:54:10','2017-05-25 19:54:10'),(4238,21,34.75,'G#1',0.25,'2017-05-25 19:54:10','2017-05-25 19:54:10'),(4239,19,42.75,'D#2',0.25,'2017-05-25 19:54:10','2017-05-25 19:54:10'),(4240,25,20.75,'A#1',0.25,'2017-05-25 19:54:10','2017-05-25 19:54:10'),(4241,15,62.25,'D2',0.25,'2017-05-25 19:54:10','2017-05-25 19:54:10'),(4242,23,27.5,'B1',0.5,'2017-05-25 19:54:10','2017-05-25 19:54:10'),(4243,17,50.5,'C2',0.5,'2017-05-25 19:54:10','2017-05-25 19:54:10'),(4244,24,24.5,'A1',0.5,'2017-05-25 19:54:10','2017-05-25 19:54:10'),(4245,22,31.25,'E2',0.25,'2017-05-25 19:54:10','2017-05-25 19:54:10'),(4246,26,11.5,'Eb2',0.5,'2017-05-25 19:54:10','2017-05-25 19:54:10'),(4247,21,35,'G#1',1,'2017-05-25 19:54:10','2017-05-25 19:54:10'),(4248,25,21,'A#1',1,'2017-05-25 19:54:10','2017-05-25 19:54:10'),(4249,19,43,'D#2',1,'2017-05-25 19:54:10','2017-05-25 19:54:10'),(4250,15,62.5,'D2',0.5,'2017-05-25 19:54:10','2017-05-25 19:54:10'),(4251,23,28,'G1',1,'2017-05-25 19:54:10','2017-05-25 19:54:10'),(4252,17,50.75,'A1',0.25,'2017-05-25 19:54:10','2017-05-25 19:54:10'),(4253,24,24.75,'E1',0.25,'2017-05-25 19:54:10','2017-05-25 19:54:10'),(4254,26,12,'C1',1,'2017-05-25 19:54:10','2017-05-25 19:54:10'),(4255,25,21,'F#2',1,'2017-05-25 19:54:10','2017-05-25 19:54:10'),(4256,19,43,'A#2',1,'2017-05-25 19:54:10','2017-05-25 19:54:10'),(4257,21,35,'D#2',1,'2017-05-25 19:54:10','2017-05-25 19:54:10'),(4258,15,62.5,'G4',0.5,'2017-05-25 19:54:10','2017-05-25 19:54:10'),(4259,23,28.25,'G1',0.25,'2017-05-25 19:54:10','2017-05-25 19:54:10'),(4260,17,51,'A1',1,'2017-05-25 19:54:10','2017-05-25 19:54:10'),(4261,24,25,'E1',1,'2017-05-25 19:54:10','2017-05-25 19:54:10'),(4262,26,12.25,'C2',0.25,'2017-05-25 19:54:10','2017-05-25 19:54:10'),(4263,25,21.25,'C#2',0.25,'2017-05-25 19:54:11','2017-05-25 19:54:11'),(4264,19,43.25,'D#2',0.25,'2017-05-25 19:54:11','2017-05-25 19:54:11'),(4265,21,35.25,'G#1',0.25,'2017-05-25 19:54:11','2017-05-25 19:54:11'),(4266,17,51,'F2',1,'2017-05-25 19:54:11','2017-05-25 19:54:11'),(4267,23,28.5,'B1',0.5,'2017-05-25 19:54:11','2017-05-25 19:54:11'),(4268,15,63,'Bb2',1,'2017-05-25 19:54:11','2017-05-25 19:54:11'),(4269,24,25,'C2',1,'2017-05-25 19:54:11','2017-05-25 19:54:11'),(4270,26,12.5,'Eb2',0.5,'2017-05-25 19:54:11','2017-05-25 19:54:11'),(4271,19,43.5,'G2',0.5,'2017-05-25 19:54:11','2017-05-25 19:54:11'),(4272,25,21.5,'C#2',0.5,'2017-05-25 19:54:11','2017-05-25 19:54:11'),(4273,17,51.25,'C2',0.25,'2017-05-25 19:54:11','2017-05-25 19:54:11'),(4274,15,63,'G2',1,'2017-05-25 19:54:11','2017-05-25 19:54:11'),(4275,24,25.25,'A1',0.25,'2017-05-25 19:54:11','2017-05-25 19:54:11'),(4276,23,28.75,'E1',0.25,'2017-05-25 19:54:11','2017-05-25 19:54:11'),(4277,21,35.5,'C2',0.5,'2017-05-25 19:54:11','2017-05-25 19:54:11'),(4278,26,12.75,'C1',0.25,'2017-05-25 19:54:11','2017-05-25 19:54:11'),(4279,19,44,'D#2',1,'2017-05-25 19:54:11','2017-05-25 19:54:11'),(4280,25,22,'A#1',1,'2017-05-25 19:54:11','2017-05-25 19:54:11'),(4281,24,25.5,'A1',0.5,'2017-05-25 19:54:11','2017-05-25 19:54:11'),(4282,17,51.5,'C2',0.5,'2017-05-25 19:54:11','2017-05-25 19:54:11'),(4283,21,36,'G#1',1,'2017-05-25 19:54:11','2017-05-25 19:54:11'),(4284,15,63,'G4',0.5,'2017-05-25 19:54:11','2017-05-25 19:54:11'),(4285,23,29,'G1',1,'2017-05-25 19:54:11','2017-05-25 19:54:11'),(4286,26,13,'C1',1,'2017-05-25 19:54:11','2017-05-25 19:54:11'),(4287,25,22.25,'C#2',0.25,'2017-05-25 19:54:11','2017-05-25 19:54:11'),(4288,19,44.25,'D#2',0.25,'2017-05-25 19:54:11','2017-05-25 19:54:11'),(4289,24,26,'E1',1,'2017-05-25 19:54:11','2017-05-25 19:54:11'),(4290,17,52,'A1',1,'2017-05-25 19:54:11','2017-05-25 19:54:11'),(4291,23,29,'B2',1,'2017-05-25 19:54:12','2017-05-25 19:54:12'),(4292,21,36.25,'G#1',0.25,'2017-05-25 19:54:12','2017-05-25 19:54:12'),(4293,26,13,'G2',1,'2017-05-25 19:54:12','2017-05-25 19:54:12'),(4294,19,44.5,'G2',0.5,'2017-05-25 19:54:12','2017-05-25 19:54:12'),(4295,25,22.5,'C#2',0.5,'2017-05-25 19:54:12','2017-05-25 19:54:12'),(4296,24,26.25,'A1',0.25,'2017-05-25 19:54:12','2017-05-25 19:54:12'),(4297,17,52.25,'C2',0.25,'2017-05-25 19:54:12','2017-05-25 19:54:12'),(4298,23,29.25,'G1',0.25,'2017-05-25 19:54:12','2017-05-25 19:54:12'),(4299,21,36.5,'C2',0.5,'2017-05-25 19:54:12','2017-05-25 19:54:12'),(4300,26,13.25,'C2',0.25,'2017-05-25 19:54:12','2017-05-25 19:54:12'),(4301,19,44.75,'D#2',0.25,'2017-05-25 19:54:12','2017-05-25 19:54:12'),(4302,25,22.75,'A#1',0.25,'2017-05-25 19:54:12','2017-05-25 19:54:12'),(4303,17,52.5,'C2',0.5,'2017-05-25 19:54:12','2017-05-25 19:54:12'),(4304,23,29.5,'B1',0.5,'2017-05-25 19:54:12','2017-05-25 19:54:12'),(4305,24,26.5,'A1',0.5,'2017-05-25 19:54:12','2017-05-25 19:54:12'),(4306,26,13.5,'Eb2',0.5,'2017-05-25 19:54:12','2017-05-25 19:54:12'),(4307,21,36.75,'G#1',0.25,'2017-05-25 19:54:12','2017-05-25 19:54:12'),(4308,19,45,'D#2',1,'2017-05-25 19:54:12','2017-05-25 19:54:12'),(4309,25,23,'A#1',1,'2017-05-25 19:54:12','2017-05-25 19:54:12'),(4310,17,52.75,'A1',0.25,'2017-05-25 19:54:12','2017-05-25 19:54:12'),(4311,23,30,'G1',1,'2017-05-25 19:54:12','2017-05-25 19:54:12'),(4312,24,26.75,'E1',0.25,'2017-05-25 19:54:12','2017-05-25 19:54:12'),(4313,21,37,'G#1',1,'2017-05-25 19:54:12','2017-05-25 19:54:12'),(4314,26,14,'C1',1,'2017-05-25 19:54:12','2017-05-25 19:54:12'),(4315,19,45,'A#2',1,'2017-05-25 19:54:12','2017-05-25 19:54:12'),(4316,25,23,'F#2',1,'2017-05-25 19:54:12','2017-05-25 19:54:12'),(4317,24,27,'E1',1,'2017-05-25 19:54:12','2017-05-25 19:54:12'),(4318,23,30.25,'G1',0.25,'2017-05-25 19:54:12','2017-05-25 19:54:12'),(4319,17,53,'A1',1,'2017-05-25 19:54:12','2017-05-25 19:54:12'),(4320,21,37,'D#2',1,'2017-05-25 19:54:12','2017-05-25 19:54:12'),(4321,26,14.25,'C2',0.25,'2017-05-25 19:54:12','2017-05-25 19:54:12'),(4322,19,45.25,'D#2',0.25,'2017-05-25 19:54:13','2017-05-25 19:54:13'),(4323,24,27,'C2',1,'2017-05-25 19:54:13','2017-05-25 19:54:13'),(4324,25,23.25,'C#2',0.25,'2017-05-25 19:54:13','2017-05-25 19:54:13'),(4325,23,30.5,'B1',0.5,'2017-05-25 19:54:13','2017-05-25 19:54:13'),(4326,17,53,'F2',1,'2017-05-25 19:54:13','2017-05-25 19:54:13'),(4327,21,37.25,'G#1',0.25,'2017-05-25 19:54:13','2017-05-25 19:54:13'),(4328,26,14.5,'Eb2',0.5,'2017-05-25 19:54:13','2017-05-25 19:54:13'),(4329,19,45.5,'G2',0.5,'2017-05-25 19:54:13','2017-05-25 19:54:13'),(4330,24,27.25,'A1',0.25,'2017-05-25 19:54:13','2017-05-25 19:54:13'),(4331,17,53.25,'C2',0.25,'2017-05-25 19:54:13','2017-05-25 19:54:13'),(4332,25,23.5,'C#2',0.5,'2017-05-25 19:54:13','2017-05-25 19:54:13'),(4333,23,30.5,'B4',0.5,'2017-05-25 19:54:13','2017-05-25 19:54:13'),(4334,21,37.5,'C2',0.5,'2017-05-25 19:54:13','2017-05-25 19:54:13'),(4335,26,14.5,'G5',0.5,'2017-05-25 19:54:13','2017-05-25 19:54:13'),(4336,19,46,'D#2',1,'2017-05-25 19:54:13','2017-05-25 19:54:13'),(4337,24,27.5,'A1',0.5,'2017-05-25 19:54:13','2017-05-25 19:54:13'),(4338,17,53.5,'C2',0.5,'2017-05-25 19:54:13','2017-05-25 19:54:13'),(4339,25,24,'A#1',1,'2017-05-25 19:54:13','2017-05-25 19:54:13'),(4340,23,30.75,'E1',0.25,'2017-05-25 19:54:13','2017-05-25 19:54:13'),(4341,21,38,'G#1',1,'2017-05-25 19:54:13','2017-05-25 19:54:13'),(4342,26,14.75,'C1',0.25,'2017-05-25 19:54:13','2017-05-25 19:54:13'),(4343,19,46.25,'D#2',0.25,'2017-05-25 19:54:13','2017-05-25 19:54:13'),(4344,24,28,'E1',1,'2017-05-25 19:54:13','2017-05-25 19:54:13'),(4345,23,31,'G1',1,'2017-05-25 19:54:13','2017-05-25 19:54:13'),(4346,25,24.25,'C2',0.25,'2017-05-25 19:54:13','2017-05-25 19:54:13'),(4347,26,15,'C1',1,'2017-05-25 19:54:13','2017-05-25 19:54:13'),(4348,21,38.25,'G#1',0.25,'2017-05-25 19:54:13','2017-05-25 19:54:13'),(4349,17,54,'A1',1,'2017-05-25 19:54:13','2017-05-25 19:54:13'),(4350,19,46.5,'G2',0.5,'2017-05-25 19:54:14','2017-05-25 19:54:14'),(4351,24,28.25,'A1',0.25,'2017-05-25 19:54:14','2017-05-25 19:54:14'),(4352,23,31,'B2',1,'2017-05-25 19:54:14','2017-05-25 19:54:14'),(4353,25,24.5,'E2',0.5,'2017-05-25 19:54:14','2017-05-25 19:54:14'),(4354,21,38.5,'C2',0.5,'2017-05-25 19:54:14','2017-05-25 19:54:14'),(4355,17,54.25,'C2',0.25,'2017-05-25 19:54:14','2017-05-25 19:54:14'),(4356,26,15,'G2',1,'2017-05-25 19:54:14','2017-05-25 19:54:14'),(4357,19,46.5,'A#4',0.5,'2017-05-25 19:54:14','2017-05-25 19:54:14'),(4358,23,31,'B4',0.5,'2017-05-25 19:54:14','2017-05-25 19:54:14'),(4359,24,28.5,'A1',0.5,'2017-05-25 19:54:14','2017-05-25 19:54:14'),(4360,25,24.75,'A1',0.25,'2017-05-25 19:54:14','2017-05-25 19:54:14'),(4361,21,38.75,'G#1',0.25,'2017-05-25 19:54:14','2017-05-25 19:54:14'),(4362,26,15,'G4',0.5,'2017-05-25 19:54:14','2017-05-25 19:54:14'),(4363,17,54.5,'C2',0.5,'2017-05-25 19:54:14','2017-05-25 19:54:14'),(4364,23,31.25,'G1',0.25,'2017-05-25 19:54:14','2017-05-25 19:54:14'),(4365,25,25,'C1',1,'2017-05-25 19:54:14','2017-05-25 19:54:14'),(4366,19,46.75,'D#2',0.25,'2017-05-25 19:54:14','2017-05-25 19:54:14'),(4367,24,28.75,'E1',0.25,'2017-05-25 19:54:14','2017-05-25 19:54:14'),(4368,21,39,'G#1',1,'2017-05-25 19:54:14','2017-05-25 19:54:14'),(4369,17,54.75,'A1',0.25,'2017-05-25 19:54:14','2017-05-25 19:54:14'),(4370,26,15.25,'C2',0.25,'2017-05-25 19:54:14','2017-05-25 19:54:14'),(4371,25,25,'E2',1,'2017-05-25 19:54:14','2017-05-25 19:54:14'),(4372,24,29,'E1',1,'2017-05-25 19:54:14','2017-05-25 19:54:14'),(4373,19,47,'D#2',1,'2017-05-25 19:54:14','2017-05-25 19:54:14'),(4374,23,31.5,'B1',0.5,'2017-05-25 19:54:14','2017-05-25 19:54:14'),(4375,17,55,'A1',1,'2017-05-25 19:54:14','2017-05-25 19:54:14'),(4376,26,15.5,'Eb2',0.5,'2017-05-25 19:54:14','2017-05-25 19:54:14'),(4377,21,39,'D#2',1,'2017-05-25 19:54:14','2017-05-25 19:54:14'),(4378,25,25.25,'C2',0.25,'2017-05-25 19:54:15','2017-05-25 19:54:15'),(4379,19,47,'A#2',1,'2017-05-25 19:54:15','2017-05-25 19:54:15'),(4380,24,29,'C2',1,'2017-05-25 19:54:15','2017-05-25 19:54:15'),(4381,23,32,'G1',1,'2017-05-25 19:54:15','2017-05-25 19:54:15'),(4382,21,39.25,'G#1',0.25,'2017-05-25 19:54:15','2017-05-25 19:54:15'),(4383,17,55,'F2',1,'2017-05-25 19:54:15','2017-05-25 19:54:15'),(4384,26,16,'C1',1,'2017-05-25 19:54:15','2017-05-25 19:54:15'),(4385,25,25.5,'E2',0.5,'2017-05-25 19:54:15','2017-05-25 19:54:15'),(4386,23,32.25,'F#1',0.25,'2017-05-25 19:54:15','2017-05-25 19:54:15'),(4387,19,47,'A#4',0.5,'2017-05-25 19:54:15','2017-05-25 19:54:15'),(4388,24,29.25,'A1',0.25,'2017-05-25 19:54:15','2017-05-25 19:54:15'),(4389,21,39.5,'C2',0.5,'2017-05-25 19:54:15','2017-05-25 19:54:15'),(4390,26,16.25,'Db2',0.25,'2017-05-25 19:54:15','2017-05-25 19:54:15'),(4391,17,55.25,'C2',0.25,'2017-05-25 19:54:15','2017-05-25 19:54:15'),(4392,25,26,'C1',1,'2017-05-25 19:54:15','2017-05-25 19:54:15'),(4393,23,32.5,'A#1',0.5,'2017-05-25 19:54:15','2017-05-25 19:54:15'),(4394,24,29.5,'A1',0.5,'2017-05-25 19:54:15','2017-05-25 19:54:15'),(4395,19,47.25,'D#2',0.25,'2017-05-25 19:54:15','2017-05-25 19:54:15'),(4396,21,40,'G#1',1,'2017-05-25 19:54:15','2017-05-25 19:54:15'),(4397,17,55.5,'C2',0.5,'2017-05-25 19:54:15','2017-05-25 19:54:15'),(4398,26,16.5,'E2',0.5,'2017-05-25 19:54:15','2017-05-25 19:54:15'),(4399,24,30,'E1',1,'2017-05-25 19:54:15','2017-05-25 19:54:15'),(4400,23,32.75,'F#1',0.25,'2017-05-25 19:54:15','2017-05-25 19:54:15'),(4401,19,47.5,'G2',0.5,'2017-05-25 19:54:15','2017-05-25 19:54:15'),(4402,25,26.25,'C2',0.25,'2017-05-25 19:54:15','2017-05-25 19:54:15'),(4403,21,40.25,'G#1',0.25,'2017-05-25 19:54:15','2017-05-25 19:54:15'),(4404,17,56,'A1',1,'2017-05-25 19:54:15','2017-05-25 19:54:15'),(4405,26,16.75,'Ab1',0.25,'2017-05-25 19:54:15','2017-05-25 19:54:15'),(4406,19,48,'D#2',1,'2017-05-25 19:54:15','2017-05-25 19:54:15'),(4407,24,30.25,'A1',0.25,'2017-05-25 19:54:15','2017-05-25 19:54:15'),(4408,23,33,'F#1',1,'2017-05-25 19:54:15','2017-05-25 19:54:15'),(4409,25,26.5,'E2',0.5,'2017-05-25 19:54:16','2017-05-25 19:54:16'),(4410,21,40.5,'C2',0.5,'2017-05-25 19:54:16','2017-05-25 19:54:16'),(4411,26,17,'Db1',1,'2017-05-25 19:54:16','2017-05-25 19:54:16'),(4412,17,56.25,'B2',0.25,'2017-05-25 19:54:16','2017-05-25 19:54:16'),(4413,19,48.25,'F2',0.25,'2017-05-25 19:54:16','2017-05-25 19:54:16'),(4414,24,30.5,'A1',0.5,'2017-05-25 19:54:16','2017-05-25 19:54:16'),(4415,23,33,'C#2',1,'2017-05-25 19:54:16','2017-05-25 19:54:16'),(4416,25,26.75,'A1',0.25,'2017-05-25 19:54:16','2017-05-25 19:54:16'),(4417,26,17,'E2',1,'2017-05-25 19:54:16','2017-05-25 19:54:16'),(4418,21,40.75,'G#1',0.25,'2017-05-25 19:54:16','2017-05-25 19:54:16'),(4419,17,56.5,'Eb2',0.5,'2017-05-25 19:54:16','2017-05-25 19:54:16'),(4420,19,48.5,'F2',0.5,'2017-05-25 19:54:16','2017-05-25 19:54:16'),(4421,24,30.5,'C4',0.5,'2017-05-25 19:54:16','2017-05-25 19:54:16'),(4422,25,27,'C1',1,'2017-05-25 19:54:16','2017-05-25 19:54:16'),(4423,23,33.25,'F#1',0.25,'2017-05-25 19:54:16','2017-05-25 19:54:16'),(4424,26,17.25,'Db2',0.25,'2017-05-25 19:54:16','2017-05-25 19:54:16'),(4425,21,41,'G#1',1,'2017-05-25 19:54:16','2017-05-25 19:54:16'),(4426,17,56.75,'Ab1',0.25,'2017-05-25 19:54:16','2017-05-25 19:54:16'),(4427,23,33.5,'A#1',0.5,'2017-05-25 19:54:16','2017-05-25 19:54:16'),(4428,25,27,'E2',1,'2017-05-25 19:54:16','2017-05-25 19:54:16'),(4429,19,48.75,'D2',0.25,'2017-05-25 19:54:16','2017-05-25 19:54:16'),(4430,24,30.75,'E1',0.25,'2017-05-25 19:54:16','2017-05-25 19:54:16'),(4431,21,41,'D#2',1,'2017-05-25 19:54:16','2017-05-25 19:54:16'),(4432,26,17.5,'E2',0.5,'2017-05-25 19:54:16','2017-05-25 19:54:16'),(4433,17,57,'B1',1,'2017-05-25 19:54:16','2017-05-25 19:54:16'),(4434,23,34,'F#1',1,'2017-05-25 19:54:16','2017-05-25 19:54:16'),(4435,25,27.25,'C2',0.25,'2017-05-25 19:54:16','2017-05-25 19:54:16'),(4436,19,49,'D2',1,'2017-05-25 19:54:16','2017-05-25 19:54:16'),(4437,24,31,'E1',1,'2017-05-25 19:54:16','2017-05-25 19:54:16'),(4438,26,18,'Db1',1,'2017-05-25 19:54:16','2017-05-25 19:54:16'),(4439,21,41.25,'G#1',0.25,'2017-05-25 19:54:16','2017-05-25 19:54:16'),(4440,17,57,'Eb2',1,'2017-05-25 19:54:17','2017-05-25 19:54:17'),(4441,23,34.25,'F#1',0.25,'2017-05-25 19:54:17','2017-05-25 19:54:17'),(4442,19,49,'A#2',1,'2017-05-25 19:54:17','2017-05-25 19:54:17'),(4443,25,27.5,'E2',0.5,'2017-05-25 19:54:17','2017-05-25 19:54:17'),(4444,26,18.25,'Db2',0.25,'2017-05-25 19:54:17','2017-05-25 19:54:17'),(4445,24,31,'C2',1,'2017-05-25 19:54:17','2017-05-25 19:54:17'),(4446,21,41.5,'C2',0.5,'2017-05-25 19:54:17','2017-05-25 19:54:17'),(4447,17,57.25,'B2',0.25,'2017-05-25 19:54:17','2017-05-25 19:54:17'),(4448,25,28,'C1',1,'2017-05-25 19:54:17','2017-05-25 19:54:17'),(4449,19,49.25,'F2',0.25,'2017-05-25 19:54:17','2017-05-25 19:54:17'),(4450,23,34.5,'A#1',0.5,'2017-05-25 19:54:17','2017-05-25 19:54:17'),(4451,26,18.5,'E2',0.5,'2017-05-25 19:54:17','2017-05-25 19:54:17'),(4452,24,31,'C4',0.5,'2017-05-25 19:54:17','2017-05-25 19:54:17'),(4453,21,42,'G#1',1,'2017-05-25 19:54:17','2017-05-25 19:54:17'),(4454,17,57.5,'Eb2',0.5,'2017-05-25 19:54:17','2017-05-25 19:54:17'),(4455,19,49.5,'F2',0.5,'2017-05-25 19:54:17','2017-05-25 19:54:17'),(4456,25,28.25,'C2',0.25,'2017-05-25 19:54:17','2017-05-25 19:54:17'),(4457,23,34.75,'F#1',0.25,'2017-05-25 19:54:17','2017-05-25 19:54:17'),(4458,26,18.75,'Ab1',0.25,'2017-05-25 19:54:17','2017-05-25 19:54:17'),(4459,21,42.25,'G#1',0.25,'2017-05-25 19:54:17','2017-05-25 19:54:17'),(4460,24,31.25,'A1',0.25,'2017-05-25 19:54:17','2017-05-25 19:54:17'),(4461,17,58,'B1',1,'2017-05-25 19:54:17','2017-05-25 19:54:17'),(4462,25,28.5,'E2',0.5,'2017-05-25 19:54:17','2017-05-25 19:54:17'),(4463,19,50,'D2',1,'2017-05-25 19:54:17','2017-05-25 19:54:17'),(4464,23,35,'F#1',1,'2017-05-25 19:54:17','2017-05-25 19:54:17'),(4465,26,19,'Db1',1,'2017-05-25 19:54:17','2017-05-25 19:54:17'),(4466,21,42.5,'C2',0.5,'2017-05-25 19:54:17','2017-05-25 19:54:17'),(4467,17,58.25,'B2',0.25,'2017-05-25 19:54:18','2017-05-25 19:54:18'),(4468,19,50.25,'F2',0.25,'2017-05-25 19:54:18','2017-05-25 19:54:18'),(4469,23,35,'C#2',1,'2017-05-25 19:54:18','2017-05-25 19:54:18'),(4470,25,28.75,'A1',0.25,'2017-05-25 19:54:18','2017-05-25 19:54:18'),(4471,21,42.75,'G#1',0.25,'2017-05-25 19:54:18','2017-05-25 19:54:18'),(4472,26,19,'E2',1,'2017-05-25 19:54:18','2017-05-25 19:54:18'),(4473,17,58.5,'Eb2',0.5,'2017-05-25 19:54:18','2017-05-25 19:54:18'),(4474,19,50.5,'F2',0.5,'2017-05-25 19:54:18','2017-05-25 19:54:18'),(4475,23,35.25,'F#1',0.25,'2017-05-25 19:54:18','2017-05-25 19:54:18'),(4476,25,29,'C1',1,'2017-05-25 19:54:18','2017-05-25 19:54:18'),(4477,21,43,'G#1',1,'2017-05-25 19:54:18','2017-05-25 19:54:18'),(4478,26,19.25,'Db2',0.25,'2017-05-25 19:54:18','2017-05-25 19:54:18'),(4479,17,58.75,'Ab1',0.25,'2017-05-25 19:54:18','2017-05-25 19:54:18'),(4480,23,35.5,'A#1',0.5,'2017-05-25 19:54:18','2017-05-25 19:54:18'),(4481,25,29,'E2',1,'2017-05-25 19:54:18','2017-05-25 19:54:18'),(4482,19,50.75,'D2',0.25,'2017-05-25 19:54:18','2017-05-25 19:54:18'),(4483,26,19.5,'E2',0.5,'2017-05-25 19:54:18','2017-05-25 19:54:18'),(4484,21,43,'D#2',1,'2017-05-25 19:54:18','2017-05-25 19:54:18'),(4485,17,59,'B1',1,'2017-05-25 19:54:18','2017-05-25 19:54:18'),(4486,23,36,'F#1',1,'2017-05-25 19:54:18','2017-05-25 19:54:18'),(4487,19,51,'D2',1,'2017-05-25 19:54:18','2017-05-25 19:54:18'),(4488,25,29.25,'C2',0.25,'2017-05-25 19:54:18','2017-05-25 19:54:18'),(4489,26,20,'Db1',1,'2017-05-25 19:54:18','2017-05-25 19:54:18'),(4490,21,43.25,'G#1',0.25,'2017-05-25 19:54:18','2017-05-25 19:54:18'),(4491,17,59,'Eb2',1,'2017-05-25 19:54:18','2017-05-25 19:54:18'),(4492,23,36.25,'F#1',0.25,'2017-05-25 19:54:18','2017-05-25 19:54:18'),(4493,25,29.5,'E2',0.5,'2017-05-25 19:54:18','2017-05-25 19:54:18'),(4494,19,51,'A#2',1,'2017-05-25 19:54:18','2017-05-25 19:54:18'),(4495,26,20.25,'Db2',0.25,'2017-05-25 19:54:18','2017-05-25 19:54:18'),(4496,21,43.5,'C2',0.5,'2017-05-25 19:54:18','2017-05-25 19:54:18'),(4497,17,59.25,'B2',0.25,'2017-05-25 19:54:19','2017-05-25 19:54:19'),(4498,25,30,'C1',1,'2017-05-25 19:54:19','2017-05-25 19:54:19'),(4499,19,51.25,'F2',0.25,'2017-05-25 19:54:19','2017-05-25 19:54:19'),(4500,23,36.5,'A#1',0.5,'2017-05-25 19:54:19','2017-05-25 19:54:19'),(4501,26,20.5,'E2',0.5,'2017-05-25 19:54:19','2017-05-25 19:54:19'),(4502,21,44,'G#1',1,'2017-05-25 19:54:19','2017-05-25 19:54:19'),(4503,17,59.5,'Eb2',0.5,'2017-05-25 19:54:19','2017-05-25 19:54:19'),(4504,23,36.75,'F#1',0.25,'2017-05-25 19:54:19','2017-05-25 19:54:19'),(4505,19,51.5,'F2',0.5,'2017-05-25 19:54:19','2017-05-25 19:54:19'),(4506,25,30.25,'C2',0.25,'2017-05-25 19:54:19','2017-05-25 19:54:19'),(4507,26,20.75,'Ab1',0.25,'2017-05-25 19:54:19','2017-05-25 19:54:19'),(4508,21,44.25,'G#1',0.25,'2017-05-25 19:54:19','2017-05-25 19:54:19'),(4509,17,60,'B1',1,'2017-05-25 19:54:19','2017-05-25 19:54:19'),(4510,23,37,'F#1',1,'2017-05-25 19:54:19','2017-05-25 19:54:19'),(4511,25,30.5,'E2',0.5,'2017-05-25 19:54:19','2017-05-25 19:54:19'),(4512,19,52,'D2',1,'2017-05-25 19:54:19','2017-05-25 19:54:19'),(4513,21,44.5,'C2',0.5,'2017-05-25 19:54:19','2017-05-25 19:54:19'),(4514,17,60.25,'C2',0.25,'2017-05-25 19:54:19','2017-05-25 19:54:19'),(4515,26,21,'Db1',1,'2017-05-25 19:54:19','2017-05-25 19:54:19'),(4516,23,37,'C#2',1,'2017-05-25 19:54:19','2017-05-25 19:54:19'),(4517,25,30.5,'E4',0.5,'2017-05-25 19:54:19','2017-05-25 19:54:19'),(4518,21,44.75,'G#1',0.25,'2017-05-25 19:54:19','2017-05-25 19:54:19'),(4519,19,52.25,'F2',0.25,'2017-05-25 19:54:19','2017-05-25 19:54:19'),(4520,26,21,'E2',1,'2017-05-25 19:54:19','2017-05-25 19:54:19'),(4521,17,60.5,'C2',0.5,'2017-05-25 19:54:19','2017-05-25 19:54:19'),(4522,23,37.25,'F#1',0.25,'2017-05-25 19:54:20','2017-05-25 19:54:20'),(4523,25,30.75,'A1',0.25,'2017-05-25 19:54:20','2017-05-25 19:54:20'),(4524,26,21.25,'Db2',0.25,'2017-05-25 19:54:20','2017-05-25 19:54:20'),(4525,19,52.5,'F2',0.5,'2017-05-25 19:54:20','2017-05-25 19:54:20'),(4526,21,45,'G#1',1,'2017-05-25 19:54:20','2017-05-25 19:54:20'),(4527,17,60.75,'Ab1',0.25,'2017-05-25 19:54:20','2017-05-25 19:54:20'),(4528,23,37.5,'A#1',0.5,'2017-05-25 19:54:20','2017-05-25 19:54:20'),(4529,25,31,'C1',1,'2017-05-25 19:54:20','2017-05-25 19:54:20'),(4530,19,52.75,'D2',0.25,'2017-05-25 19:54:20','2017-05-25 19:54:20'),(4531,17,61,'Ab1',1,'2017-05-25 19:54:20','2017-05-25 19:54:20'),(4532,21,45,'D#2',1,'2017-05-25 19:54:20','2017-05-25 19:54:20'),(4533,26,21.5,'E2',0.5,'2017-05-25 19:54:20','2017-05-25 19:54:20'),(4534,23,38,'F#1',1,'2017-05-25 19:54:20','2017-05-25 19:54:20'),(4535,25,31,'E2',1,'2017-05-25 19:54:20','2017-05-25 19:54:20'),(4536,21,45.25,'G#1',0.25,'2017-05-25 19:54:20','2017-05-25 19:54:20'),(4537,19,53,'D2',1,'2017-05-25 19:54:20','2017-05-25 19:54:20'),(4538,17,61,'F2',1,'2017-05-25 19:54:20','2017-05-25 19:54:20'),(4539,26,22,'Db1',1,'2017-05-25 19:54:20','2017-05-25 19:54:20'),(4540,25,31,'E4',0.5,'2017-05-25 19:54:21','2017-05-25 19:54:21'),(4541,23,38.25,'F#1',0.25,'2017-05-25 19:54:21','2017-05-25 19:54:21'),(4542,21,45.5,'C2',0.5,'2017-05-25 19:54:21','2017-05-25 19:54:21'),(4543,19,53,'A#2',1,'2017-05-25 19:54:21','2017-05-25 19:54:21'),(4544,26,22.25,'Db2',0.25,'2017-05-25 19:54:21','2017-05-25 19:54:21'),(4545,17,61.25,'C2',0.25,'2017-05-25 19:54:21','2017-05-25 19:54:21'),(4546,23,38.5,'A#1',0.5,'2017-05-25 19:54:21','2017-05-25 19:54:21'),(4547,25,31.25,'C2',0.25,'2017-05-25 19:54:21','2017-05-25 19:54:21'),(4548,21,46,'G#1',1,'2017-05-25 19:54:21','2017-05-25 19:54:21'),(4549,17,61.5,'C2',0.5,'2017-05-25 19:54:21','2017-05-25 19:54:21'),(4550,26,22.5,'E2',0.5,'2017-05-25 19:54:21','2017-05-25 19:54:21'),(4551,19,53.25,'F2',0.25,'2017-05-25 19:54:21','2017-05-25 19:54:21'),(4552,23,38.75,'F#1',0.25,'2017-05-25 19:54:21','2017-05-25 19:54:21'),(4553,25,31.5,'E2',0.5,'2017-05-25 19:54:21','2017-05-25 19:54:21'),(4554,21,46.25,'G#1',0.25,'2017-05-25 19:54:21','2017-05-25 19:54:21'),(4555,19,53.5,'F2',0.5,'2017-05-25 19:54:21','2017-05-25 19:54:21'),(4556,26,22.75,'Ab1',0.25,'2017-05-25 19:54:21','2017-05-25 19:54:21'),(4557,17,62,'Ab1',1,'2017-05-25 19:54:21','2017-05-25 19:54:21'),(4558,23,39,'F#1',1,'2017-05-25 19:54:21','2017-05-25 19:54:21'),(4559,25,32,'C1',1,'2017-05-25 19:54:21','2017-05-25 19:54:21'),(4560,19,54,'D2',1,'2017-05-25 19:54:21','2017-05-25 19:54:21'),(4561,26,23,'Db1',1,'2017-05-25 19:54:21','2017-05-25 19:54:21'),(4562,21,46.5,'C2',0.5,'2017-05-25 19:54:21','2017-05-25 19:54:21'),(4563,17,62.25,'C2',0.25,'2017-05-25 19:54:21','2017-05-25 19:54:21'),(4564,23,39,'C#2',1,'2017-05-25 19:54:21','2017-05-25 19:54:21'),(4565,25,32.25,'B2',0.25,'2017-05-25 19:54:21','2017-05-25 19:54:21'),(4566,19,54.25,'F2',0.25,'2017-05-25 19:54:21','2017-05-25 19:54:21'),(4567,17,62.5,'C2',0.5,'2017-05-25 19:54:21','2017-05-25 19:54:21'),(4568,21,46.5,'D#4',0.5,'2017-05-25 19:54:21','2017-05-25 19:54:21'),(4569,26,23,'E2',1,'2017-05-25 19:54:21','2017-05-25 19:54:21'),(4570,25,32.5,'D#2',0.5,'2017-05-25 19:54:22','2017-05-25 19:54:22'),(4571,23,39.25,'F#1',0.25,'2017-05-25 19:54:22','2017-05-25 19:54:22'),(4572,19,54.5,'F2',0.5,'2017-05-25 19:54:22','2017-05-25 19:54:22'),(4573,17,62.5,'F4',0.5,'2017-05-25 19:54:22','2017-05-25 19:54:22'),(4574,21,46.75,'G#1',0.25,'2017-05-25 19:54:22','2017-05-25 19:54:22'),(4575,26,23.25,'Db2',0.25,'2017-05-25 19:54:22','2017-05-25 19:54:22'),(4576,25,32.75,'B1',0.25,'2017-05-25 19:54:22','2017-05-25 19:54:22'),(4577,23,39.5,'A#1',0.5,'2017-05-25 19:54:22','2017-05-25 19:54:22'),(4578,19,54.75,'D2',0.25,'2017-05-25 19:54:22','2017-05-25 19:54:22'),(4579,17,63,'Ab1',1,'2017-05-25 19:54:22','2017-05-25 19:54:22'),(4580,21,47,'G#1',1,'2017-05-25 19:54:22','2017-05-25 19:54:22'),(4581,26,23.5,'E2',0.5,'2017-05-25 19:54:22','2017-05-25 19:54:22'),(4582,25,33,'B1',1,'2017-05-25 19:54:22','2017-05-25 19:54:22'),(4583,23,40,'F#1',1,'2017-05-25 19:54:22','2017-05-25 19:54:22'),(4584,21,47,'D#2',1,'2017-05-25 19:54:22','2017-05-25 19:54:22'),(4585,17,63,'F2',1,'2017-05-25 19:54:22','2017-05-25 19:54:22'),(4586,19,55,'D2',1,'2017-05-25 19:54:22','2017-05-25 19:54:22'),(4587,26,24,'Db1',1,'2017-05-25 19:54:22','2017-05-25 19:54:22'),(4588,25,33,'F#2',1,'2017-05-25 19:54:22','2017-05-25 19:54:22'),(4589,21,47,'D#4',0.5,'2017-05-25 19:54:22','2017-05-25 19:54:22'),(4590,23,40.25,'F#1',0.25,'2017-05-25 19:54:22','2017-05-25 19:54:22'),(4591,17,63,'F4',0.5,'2017-05-25 19:54:22','2017-05-25 19:54:22'),(4592,26,24.25,'D2',0.25,'2017-05-25 19:54:22','2017-05-25 19:54:22'),(4593,19,55,'A#2',1,'2017-05-25 19:54:22','2017-05-25 19:54:22'),(4594,25,33.25,'B2',0.25,'2017-05-25 19:54:22','2017-05-25 19:54:22'),(4595,23,40.5,'A#1',0.5,'2017-05-25 19:54:22','2017-05-25 19:54:22'),(4596,21,47.25,'G#1',0.25,'2017-05-25 19:54:22','2017-05-25 19:54:22'),(4597,19,55.25,'F2',0.25,'2017-05-25 19:54:22','2017-05-25 19:54:22'),(4598,26,24.5,'D2',0.5,'2017-05-25 19:54:22','2017-05-25 19:54:22'),(4599,25,33.5,'D#2',0.5,'2017-05-25 19:54:23','2017-05-25 19:54:23'),(4600,21,47.5,'C2',0.5,'2017-05-25 19:54:23','2017-05-25 19:54:23'),(4601,23,40.75,'F#1',0.25,'2017-05-25 19:54:23','2017-05-25 19:54:23'),(4602,26,24.75,'A1',0.25,'2017-05-25 19:54:23','2017-05-25 19:54:23'),(4603,19,55.5,'F2',0.5,'2017-05-25 19:54:23','2017-05-25 19:54:23'),(4604,25,34,'B1',1,'2017-05-25 19:54:23','2017-05-25 19:54:23'),(4605,21,48,'G#1',1,'2017-05-25 19:54:23','2017-05-25 19:54:23'),(4606,23,41,'F#1',1,'2017-05-25 19:54:23','2017-05-25 19:54:23'),(4607,19,56,'D2',1,'2017-05-25 19:54:23','2017-05-25 19:54:23'),(4608,26,25,'A1',1,'2017-05-25 19:54:23','2017-05-25 19:54:23'),(4609,25,34.25,'B2',0.25,'2017-05-25 19:54:23','2017-05-25 19:54:23'),(4610,23,41,'C#2',1,'2017-05-25 19:54:23','2017-05-25 19:54:23'),(4611,21,48.25,'A#1',0.25,'2017-05-25 19:54:23','2017-05-25 19:54:23'),(4612,19,56.25,'E2',0.25,'2017-05-25 19:54:23','2017-05-25 19:54:23'),(4613,26,25,'F2',1,'2017-05-25 19:54:23','2017-05-25 19:54:23'),(4614,25,34.5,'D#2',0.5,'2017-05-25 19:54:23','2017-05-25 19:54:23'),(4615,21,48.5,'A#2',0.5,'2017-05-25 19:54:23','2017-05-25 19:54:23'),(4616,23,41.25,'F#1',0.25,'2017-05-25 19:54:23','2017-05-25 19:54:23'),(4617,19,56.5,'Ab2',0.5,'2017-05-25 19:54:23','2017-05-25 19:54:23'),(4618,26,25.25,'D2',0.25,'2017-05-25 19:54:23','2017-05-25 19:54:23'),(4619,25,34.75,'B1',0.25,'2017-05-25 19:54:23','2017-05-25 19:54:23'),(4620,21,48.75,'G1',0.25,'2017-05-25 19:54:23','2017-05-25 19:54:23'),(4621,23,41.5,'A#1',0.5,'2017-05-25 19:54:23','2017-05-25 19:54:23'),(4622,19,56.75,'Db2',0.25,'2017-05-25 19:54:23','2017-05-25 19:54:23'),(4623,26,25.5,'D2',0.5,'2017-05-25 19:54:23','2017-05-25 19:54:23'),(4624,25,35,'B1',1,'2017-05-25 19:54:24','2017-05-25 19:54:24'),(4625,23,42,'F#1',1,'2017-05-25 19:54:24','2017-05-25 19:54:24'),(4626,21,49,'G1',1,'2017-05-25 19:54:24','2017-05-25 19:54:24'),(4627,19,57,'E2',1,'2017-05-25 19:54:24','2017-05-25 19:54:24'),(4628,26,26,'A1',1,'2017-05-25 19:54:24','2017-05-25 19:54:24'),(4629,25,35,'F#2',1,'2017-05-25 19:54:24','2017-05-25 19:54:24'),(4630,23,42.25,'F#1',0.25,'2017-05-25 19:54:24','2017-05-25 19:54:24'),(4631,21,49,'D#2',1,'2017-05-25 19:54:24','2017-05-25 19:54:24'),(4632,26,26.25,'D2',0.25,'2017-05-25 19:54:24','2017-05-25 19:54:24'),(4633,19,57,'Ab2',1,'2017-05-25 19:54:24','2017-05-25 19:54:24'),(4634,25,35.25,'B2',0.25,'2017-05-25 19:54:24','2017-05-25 19:54:24'),(4635,21,49.25,'A#1',0.25,'2017-05-25 19:54:24','2017-05-25 19:54:24'),(4636,23,42.5,'A#1',0.5,'2017-05-25 19:54:24','2017-05-25 19:54:24'),(4637,26,26.5,'D2',0.5,'2017-05-25 19:54:24','2017-05-25 19:54:24'),(4638,19,57.25,'E2',0.25,'2017-05-25 19:54:24','2017-05-25 19:54:24'),(4639,25,35.5,'D#2',0.5,'2017-05-25 19:54:24','2017-05-25 19:54:24'),(4640,21,49.5,'A#2',0.5,'2017-05-25 19:54:24','2017-05-25 19:54:24'),(4641,23,42.75,'F#1',0.25,'2017-05-25 19:54:24','2017-05-25 19:54:24'),(4642,26,26.75,'A1',0.25,'2017-05-25 19:54:24','2017-05-25 19:54:24'),(4643,19,57.5,'Ab2',0.5,'2017-05-25 19:54:24','2017-05-25 19:54:24'),(4644,25,36,'B1',1,'2017-05-25 19:54:24','2017-05-25 19:54:24'),(4645,21,50,'G1',1,'2017-05-25 19:54:24','2017-05-25 19:54:24'),(4646,23,43,'F#1',1,'2017-05-25 19:54:24','2017-05-25 19:54:24'),(4647,26,27,'A1',1,'2017-05-25 19:54:24','2017-05-25 19:54:24'),(4648,19,58,'E2',1,'2017-05-25 19:54:24','2017-05-25 19:54:24'),(4649,25,36.25,'B2',0.25,'2017-05-25 19:54:24','2017-05-25 19:54:24'),(4650,21,50.25,'A#1',0.25,'2017-05-25 19:54:24','2017-05-25 19:54:24'),(4651,23,43,'C#2',1,'2017-05-25 19:54:24','2017-05-25 19:54:24'),(4652,26,27,'F2',1,'2017-05-25 19:54:24','2017-05-25 19:54:24'),(4653,19,58.25,'E2',0.25,'2017-05-25 19:54:24','2017-05-25 19:54:24'),(4654,25,36.5,'D#2',0.5,'2017-05-25 19:54:24','2017-05-25 19:54:24'),(4655,21,50.5,'A#2',0.5,'2017-05-25 19:54:24','2017-05-25 19:54:24'),(4656,23,43.25,'F#1',0.25,'2017-05-25 19:54:24','2017-05-25 19:54:24'),(4657,19,58.5,'Ab2',0.5,'2017-05-25 19:54:25','2017-05-25 19:54:25'),(4658,26,27.25,'D2',0.25,'2017-05-25 19:54:25','2017-05-25 19:54:25'),(4659,25,36.75,'B1',0.25,'2017-05-25 19:54:25','2017-05-25 19:54:25'),(4660,23,43.5,'A#1',0.5,'2017-05-25 19:54:25','2017-05-25 19:54:25'),(4661,21,50.75,'G1',0.25,'2017-05-25 19:54:25','2017-05-25 19:54:25'),(4662,26,27.5,'D2',0.5,'2017-05-25 19:54:25','2017-05-25 19:54:25'),(4663,19,58.75,'Db2',0.25,'2017-05-25 19:54:25','2017-05-25 19:54:25'),(4664,25,37,'B1',1,'2017-05-25 19:54:25','2017-05-25 19:54:25'),(4665,21,51,'G1',1,'2017-05-25 19:54:25','2017-05-25 19:54:25'),(4666,23,44,'F#1',1,'2017-05-25 19:54:25','2017-05-25 19:54:25'),(4667,26,28,'A1',1,'2017-05-25 19:54:25','2017-05-25 19:54:25'),(4668,19,59,'E2',1,'2017-05-25 19:54:25','2017-05-25 19:54:25'),(4669,25,37,'F#2',1,'2017-05-25 19:54:25','2017-05-25 19:54:25'),(4670,23,44.25,'F#1',0.25,'2017-05-25 19:54:25','2017-05-25 19:54:25'),(4671,21,51,'D#2',1,'2017-05-25 19:54:25','2017-05-25 19:54:25'),(4672,26,28.25,'D2',0.25,'2017-05-25 19:54:25','2017-05-25 19:54:25'),(4673,19,59,'Ab2',1,'2017-05-25 19:54:25','2017-05-25 19:54:25'),(4674,25,37.25,'B2',0.25,'2017-05-25 19:54:25','2017-05-25 19:54:25'),(4675,23,44.5,'A#1',0.5,'2017-05-25 19:54:25','2017-05-25 19:54:25'),(4676,21,51.25,'A#1',0.25,'2017-05-25 19:54:25','2017-05-25 19:54:25'),(4677,26,28.5,'D2',0.5,'2017-05-25 19:54:25','2017-05-25 19:54:25'),(4678,19,59.25,'E2',0.25,'2017-05-25 19:54:25','2017-05-25 19:54:25'),(4679,25,37.5,'D#2',0.5,'2017-05-25 19:54:25','2017-05-25 19:54:25'),(4680,23,44.75,'F#1',0.25,'2017-05-25 19:54:25','2017-05-25 19:54:25'),(4681,21,51.5,'A#2',0.5,'2017-05-25 19:54:25','2017-05-25 19:54:25'),(4682,26,28.75,'A1',0.25,'2017-05-25 19:54:25','2017-05-25 19:54:25'),(4683,19,59.5,'Ab2',0.5,'2017-05-25 19:54:25','2017-05-25 19:54:25'),(4684,25,38,'B1',1,'2017-05-25 19:54:25','2017-05-25 19:54:25'),(4685,23,45,'F#1',1,'2017-05-25 19:54:25','2017-05-25 19:54:25'),(4686,21,52,'G1',1,'2017-05-25 19:54:25','2017-05-25 19:54:25'),(4687,19,60,'E2',1,'2017-05-25 19:54:25','2017-05-25 19:54:25'),(4688,26,29,'A1',1,'2017-05-25 19:54:25','2017-05-25 19:54:25'),(4689,25,38.25,'B2',0.25,'2017-05-25 19:54:25','2017-05-25 19:54:25'),(4690,23,45,'C#2',1,'2017-05-25 19:54:25','2017-05-25 19:54:25'),(4691,21,52.25,'A#1',0.25,'2017-05-25 19:54:25','2017-05-25 19:54:25'),(4692,19,60.25,'F2',0.25,'2017-05-25 19:54:26','2017-05-25 19:54:26'),(4693,26,29,'F2',1,'2017-05-25 19:54:26','2017-05-25 19:54:26'),(4694,25,38.5,'D#2',0.5,'2017-05-25 19:54:26','2017-05-25 19:54:26'),(4695,21,52.5,'A#2',0.5,'2017-05-25 19:54:26','2017-05-25 19:54:26'),(4696,23,45.25,'F#1',0.25,'2017-05-25 19:54:26','2017-05-25 19:54:26'),(4697,26,29.25,'D2',0.25,'2017-05-25 19:54:26','2017-05-25 19:54:26'),(4698,19,60.5,'F2',0.5,'2017-05-25 19:54:26','2017-05-25 19:54:26'),(4699,25,38.75,'B1',0.25,'2017-05-25 19:54:26','2017-05-25 19:54:26'),(4700,23,45.5,'A#1',0.5,'2017-05-25 19:54:26','2017-05-25 19:54:26'),(4701,21,52.75,'G1',0.25,'2017-05-25 19:54:26','2017-05-25 19:54:26'),(4702,26,29.5,'D2',0.5,'2017-05-25 19:54:26','2017-05-25 19:54:26'),(4703,19,60.75,'Db2',0.25,'2017-05-25 19:54:26','2017-05-25 19:54:26'),(4704,25,39,'B1',1,'2017-05-25 19:54:26','2017-05-25 19:54:26'),(4705,23,46,'F#1',1,'2017-05-25 19:54:26','2017-05-25 19:54:26'),(4706,21,53,'G1',1,'2017-05-25 19:54:26','2017-05-25 19:54:26'),(4707,26,30,'A1',1,'2017-05-25 19:54:26','2017-05-25 19:54:26'),(4708,19,61,'Db2',1,'2017-05-25 19:54:26','2017-05-25 19:54:26'),(4709,25,39,'F#2',1,'2017-05-25 19:54:26','2017-05-25 19:54:26'),(4710,23,46.25,'F#1',0.25,'2017-05-25 19:54:26','2017-05-25 19:54:26'),(4711,21,53,'D#2',1,'2017-05-25 19:54:26','2017-05-25 19:54:26'),(4712,26,30.25,'D2',0.25,'2017-05-25 19:54:26','2017-05-25 19:54:26'),(4713,19,61,'Bb2',1,'2017-05-25 19:54:26','2017-05-25 19:54:26'),(4714,25,39.25,'B2',0.25,'2017-05-25 19:54:26','2017-05-25 19:54:26'),(4715,23,46.5,'A#1',0.5,'2017-05-25 19:54:26','2017-05-25 19:54:26'),(4716,21,53.25,'A#1',0.25,'2017-05-25 19:54:26','2017-05-25 19:54:26'),(4717,26,30.5,'D2',0.5,'2017-05-25 19:54:26','2017-05-25 19:54:26'),(4718,19,61.25,'F2',0.25,'2017-05-25 19:54:26','2017-05-25 19:54:26'),(4719,25,39.5,'D#2',0.5,'2017-05-25 19:54:26','2017-05-25 19:54:26'),(4720,23,46.5,'C#4',0.5,'2017-05-25 19:54:26','2017-05-25 19:54:26'),(4721,21,53.5,'A#2',0.5,'2017-05-25 19:54:26','2017-05-25 19:54:26'),(4722,26,30.5,'F4',0.5,'2017-05-25 19:54:26','2017-05-25 19:54:26'),(4723,19,61.5,'F2',0.5,'2017-05-25 19:54:26','2017-05-25 19:54:26'),(4724,25,40,'B1',1,'2017-05-25 19:54:26','2017-05-25 19:54:26'),(4725,23,46.75,'F#1',0.25,'2017-05-25 19:54:26','2017-05-25 19:54:26'),(4726,21,54,'G1',1,'2017-05-25 19:54:26','2017-05-25 19:54:26'),(4727,26,30.75,'A1',0.25,'2017-05-25 19:54:27','2017-05-25 19:54:27'),(4728,19,62,'Db2',1,'2017-05-25 19:54:27','2017-05-25 19:54:27'),(4729,25,40.25,'B2',0.25,'2017-05-25 19:54:27','2017-05-25 19:54:27'),(4730,21,54.25,'A#1',0.25,'2017-05-25 19:54:27','2017-05-25 19:54:27'),(4731,23,47,'F#1',1,'2017-05-25 19:54:27','2017-05-25 19:54:27'),(4732,26,31,'A1',1,'2017-05-25 19:54:27','2017-05-25 19:54:27'),(4733,19,62.25,'F2',0.25,'2017-05-25 19:54:27','2017-05-25 19:54:27'),(4734,25,40.5,'D#2',0.5,'2017-05-25 19:54:27','2017-05-25 19:54:27'),(4735,21,54.5,'A#2',0.5,'2017-05-25 19:54:27','2017-05-25 19:54:27'),(4736,23,47,'C#2',1,'2017-05-25 19:54:27','2017-05-25 19:54:27'),(4737,26,31,'F2',1,'2017-05-25 19:54:27','2017-05-25 19:54:27'),(4738,19,62.5,'F2',0.5,'2017-05-25 19:54:27','2017-05-25 19:54:27'),(4739,25,40.75,'B1',0.25,'2017-05-25 19:54:27','2017-05-25 19:54:27'),(4740,23,47,'C#4',0.5,'2017-05-25 19:54:27','2017-05-25 19:54:27'),(4741,21,54.75,'G1',0.25,'2017-05-25 19:54:27','2017-05-25 19:54:27'),(4742,19,62.5,'Bb4',0.5,'2017-05-25 19:54:27','2017-05-25 19:54:27'),(4743,26,31,'F4',0.5,'2017-05-25 19:54:27','2017-05-25 19:54:27'),(4744,25,41,'B1',1,'2017-05-25 19:54:27','2017-05-25 19:54:27'),(4745,21,55,'G1',1,'2017-05-25 19:54:27','2017-05-25 19:54:27'),(4746,23,47.25,'F#1',0.25,'2017-05-25 19:54:27','2017-05-25 19:54:27'),(4747,19,63,'Db2',1,'2017-05-25 19:54:27','2017-05-25 19:54:27'),(4748,26,31.25,'D2',0.25,'2017-05-25 19:54:27','2017-05-25 19:54:27'),(4749,25,41,'F#2',1,'2017-05-25 19:54:27','2017-05-25 19:54:27'),(4750,23,47.5,'A#1',0.5,'2017-05-25 19:54:27','2017-05-25 19:54:27'),(4751,21,55,'D#2',1,'2017-05-25 19:54:27','2017-05-25 19:54:27'),(4752,19,63,'Bb2',1,'2017-05-25 19:54:27','2017-05-25 19:54:27'),(4753,25,41.25,'B2',0.25,'2017-05-25 19:54:27','2017-05-25 19:54:27'),(4754,23,48,'F#1',1,'2017-05-25 19:54:27','2017-05-25 19:54:27'),(4755,21,55.25,'A#1',0.25,'2017-05-25 19:54:27','2017-05-25 19:54:27'),(4756,19,63,'Bb4',0.5,'2017-05-25 19:54:27','2017-05-25 19:54:27'),(4757,25,41.5,'D#2',0.5,'2017-05-25 19:54:27','2017-05-25 19:54:27'),(4758,23,48.25,'G#1',0.25,'2017-05-25 19:54:27','2017-05-25 19:54:27'),(4759,21,55.5,'A#2',0.5,'2017-05-25 19:54:27','2017-05-25 19:54:27'),(4760,25,42,'B1',1,'2017-05-25 19:54:28','2017-05-25 19:54:28'),(4761,23,48.5,'G#1',0.5,'2017-05-25 19:54:28','2017-05-25 19:54:28'),(4762,21,56,'G1',1,'2017-05-25 19:54:28','2017-05-25 19:54:28'),(4763,25,42.25,'B2',0.25,'2017-05-25 19:54:28','2017-05-25 19:54:28'),(4764,21,56.25,'A1',0.25,'2017-05-25 19:54:28','2017-05-25 19:54:28'),(4765,23,48.75,'F1',0.25,'2017-05-25 19:54:28','2017-05-25 19:54:28'),(4766,25,42.5,'D#2',0.5,'2017-05-25 19:54:28','2017-05-25 19:54:28'),(4767,21,56.5,'Db2',0.5,'2017-05-25 19:54:28','2017-05-25 19:54:28'),(4768,23,49,'F1',1,'2017-05-25 19:54:28','2017-05-25 19:54:28'),(4769,25,42.75,'B1',0.25,'2017-05-25 19:54:28','2017-05-25 19:54:28'),(4770,21,56.75,'Gb1',0.25,'2017-05-25 19:54:28','2017-05-25 19:54:28'),(4771,23,49,'C#2',1,'2017-05-25 19:54:28','2017-05-25 19:54:28'),(4772,25,43,'B1',1,'2017-05-25 19:54:28','2017-05-25 19:54:28'),(4773,23,49.25,'G#1',0.25,'2017-05-25 19:54:28','2017-05-25 19:54:28'),(4774,21,57,'A1',1,'2017-05-25 19:54:28','2017-05-25 19:54:28'),(4775,25,43,'F#2',1,'2017-05-25 19:54:28','2017-05-25 19:54:28'),(4776,21,57,'Db2',1,'2017-05-25 19:54:28','2017-05-25 19:54:28'),(4777,23,49.5,'G#1',0.5,'2017-05-25 19:54:28','2017-05-25 19:54:28'),(4778,25,43.25,'B2',0.25,'2017-05-25 19:54:28','2017-05-25 19:54:28'),(4779,21,57.25,'A1',0.25,'2017-05-25 19:54:28','2017-05-25 19:54:28'),(4780,23,50,'F1',1,'2017-05-25 19:54:28','2017-05-25 19:54:28'),(4781,25,43.5,'D#2',0.5,'2017-05-25 19:54:28','2017-05-25 19:54:28'),(4782,21,57.5,'Db2',0.5,'2017-05-25 19:54:28','2017-05-25 19:54:28'),(4783,23,50.25,'G#1',0.25,'2017-05-25 19:54:28','2017-05-25 19:54:28'),(4784,25,44,'B1',1,'2017-05-25 19:54:28','2017-05-25 19:54:28'),(4785,23,50.5,'G#1',0.5,'2017-05-25 19:54:28','2017-05-25 19:54:28'),(4786,21,58,'A1',1,'2017-05-25 19:54:28','2017-05-25 19:54:28'),(4787,25,44.25,'B2',0.25,'2017-05-25 19:54:28','2017-05-25 19:54:28'),(4788,23,50.75,'F1',0.25,'2017-05-25 19:54:28','2017-05-25 19:54:28'),(4789,21,58.25,'A1',0.25,'2017-05-25 19:54:28','2017-05-25 19:54:28'),(4790,25,44.5,'D#2',0.5,'2017-05-25 19:54:28','2017-05-25 19:54:28'),(4791,23,51,'F1',1,'2017-05-25 19:54:28','2017-05-25 19:54:28'),(4792,21,58.5,'Db2',0.5,'2017-05-25 19:54:28','2017-05-25 19:54:28'),(4793,25,44.75,'B1',0.25,'2017-05-25 19:54:29','2017-05-25 19:54:29'),(4794,23,51,'C#2',1,'2017-05-25 19:54:29','2017-05-25 19:54:29'),(4795,21,58.75,'Gb1',0.25,'2017-05-25 19:54:29','2017-05-25 19:54:29'),(4796,25,45,'B1',1,'2017-05-25 19:54:29','2017-05-25 19:54:29'),(4797,23,51.25,'G#1',0.25,'2017-05-25 19:54:29','2017-05-25 19:54:29'),(4798,21,59,'A1',1,'2017-05-25 19:54:29','2017-05-25 19:54:29'),(4799,25,45,'F#2',1,'2017-05-25 19:54:29','2017-05-25 19:54:29'),(4800,23,51.5,'G#1',0.5,'2017-05-25 19:54:29','2017-05-25 19:54:29'),(4801,21,59,'Db2',1,'2017-05-25 19:54:29','2017-05-25 19:54:29'),(4802,25,45.25,'B2',0.25,'2017-05-25 19:54:29','2017-05-25 19:54:29'),(4803,23,52,'F1',1,'2017-05-25 19:54:29','2017-05-25 19:54:29'),(4804,21,59.25,'A1',0.25,'2017-05-25 19:54:29','2017-05-25 19:54:29'),(4805,25,45.5,'D#2',0.5,'2017-05-25 19:54:29','2017-05-25 19:54:29'),(4806,23,52.25,'G#1',0.25,'2017-05-25 19:54:29','2017-05-25 19:54:29'),(4807,21,59.5,'Db2',0.5,'2017-05-25 19:54:29','2017-05-25 19:54:29'),(4808,25,46,'B1',1,'2017-05-25 19:54:29','2017-05-25 19:54:29'),(4809,23,52.5,'G#1',0.5,'2017-05-25 19:54:29','2017-05-25 19:54:29'),(4810,21,60,'A1',1,'2017-05-25 19:54:29','2017-05-25 19:54:29'),(4811,25,46.25,'B2',0.25,'2017-05-25 19:54:29','2017-05-25 19:54:29'),(4812,23,52.75,'F1',0.25,'2017-05-25 19:54:29','2017-05-25 19:54:29'),(4813,21,60.25,'Bb1',0.25,'2017-05-25 19:54:29','2017-05-25 19:54:29'),(4814,25,46.5,'D#2',0.5,'2017-05-25 19:54:29','2017-05-25 19:54:29'),(4815,23,53,'F1',1,'2017-05-25 19:54:29','2017-05-25 19:54:29'),(4816,21,60.5,'Bb2',0.5,'2017-05-25 19:54:29','2017-05-25 19:54:29'),(4817,25,46.5,'F#4',0.5,'2017-05-25 19:54:29','2017-05-25 19:54:29'),(4818,23,53,'C#2',1,'2017-05-25 19:54:29','2017-05-25 19:54:29'),(4819,21,60.75,'Gb1',0.25,'2017-05-25 19:54:29','2017-05-25 19:54:29'),(4820,25,46.75,'B1',0.25,'2017-05-25 19:54:29','2017-05-25 19:54:29'),(4821,23,53.25,'G#1',0.25,'2017-05-25 19:54:29','2017-05-25 19:54:29'),(4822,21,61,'Gb1',1,'2017-05-25 19:54:29','2017-05-25 19:54:29'),(4823,25,47,'B1',1,'2017-05-25 19:54:29','2017-05-25 19:54:29'),(4824,21,61,'Eb2',1,'2017-05-25 19:54:30','2017-05-25 19:54:30'),(4825,23,53.5,'G#1',0.5,'2017-05-25 19:54:30','2017-05-25 19:54:30'),(4826,25,47,'F#2',1,'2017-05-25 19:54:30','2017-05-25 19:54:30'),(4827,21,61.25,'Bb1',0.25,'2017-05-25 19:54:30','2017-05-25 19:54:30'),(4828,23,54,'F1',1,'2017-05-25 19:54:30','2017-05-25 19:54:30'),(4829,25,47,'F#4',0.5,'2017-05-25 19:54:30','2017-05-25 19:54:30'),(4830,23,54.25,'G#1',0.25,'2017-05-25 19:54:30','2017-05-25 19:54:30'),(4831,21,61.5,'Bb2',0.5,'2017-05-25 19:54:30','2017-05-25 19:54:30'),(4832,25,47.25,'B2',0.25,'2017-05-25 19:54:30','2017-05-25 19:54:30'),(4833,21,62,'Gb1',1,'2017-05-25 19:54:30','2017-05-25 19:54:30'),(4834,23,54.5,'G#1',0.5,'2017-05-25 19:54:30','2017-05-25 19:54:30'),(4835,25,47.5,'D#2',0.5,'2017-05-25 19:54:30','2017-05-25 19:54:30'),(4836,21,62.25,'Bb1',0.25,'2017-05-25 19:54:30','2017-05-25 19:54:30'),(4837,23,54.75,'F1',0.25,'2017-05-25 19:54:30','2017-05-25 19:54:30'),(4838,25,48,'B1',1,'2017-05-25 19:54:30','2017-05-25 19:54:30'),(4839,23,55,'F1',1,'2017-05-25 19:54:30','2017-05-25 19:54:30'),(4840,21,62.5,'Bb2',0.5,'2017-05-25 19:54:30','2017-05-25 19:54:30'),(4841,25,48.25,'C#2',0.25,'2017-05-25 19:54:30','2017-05-25 19:54:30'),(4842,23,55,'C#2',1,'2017-05-25 19:54:30','2017-05-25 19:54:30'),(4843,21,62.5,'Eb4',0.5,'2017-05-25 19:54:30','2017-05-25 19:54:30'),(4844,25,48.5,'C#2',0.5,'2017-05-25 19:54:30','2017-05-25 19:54:30'),(4845,23,55.25,'G#1',0.25,'2017-05-25 19:54:30','2017-05-25 19:54:30'),(4846,21,63,'Gb1',1,'2017-05-25 19:54:30','2017-05-25 19:54:30'),(4847,25,48.75,'A#1',0.25,'2017-05-25 19:54:30','2017-05-25 19:54:30'),(4848,23,55.5,'G#1',0.5,'2017-05-25 19:54:30','2017-05-25 19:54:30'),(4849,21,63,'Eb2',1,'2017-05-25 19:54:30','2017-05-25 19:54:30'),(4850,25,49,'A#1',1,'2017-05-25 19:54:30','2017-05-25 19:54:30'),(4851,23,56,'F1',1,'2017-05-25 19:54:30','2017-05-25 19:54:30'),(4852,21,63,'Eb4',0.5,'2017-05-25 19:54:30','2017-05-25 19:54:30'),(4853,25,49,'F#2',1,'2017-05-25 19:54:30','2017-05-25 19:54:30'),(4854,23,56.25,'G1',0.25,'2017-05-25 19:54:30','2017-05-25 19:54:30'),(4855,25,49.25,'C#2',0.25,'2017-05-25 19:54:31','2017-05-25 19:54:31'),(4856,23,56.5,'B1',0.5,'2017-05-25 19:54:31','2017-05-25 19:54:31'),(4857,25,49.5,'C#2',0.5,'2017-05-25 19:54:31','2017-05-25 19:54:31'),(4858,23,56.75,'E1',0.25,'2017-05-25 19:54:31','2017-05-25 19:54:31'),(4859,25,50,'A#1',1,'2017-05-25 19:54:31','2017-05-25 19:54:31'),(4860,23,57,'G1',1,'2017-05-25 19:54:31','2017-05-25 19:54:31'),(4861,25,50.25,'C#2',0.25,'2017-05-25 19:54:31','2017-05-25 19:54:31'),(4862,23,57,'B2',1,'2017-05-25 19:54:31','2017-05-25 19:54:31'),(4863,25,50.5,'C#2',0.5,'2017-05-25 19:54:31','2017-05-25 19:54:31'),(4864,23,57.25,'G1',0.25,'2017-05-25 19:54:31','2017-05-25 19:54:31'),(4865,25,50.75,'A#1',0.25,'2017-05-25 19:54:31','2017-05-25 19:54:31'),(4866,23,57.5,'B1',0.5,'2017-05-25 19:54:31','2017-05-25 19:54:31'),(4867,25,51,'A#1',1,'2017-05-25 19:54:31','2017-05-25 19:54:31'),(4868,23,58,'G1',1,'2017-05-25 19:54:31','2017-05-25 19:54:31'),(4869,25,51,'F#2',1,'2017-05-25 19:54:31','2017-05-25 19:54:31'),(4870,23,58.25,'G1',0.25,'2017-05-25 19:54:31','2017-05-25 19:54:31'),(4871,25,51.25,'C#2',0.25,'2017-05-25 19:54:31','2017-05-25 19:54:31'),(4872,23,58.5,'B1',0.5,'2017-05-25 19:54:31','2017-05-25 19:54:31'),(4873,25,51.5,'C#2',0.5,'2017-05-25 19:54:32','2017-05-25 19:54:32'),(4874,23,58.75,'E1',0.25,'2017-05-25 19:54:32','2017-05-25 19:54:32'),(4875,25,52,'A#1',1,'2017-05-25 19:54:32','2017-05-25 19:54:32'),(4876,23,59,'G1',1,'2017-05-25 19:54:32','2017-05-25 19:54:32'),(4877,25,52.25,'C#2',0.25,'2017-05-25 19:54:32','2017-05-25 19:54:32'),(4878,23,59,'B2',1,'2017-05-25 19:54:32','2017-05-25 19:54:32'),(4879,25,52.5,'C#2',0.5,'2017-05-25 19:54:32','2017-05-25 19:54:32'),(4880,23,59.25,'G1',0.25,'2017-05-25 19:54:32','2017-05-25 19:54:32'),(4881,25,52.75,'A#1',0.25,'2017-05-25 19:54:32','2017-05-25 19:54:32'),(4882,23,59.5,'B1',0.5,'2017-05-25 19:54:32','2017-05-25 19:54:32'),(4883,25,53,'A#1',1,'2017-05-25 19:54:32','2017-05-25 19:54:32'),(4884,23,60,'G1',1,'2017-05-25 19:54:32','2017-05-25 19:54:32'),(4885,25,53,'F#2',1,'2017-05-25 19:54:32','2017-05-25 19:54:32'),(4886,23,60.25,'Ab1',0.25,'2017-05-25 19:54:32','2017-05-25 19:54:32'),(4887,25,53.25,'C#2',0.25,'2017-05-25 19:54:32','2017-05-25 19:54:32'),(4888,23,60.5,'Ab1',0.5,'2017-05-25 19:54:32','2017-05-25 19:54:32'),(4889,25,53.5,'C#2',0.5,'2017-05-25 19:54:32','2017-05-25 19:54:32'),(4890,23,60.75,'E1',0.25,'2017-05-25 19:54:32','2017-05-25 19:54:32'),(4891,25,54,'A#1',1,'2017-05-25 19:54:32','2017-05-25 19:54:32'),(4892,23,61,'E1',1,'2017-05-25 19:54:32','2017-05-25 19:54:32'),(4893,25,54.25,'C#2',0.25,'2017-05-25 19:54:32','2017-05-25 19:54:32'),(4894,23,61,'Db2',1,'2017-05-25 19:54:32','2017-05-25 19:54:32'),(4895,25,54.5,'C#2',0.5,'2017-05-25 19:54:32','2017-05-25 19:54:32'),(4896,23,61.25,'Ab1',0.25,'2017-05-25 19:54:32','2017-05-25 19:54:32'),(4897,25,54.75,'A#1',0.25,'2017-05-25 19:54:32','2017-05-25 19:54:32'),(4898,23,61.5,'Ab1',0.5,'2017-05-25 19:54:32','2017-05-25 19:54:32'),(4899,25,55,'A#1',1,'2017-05-25 19:54:33','2017-05-25 19:54:33'),(4900,23,62,'E1',1,'2017-05-25 19:54:33','2017-05-25 19:54:33'),(4901,25,55,'F#2',1,'2017-05-25 19:54:33','2017-05-25 19:54:33'),(4902,23,62.25,'Ab1',0.25,'2017-05-25 19:54:33','2017-05-25 19:54:33'),(4903,25,55.25,'C#2',0.25,'2017-05-25 19:54:33','2017-05-25 19:54:33'),(4904,23,62.5,'Ab1',0.5,'2017-05-25 19:54:33','2017-05-25 19:54:33'),(4905,25,55.5,'C#2',0.5,'2017-05-25 19:54:33','2017-05-25 19:54:33'),(4906,23,62.5,'Db4',0.5,'2017-05-25 19:54:33','2017-05-25 19:54:33'),(4907,25,56,'A#1',1,'2017-05-25 19:54:33','2017-05-25 19:54:33'),(4908,23,63,'E1',1,'2017-05-25 19:54:33','2017-05-25 19:54:33'),(4909,25,56.25,'C2',0.25,'2017-05-25 19:54:33','2017-05-25 19:54:33'),(4910,23,63,'Db2',1,'2017-05-25 19:54:33','2017-05-25 19:54:33'),(4911,25,56.5,'E2',0.5,'2017-05-25 19:54:33','2017-05-25 19:54:33'),(4912,23,63,'Db4',0.5,'2017-05-25 19:54:33','2017-05-25 19:54:33'),(4913,25,56.75,'A1',0.25,'2017-05-25 19:54:33','2017-05-25 19:54:33'),(4914,25,57,'C1',1,'2017-05-25 19:54:33','2017-05-25 19:54:33'),(4915,25,57,'E2',1,'2017-05-25 19:54:33','2017-05-25 19:54:33'),(4916,25,57.25,'C2',0.25,'2017-05-25 19:54:33','2017-05-25 19:54:33'),(4917,25,57.5,'E2',0.5,'2017-05-25 19:54:33','2017-05-25 19:54:33'),(4918,25,58,'C1',1,'2017-05-25 19:54:33','2017-05-25 19:54:33'),(4919,25,58.25,'C2',0.25,'2017-05-25 19:54:34','2017-05-25 19:54:34'),(4920,25,58.5,'E2',0.5,'2017-05-25 19:54:34','2017-05-25 19:54:34'),(4921,25,58.75,'A1',0.25,'2017-05-25 19:54:34','2017-05-25 19:54:34'),(4922,25,59,'C1',1,'2017-05-25 19:54:34','2017-05-25 19:54:34'),(4923,25,59,'E2',1,'2017-05-25 19:54:34','2017-05-25 19:54:34'),(4924,25,59.25,'C2',0.25,'2017-05-25 19:54:34','2017-05-25 19:54:34'),(4925,25,59.5,'E2',0.5,'2017-05-25 19:54:34','2017-05-25 19:54:34'),(4926,25,60,'C1',1,'2017-05-25 19:54:34','2017-05-25 19:54:34'),(4927,25,60.25,'Db2',0.25,'2017-05-25 19:54:34','2017-05-25 19:54:34'),(4928,25,60.5,'Db2',0.5,'2017-05-25 19:54:34','2017-05-25 19:54:34'),(4929,25,60.75,'A1',0.25,'2017-05-25 19:54:34','2017-05-25 19:54:34'),(4930,25,61,'A1',1,'2017-05-25 19:54:34','2017-05-25 19:54:34'),(4931,25,61,'Gb2',1,'2017-05-25 19:54:34','2017-05-25 19:54:34'),(4932,25,61.25,'Db2',0.25,'2017-05-25 19:54:34','2017-05-25 19:54:34'),(4933,25,61.5,'Db2',0.5,'2017-05-25 19:54:35','2017-05-25 19:54:35'),(4934,25,62,'A1',1,'2017-05-25 19:54:35','2017-05-25 19:54:35'),(4935,25,62.25,'Db2',0.25,'2017-05-25 19:54:35','2017-05-25 19:54:35'),(4936,25,62.5,'Db2',0.5,'2017-05-25 19:54:35','2017-05-25 19:54:35'),(4937,25,62.5,'Gb4',0.5,'2017-05-25 19:54:35','2017-05-25 19:54:35'),(4938,25,63,'A1',1,'2017-05-25 19:54:35','2017-05-25 19:54:35'),(4939,25,63,'Gb2',1,'2017-05-25 19:54:35','2017-05-25 19:54:35'),(4940,25,63,'Gb4',0.5,'2017-05-25 19:54:35','2017-05-25 19:54:35');
/*!40000 ALTER TABLE `morph` ENABLE KEYS */;
UNLOCK TABLES;

--
-- Table structure for table `phase`
--

DROP TABLE IF EXISTS `phase`;
/*!40101 SET @saved_cs_client     = @@character_set_client */;
/*!40101 SET character_set_client = utf8 */;
CREATE TABLE `phase` (
  `id` bigint(20) unsigned NOT NULL AUTO_INCREMENT,
  `idea_id` bigint(20) unsigned NOT NULL,
  `name` varchar(255) DEFAULT NULL,
  `offset` bigint(20) unsigned NOT NULL,
  `total` int(10) unsigned DEFAULT NULL,
  `density` float unsigned DEFAULT NULL,
  `key` varchar(255) DEFAULT NULL,
  `tempo` float unsigned DEFAULT NULL,
  `created_at` timestamp NULL DEFAULT CURRENT_TIMESTAMP,
  `updated_at` timestamp NULL DEFAULT CURRENT_TIMESTAMP ON UPDATE CURRENT_TIMESTAMP,
  PRIMARY KEY (`id`),
  UNIQUE KEY `id_UNIQUE` (`id`),
  KEY `phase_fk_idea_idx` (`idea_id`),
  CONSTRAINT `phase_fk_idea` FOREIGN KEY (`idea_id`) REFERENCES `idea` (`id`) ON DELETE NO ACTION ON UPDATE NO ACTION
) ENGINE=InnoDB AUTO_INCREMENT=10 DEFAULT CHARSET=latin1;
/*!40101 SET character_set_client = @saved_cs_client */;

--
-- Dumping data for table `phase`
--

LOCK TABLES `phase` WRITE;
/*!40000 ALTER TABLE `phase` DISABLE KEYS */;
INSERT INTO `phase` VALUES (2,2,'Intro',0,64,NULL,'G minor',121,'2017-02-10 00:03:23','2017-02-10 00:03:23'),(3,6,'drop',0,64,NULL,NULL,NULL,'2017-04-23 23:44:19','2017-04-23 23:44:29'),(4,7,'from Hot',0,0,0.7,'C',121,'2017-05-01 19:39:59','2017-05-01 19:45:32'),(5,7,'to Cool',1,0,0.5,'Bb Minor',121,'2017-05-01 19:40:18','2017-05-01 19:46:06'),(6,8,'from Cool',0,0,0.5,'G minor',121,'2017-05-01 19:43:06','2017-05-01 19:45:09'),(7,8,'to Hot',1,0,0.7,'C',121,'2017-05-01 19:43:26','2017-05-01 19:45:02'),(8,9,'Intro',0,32,0.4,'G minor',121,'2017-05-13 00:05:29','2017-05-13 00:05:29'),(9,9,'Drop',1,64,0.8,'C',121,'2017-05-13 00:07:19','2017-05-13 00:07:19');
/*!40000 ALTER TABLE `phase` ENABLE KEYS */;
UNLOCK TABLES;

--
-- Table structure for table `phase_chord`
--

DROP TABLE IF EXISTS `phase_chord`;
/*!40101 SET @saved_cs_client     = @@character_set_client */;
/*!40101 SET character_set_client = utf8 */;
CREATE TABLE `phase_chord` (
  `id` bigint(20) unsigned NOT NULL AUTO_INCREMENT,
  `phase_id` bigint(20) unsigned NOT NULL,
  `name` varchar(255) NOT NULL,
  `position` float NOT NULL,
  `created_at` timestamp NULL DEFAULT CURRENT_TIMESTAMP,
  `updated_at` timestamp NULL DEFAULT CURRENT_TIMESTAMP ON UPDATE CURRENT_TIMESTAMP,
  PRIMARY KEY (`id`),
  UNIQUE KEY `id_UNIQUE` (`id`),
  KEY `chord_fk_phase_idx` (`phase_id`),
  CONSTRAINT `chord_fk_phase` FOREIGN KEY (`phase_id`) REFERENCES `phase` (`id`) ON DELETE NO ACTION ON UPDATE NO ACTION
) ENGINE=InnoDB AUTO_INCREMENT=19 DEFAULT CHARSET=latin1;
/*!40101 SET character_set_client = @saved_cs_client */;

--
-- Dumping data for table `phase_chord`
--

LOCK TABLES `phase_chord` WRITE;
/*!40000 ALTER TABLE `phase_chord` DISABLE KEYS */;
INSERT INTO `phase_chord` VALUES (2,2,'G minor',0,'2017-02-10 00:03:23','2017-02-10 00:03:23'),(3,2,'D major',12,'2017-02-10 00:03:23','2017-02-10 00:03:23'),(4,2,'G minor',16,'2017-02-10 00:03:23','2017-02-10 00:03:23'),(5,2,'F minor',28,'2017-02-10 00:03:23','2017-02-10 00:03:23'),(6,2,'G minor',32,'2017-02-10 00:03:23','2017-02-10 00:03:23'),(7,3,'C',0,'2017-04-23 23:44:43','2017-04-23 23:44:43'),(8,8,'G minor',0,'2017-05-13 00:05:58','2017-05-13 00:05:58'),(9,8,'Ab minor',8,'2017-05-13 00:06:11','2017-05-13 00:06:11'),(10,8,'A minor',16,'2017-05-13 00:06:28','2017-05-13 00:06:28'),(11,8,'Bb minor',24,'2017-05-13 00:06:41','2017-05-13 00:06:41'),(12,9,'C',0,'2017-05-13 00:07:40','2017-05-13 00:07:40'),(13,9,'G',16,'2017-05-13 00:07:47','2017-05-13 00:07:47'),(14,9,'Bb minor',24,'2017-05-13 00:07:55','2017-05-13 00:07:55'),(15,9,'C',32,'2017-05-13 00:08:01','2017-05-13 00:08:01'),(16,9,'G',48,'2017-05-13 00:08:08','2017-05-13 00:08:08'),(17,9,'Bb minor',56,'2017-05-13 00:08:24','2017-05-13 00:08:24'),(18,9,'G minor',60,'2017-05-13 00:08:31','2017-05-13 00:08:31');
/*!40000 ALTER TABLE `phase_chord` ENABLE KEYS */;
UNLOCK TABLES;

--
-- Table structure for table `phase_meme`
--

DROP TABLE IF EXISTS `phase_meme`;
/*!40101 SET @saved_cs_client     = @@character_set_client */;
/*!40101 SET character_set_client = utf8 */;
CREATE TABLE `phase_meme` (
  `id` bigint(20) unsigned NOT NULL AUTO_INCREMENT,
  `phase_id` bigint(20) unsigned NOT NULL,
  `name` varchar(255) NOT NULL,
  `created_at` timestamp NULL DEFAULT CURRENT_TIMESTAMP,
  `updated_at` timestamp NULL DEFAULT CURRENT_TIMESTAMP ON UPDATE CURRENT_TIMESTAMP,
  PRIMARY KEY (`id`),
  UNIQUE KEY `id_UNIQUE` (`id`),
  KEY `meme_fk_phase_idx` (`phase_id`),
  CONSTRAINT `meme_fk_phase` FOREIGN KEY (`phase_id`) REFERENCES `phase` (`id`) ON DELETE NO ACTION ON UPDATE NO ACTION
) ENGINE=InnoDB AUTO_INCREMENT=10 DEFAULT CHARSET=latin1;
/*!40101 SET character_set_client = @saved_cs_client */;

--
-- Dumping data for table `phase_meme`
--

LOCK TABLES `phase_meme` WRITE;
/*!40000 ALTER TABLE `phase_meme` DISABLE KEYS */;
INSERT INTO `phase_meme` VALUES (1,2,'Foreboding','2017-02-10 00:03:23','2017-02-10 00:03:23'),(2,2,'Dark','2017-02-10 00:03:23','2017-02-10 00:03:23'),(3,2,'Funky','2017-02-10 00:03:23','2017-02-10 00:03:23'),(4,2,'Hard','2017-02-10 00:03:23','2017-02-10 00:03:23'),(5,6,'Cool','2017-05-01 19:43:30','2017-05-01 19:43:30'),(7,7,'Hot','2017-05-01 19:44:52','2017-05-01 19:44:52'),(8,4,'Hot','2017-05-01 19:45:58','2017-05-01 19:45:58'),(9,5,'Cool','2017-05-01 19:46:10','2017-05-01 19:46:10');
/*!40000 ALTER TABLE `phase_meme` ENABLE KEYS */;
UNLOCK TABLES;

--
-- Table structure for table `pick`
--

DROP TABLE IF EXISTS `pick`;
/*!40101 SET @saved_cs_client     = @@character_set_client */;
/*!40101 SET character_set_client = utf8 */;
CREATE TABLE `pick` (
  `id` bigint(20) unsigned NOT NULL AUTO_INCREMENT,
  `arrangement_id` bigint(20) unsigned NOT NULL,
  `morph_id` bigint(20) unsigned NOT NULL,
  `audio_id` bigint(20) unsigned NOT NULL,
  `start` float unsigned NOT NULL,
  `length` float unsigned NOT NULL,
  `amplitude` float unsigned NOT NULL,
  `pitch` float unsigned NOT NULL,
  `created_at` timestamp NULL DEFAULT CURRENT_TIMESTAMP,
  `updated_at` timestamp NULL DEFAULT CURRENT_TIMESTAMP ON UPDATE CURRENT_TIMESTAMP,
  PRIMARY KEY (`id`),
  UNIQUE KEY `id_UNIQUE` (`id`),
  KEY `pick_fk_morph_idx` (`morph_id`),
  KEY `pick_fk_audio_idx` (`audio_id`),
  KEY `pick_fk_arrangement_idx` (`arrangement_id`),
  CONSTRAINT `pick_fk_arrangement` FOREIGN KEY (`arrangement_id`) REFERENCES `arrangement` (`id`) ON DELETE NO ACTION ON UPDATE NO ACTION,
  CONSTRAINT `pick_fk_audio` FOREIGN KEY (`audio_id`) REFERENCES `audio` (`id`) ON DELETE NO ACTION ON UPDATE NO ACTION,
  CONSTRAINT `pick_fk_morph` FOREIGN KEY (`morph_id`) REFERENCES `morph` (`id`) ON DELETE NO ACTION ON UPDATE NO ACTION
) ENGINE=InnoDB AUTO_INCREMENT=4941 DEFAULT CHARSET=latin1;
/*!40101 SET character_set_client = @saved_cs_client */;

--
-- Dumping data for table `pick`
--

LOCK TABLES `pick` WRITE;
/*!40000 ALTER TABLE `pick` DISABLE KEYS */;
INSERT INTO `pick` VALUES (2471,14,2471,2,0,0.495868,1,48.1085,'2017-05-25 19:53:09','2017-05-25 19:53:09'),(2472,14,2472,14,0,1.98347,1,48.1085,'2017-05-25 19:53:09','2017-05-25 19:53:09'),(2473,14,2473,15,0.123967,0.123967,0.3,57.211,'2017-05-25 19:53:09','2017-05-25 19:53:09'),(2474,14,2474,16,0.247934,0.247934,0.6,57.211,'2017-05-25 19:53:09','2017-05-25 19:53:09'),(2475,14,2475,2,0.495868,0.495868,1,48.1085,'2017-05-25 19:53:09','2017-05-25 19:53:09'),(2476,14,2476,6,0.495868,0.495868,1,72.0814,'2017-05-25 19:53:09','2017-05-25 19:53:09'),(2477,14,2477,15,0.743802,0.247934,0.6,57.211,'2017-05-25 19:53:09','2017-05-25 19:53:09'),(2478,14,2478,15,0.867769,0.123967,0.15,48.1085,'2017-05-25 19:53:09','2017-05-25 19:53:09'),(2479,14,2479,2,0.991736,0.495868,1,48.1085,'2017-05-25 19:53:09','2017-05-25 19:53:09'),(2480,14,2480,15,1.1157,0.123967,0.3,57.211,'2017-05-25 19:53:09','2017-05-25 19:53:09'),(2481,14,2481,15,1.23967,0.247934,0.6,57.211,'2017-05-25 19:53:09','2017-05-25 19:53:09'),(2482,14,2482,15,1.36364,0.123967,0.15,48.1085,'2017-05-25 19:53:10','2017-05-25 19:53:10'),(2483,14,2483,2,1.4876,0.495868,1,48.1085,'2017-05-25 19:53:10','2017-05-25 19:53:10'),(2484,14,2484,6,1.4876,0.495868,1,72.0814,'2017-05-25 19:53:10','2017-05-25 19:53:10'),(2485,14,2485,15,1.61157,0.123967,0.3,57.211,'2017-05-25 19:53:10','2017-05-25 19:53:10'),(2486,14,2486,15,1.73554,0.247934,0.6,57.211,'2017-05-25 19:53:10','2017-05-25 19:53:10'),(2487,14,2487,2,1.98347,0.495868,1,48.1085,'2017-05-25 19:53:10','2017-05-25 19:53:10'),(2488,14,2488,15,2.23141,0.247934,0.6,57.211,'2017-05-25 19:53:10','2017-05-25 19:53:10'),(2489,14,2489,15,2.35537,0.123967,0.15,48.1085,'2017-05-25 19:53:10','2017-05-25 19:53:10'),(2490,14,2490,2,2.47934,0.495868,1,48.1085,'2017-05-25 19:53:10','2017-05-25 19:53:10'),(2491,14,2491,6,2.47934,0.495868,1,72.0814,'2017-05-25 19:53:10','2017-05-25 19:53:10'),(2492,14,2492,15,2.60331,0.123967,0.3,57.211,'2017-05-25 19:53:10','2017-05-25 19:53:10'),(2493,14,2493,15,2.72727,0.247934,0.6,57.211,'2017-05-25 19:53:10','2017-05-25 19:53:10'),(2494,14,2494,2,2.97521,0.495868,1,48.1085,'2017-05-25 19:53:10','2017-05-25 19:53:10'),(2495,14,2495,15,3.09917,0.123967,0.3,57.211,'2017-05-25 19:53:10','2017-05-25 19:53:10'),(2496,14,2496,16,3.22314,0.247934,0.6,57.211,'2017-05-25 19:53:11','2017-05-25 19:53:11'),(2497,14,2497,15,3.34711,0.123967,0.15,48.1085,'2017-05-25 19:53:11','2017-05-25 19:53:11'),(2498,14,2498,2,3.47107,0.495868,1,48.1085,'2017-05-25 19:53:11','2017-05-25 19:53:11'),(2499,14,2499,6,3.47107,0.495868,1,72.0814,'2017-05-25 19:53:11','2017-05-25 19:53:11'),(2500,14,2500,15,3.59504,0.123967,0.3,57.211,'2017-05-25 19:53:11','2017-05-25 19:53:11'),(2501,14,2501,12,3.71901,0.247934,0.6,57.211,'2017-05-25 19:53:11','2017-05-25 19:53:11'),(2502,15,2502,2,0,0.495868,1,64.2172,'2017-05-25 19:53:11','2017-05-25 19:53:11'),(2503,14,2503,2,3.96694,0.495868,1,48.1085,'2017-05-25 19:53:11','2017-05-25 19:53:11'),(2504,15,2504,14,0,1.98347,1,64.2172,'2017-05-25 19:53:11','2017-05-25 19:53:11'),(2505,14,2505,15,4.09091,0.123967,0.3,50.9692,'2017-05-25 19:53:11','2017-05-25 19:53:11'),(2506,15,2506,15,0.123967,0.123967,0.3,64.2172,'2017-05-25 19:53:11','2017-05-25 19:53:11'),(2507,14,2507,16,4.21488,0.247934,0.6,60.6129,'2017-05-25 19:53:11','2017-05-25 19:53:11'),(2508,15,2508,15,0.247934,0.247934,0.6,80.9086,'2017-05-25 19:53:11','2017-05-25 19:53:11'),(2509,14,2509,15,4.33884,0.123967,0.15,50.9692,'2017-05-25 19:53:11','2017-05-25 19:53:11'),(2510,15,2510,2,0.495868,0.495868,1,64.2172,'2017-05-25 19:53:11','2017-05-25 19:53:11'),(2511,14,2511,2,4.46281,0.495868,1,50.9692,'2017-05-25 19:53:11','2017-05-25 19:53:11'),(2512,15,2512,6,0.495868,0.495868,1,96.2171,'2017-05-25 19:53:11','2017-05-25 19:53:11'),(2513,14,2513,6,4.46281,0.495868,1,76.3675,'2017-05-25 19:53:11','2017-05-25 19:53:11'),(2514,15,2514,15,0.743802,0.247934,0.6,80.9086,'2017-05-25 19:53:12','2017-05-25 19:53:12'),(2515,14,2515,15,4.58678,0.123967,0.3,50.9692,'2017-05-25 19:53:12','2017-05-25 19:53:12'),(2516,15,2516,15,0.867769,0.123967,0.15,32.1086,'2017-05-25 19:53:12','2017-05-25 19:53:12'),(2517,14,2517,12,4.71074,0.247934,0.6,60.6129,'2017-05-25 19:53:12','2017-05-25 19:53:12'),(2518,15,2518,2,0.991736,0.495868,1,64.2172,'2017-05-25 19:53:12','2017-05-25 19:53:12'),(2519,14,2519,2,4.95868,0.495868,1,50.9692,'2017-05-25 19:53:12','2017-05-25 19:53:12'),(2520,15,2520,15,1.1157,0.123967,0.3,64.2172,'2017-05-25 19:53:12','2017-05-25 19:53:12'),(2521,14,2521,15,5.08264,0.123967,0.3,50.9692,'2017-05-25 19:53:12','2017-05-25 19:53:12'),(2522,15,2522,15,1.23967,0.247934,0.6,80.9086,'2017-05-25 19:53:12','2017-05-25 19:53:12'),(2523,14,2523,12,5.20661,0.247934,0.6,60.6129,'2017-05-25 19:53:12','2017-05-25 19:53:12'),(2524,15,2524,15,1.36364,0.123967,0.15,32.1086,'2017-05-25 19:53:12','2017-05-25 19:53:12'),(2525,14,2525,15,5.33058,0.123967,0.15,50.9692,'2017-05-25 19:53:12','2017-05-25 19:53:12'),(2526,15,2526,2,1.4876,0.495868,1,64.2172,'2017-05-25 19:53:12','2017-05-25 19:53:12'),(2527,14,2527,2,5.45455,0.495868,1,50.9692,'2017-05-25 19:53:12','2017-05-25 19:53:12'),(2528,15,2528,6,1.4876,0.495868,1,96.2171,'2017-05-25 19:53:12','2017-05-25 19:53:12'),(2529,14,2529,6,5.45455,0.495868,1,76.3675,'2017-05-25 19:53:12','2017-05-25 19:53:12'),(2530,14,2530,15,5.57851,0.123967,0.3,50.9692,'2017-05-25 19:53:12','2017-05-25 19:53:12'),(2531,15,2531,15,1.61157,0.123967,0.3,64.2172,'2017-05-25 19:53:12','2017-05-25 19:53:12'),(2532,14,2532,16,5.70248,0.247934,0.6,60.6129,'2017-05-25 19:53:12','2017-05-25 19:53:12'),(2533,15,2533,15,1.73554,0.247934,0.6,80.9086,'2017-05-25 19:53:12','2017-05-25 19:53:12'),(2534,14,2534,2,5.95041,0.495868,1,50.9692,'2017-05-25 19:53:12','2017-05-25 19:53:12'),(2535,15,2535,2,1.98347,0.495868,1,64.2172,'2017-05-25 19:53:12','2017-05-25 19:53:12'),(2536,14,2536,15,6.07438,0.123967,0.3,50.9692,'2017-05-25 19:53:12','2017-05-25 19:53:12'),(2537,15,2537,15,2.23141,0.247934,0.6,80.9086,'2017-05-25 19:53:12','2017-05-25 19:53:12'),(2538,14,2538,16,6.19835,0.247934,0.6,60.6129,'2017-05-25 19:53:12','2017-05-25 19:53:12'),(2539,15,2539,15,2.35537,0.123967,0.15,32.1086,'2017-05-25 19:53:12','2017-05-25 19:53:12'),(2540,14,2540,15,6.32231,0.123967,0.15,50.9692,'2017-05-25 19:53:13','2017-05-25 19:53:13'),(2541,15,2541,2,2.47934,0.495868,1,64.2172,'2017-05-25 19:53:13','2017-05-25 19:53:13'),(2542,14,2542,2,6.44628,0.495868,1,50.9692,'2017-05-25 19:53:13','2017-05-25 19:53:13'),(2543,15,2543,6,2.47934,0.495868,1,96.2171,'2017-05-25 19:53:13','2017-05-25 19:53:13'),(2544,14,2544,6,6.44628,0.495868,1,76.3675,'2017-05-25 19:53:13','2017-05-25 19:53:13'),(2545,15,2545,15,2.60331,0.123967,0.3,64.2172,'2017-05-25 19:53:13','2017-05-25 19:53:13'),(2546,14,2546,15,6.57025,0.123967,0.3,50.9692,'2017-05-25 19:53:13','2017-05-25 19:53:13'),(2547,15,2547,15,2.72727,0.247934,0.6,80.9086,'2017-05-25 19:53:13','2017-05-25 19:53:13'),(2548,14,2548,15,6.69421,0.247934,0.6,60.6129,'2017-05-25 19:53:13','2017-05-25 19:53:13'),(2549,15,2549,2,2.97521,0.495868,1,64.2172,'2017-05-25 19:53:13','2017-05-25 19:53:13'),(2550,14,2550,2,6.94215,0.495868,1,50.9692,'2017-05-25 19:53:13','2017-05-25 19:53:13'),(2551,15,2551,15,3.09917,0.123967,0.3,64.2172,'2017-05-25 19:53:13','2017-05-25 19:53:13'),(2552,15,2552,15,3.22314,0.247934,0.6,80.9086,'2017-05-25 19:53:13','2017-05-25 19:53:13'),(2553,14,2553,15,7.06612,0.123967,0.3,50.9692,'2017-05-25 19:53:13','2017-05-25 19:53:13'),(2554,15,2555,15,3.34711,0.123967,0.15,32.1086,'2017-05-25 19:53:13','2017-05-25 19:53:13'),(2555,14,2554,15,7.19008,0.247934,0.6,60.6129,'2017-05-25 19:53:13','2017-05-25 19:53:13'),(2556,16,2556,2,0,0.495868,1,85.7197,'2017-05-25 19:53:13','2017-05-25 19:53:13'),(2557,15,2557,2,3.47107,0.495868,1,64.2172,'2017-05-25 19:53:13','2017-05-25 19:53:13'),(2558,14,2558,15,7.19008,0.247934,0.5,610.94,'2017-05-25 19:53:13','2017-05-25 19:53:13'),(2559,16,2559,14,0,1.98347,1,85.7197,'2017-05-25 19:53:13','2017-05-25 19:53:13'),(2560,14,2560,15,7.31405,0.123967,0.15,50.9692,'2017-05-25 19:53:13','2017-05-25 19:53:13'),(2561,15,2561,6,3.47107,0.495868,1,96.2171,'2017-05-25 19:53:13','2017-05-25 19:53:13'),(2562,16,2562,15,0.123967,0.123967,0.3,101.938,'2017-05-25 19:53:13','2017-05-25 19:53:13'),(2563,14,2563,2,7.43802,0.495868,1,50.9692,'2017-05-25 19:53:14','2017-05-25 19:53:14'),(2564,15,2564,15,3.59504,0.123967,0.3,64.2172,'2017-05-25 19:53:14','2017-05-25 19:53:14'),(2565,16,2565,15,0.247934,0.247934,0.6,101.938,'2017-05-25 19:53:14','2017-05-25 19:53:14'),(2566,15,2567,15,3.71901,0.247934,0.6,80.9086,'2017-05-25 19:53:14','2017-05-25 19:53:14'),(2567,14,2566,6,7.43802,0.495868,1,76.3675,'2017-05-25 19:53:14','2017-05-25 19:53:14'),(2568,16,2568,2,0.495868,0.495868,1,85.7197,'2017-05-25 19:53:14','2017-05-25 19:53:14'),(2569,15,2569,2,3.96694,0.495868,1,64.2172,'2017-05-25 19:53:14','2017-05-25 19:53:14'),(2570,14,2570,15,7.43802,0.247934,0.8,305.47,'2017-05-25 19:53:14','2017-05-25 19:53:14'),(2571,16,2571,6,0.495868,0.495868,1,128.434,'2017-05-25 19:53:14','2017-05-25 19:53:14'),(2572,14,2573,15,7.56198,0.123967,0.3,50.9692,'2017-05-25 19:53:14','2017-05-25 19:53:14'),(2573,15,2572,15,4.09091,0.123967,0.3,64.2172,'2017-05-25 19:53:14','2017-05-25 19:53:14'),(2574,16,2574,12,0.743802,0.247934,0.6,101.938,'2017-05-25 19:53:14','2017-05-25 19:53:14'),(2575,14,2575,15,7.68595,0.247934,0.6,60.6129,'2017-05-25 19:53:14','2017-05-25 19:53:14'),(2576,15,2576,15,4.21488,0.247934,0.6,80.9086,'2017-05-25 19:53:14','2017-05-25 19:53:14'),(2577,16,2577,15,0.867769,0.123967,0.15,85.7197,'2017-05-25 19:53:14','2017-05-25 19:53:14'),(2578,14,2578,2,7.93388,0.495868,1,50.9692,'2017-05-25 19:53:14','2017-05-25 19:53:14'),(2579,15,2579,15,4.33884,0.123967,0.15,32.1086,'2017-05-25 19:53:14','2017-05-25 19:53:14'),(2580,16,2580,2,0.991736,0.495868,1,85.7197,'2017-05-25 19:53:14','2017-05-25 19:53:14'),(2581,15,2581,2,4.46281,0.495868,1,64.2172,'2017-05-25 19:53:14','2017-05-25 19:53:14'),(2582,14,2582,15,8.05785,0.123967,0.3,54,'2017-05-25 19:53:14','2017-05-25 19:53:14'),(2583,16,2583,15,1.1157,0.123967,0.3,101.938,'2017-05-25 19:53:14','2017-05-25 19:53:14'),(2584,14,2585,15,8.18182,0.247934,0.6,32.1086,'2017-05-25 19:53:14','2017-05-25 19:53:14'),(2585,15,2584,6,4.46281,0.495868,1,96.2171,'2017-05-25 19:53:14','2017-05-25 19:53:14'),(2586,16,2586,15,1.23967,0.247934,0.6,101.938,'2017-05-25 19:53:14','2017-05-25 19:53:14'),(2587,14,2587,15,8.30579,0.123967,0.15,40.4543,'2017-05-25 19:53:14','2017-05-25 19:53:14'),(2588,15,2588,4,4.58678,0.123967,0.3,64.2172,'2017-05-25 19:53:14','2017-05-25 19:53:14'),(2589,16,2589,15,1.36364,0.123967,0.15,85.7197,'2017-05-25 19:53:14','2017-05-25 19:53:14'),(2590,14,2590,2,8.42975,0.495868,1,54,'2017-05-25 19:53:14','2017-05-25 19:53:14'),(2591,15,2591,15,4.71074,0.247934,0.6,80.9086,'2017-05-25 19:53:14','2017-05-25 19:53:14'),(2592,16,2592,2,1.4876,0.495868,1,85.7197,'2017-05-25 19:53:14','2017-05-25 19:53:14'),(2593,15,2593,2,4.95868,0.495868,1,64.2172,'2017-05-25 19:53:15','2017-05-25 19:53:15'),(2594,14,2594,6,8.42975,0.495868,1,64.2172,'2017-05-25 19:53:15','2017-05-25 19:53:15'),(2595,16,2595,6,1.4876,0.495868,1,128.434,'2017-05-25 19:53:15','2017-05-25 19:53:15'),(2596,14,2596,15,8.55372,0.123967,0.3,54,'2017-05-25 19:53:15','2017-05-25 19:53:15'),(2597,15,2597,15,5.08264,0.123967,0.3,64.2172,'2017-05-25 19:53:15','2017-05-25 19:53:15'),(2598,16,2598,15,1.61157,0.123967,0.3,101.938,'2017-05-25 19:53:15','2017-05-25 19:53:15'),(2599,14,2599,15,8.67769,0.247934,0.6,32.1086,'2017-05-25 19:53:15','2017-05-25 19:53:15'),(2600,15,2600,15,5.20661,0.247934,0.6,80.9086,'2017-05-25 19:53:15','2017-05-25 19:53:15'),(2601,16,2601,15,1.73554,0.247934,0.6,101.938,'2017-05-25 19:53:15','2017-05-25 19:53:15'),(2602,14,2602,2,8.92562,0.495868,1,54,'2017-05-25 19:53:15','2017-05-25 19:53:15'),(2603,15,2603,15,5.33058,0.123967,0.15,32.1086,'2017-05-25 19:53:15','2017-05-25 19:53:15'),(2604,16,2604,2,1.98347,0.495868,1,85.7197,'2017-05-25 19:53:15','2017-05-25 19:53:15'),(2605,14,2605,15,9.04959,0.123967,0.3,54,'2017-05-25 19:53:15','2017-05-25 19:53:15'),(2606,15,2606,2,5.45455,0.495868,1,64.2172,'2017-05-25 19:53:15','2017-05-25 19:53:15'),(2607,16,2607,15,2.23141,0.247934,0.6,101.938,'2017-05-25 19:53:15','2017-05-25 19:53:15'),(2608,14,2608,15,9.17355,0.247934,0.6,32.1086,'2017-05-25 19:53:15','2017-05-25 19:53:15'),(2609,15,2609,6,5.45455,0.495868,1,96.2171,'2017-05-25 19:53:15','2017-05-25 19:53:15'),(2610,16,2610,15,2.35537,0.123967,0.15,85.7197,'2017-05-25 19:53:15','2017-05-25 19:53:15'),(2611,14,2611,15,9.29752,0.123967,0.15,40.4543,'2017-05-25 19:53:15','2017-05-25 19:53:15'),(2612,15,2612,15,5.57851,0.123967,0.3,64.2172,'2017-05-25 19:53:15','2017-05-25 19:53:15'),(2613,16,2613,2,2.47934,0.495868,1,85.7197,'2017-05-25 19:53:15','2017-05-25 19:53:15'),(2614,14,2614,2,9.42149,0.495868,1,54,'2017-05-25 19:53:15','2017-05-25 19:53:15'),(2615,15,2615,12,5.70248,0.247934,0.6,80.9086,'2017-05-25 19:53:15','2017-05-25 19:53:15'),(2616,16,2616,6,2.47934,0.495868,1,128.434,'2017-05-25 19:53:15','2017-05-25 19:53:15'),(2617,15,2618,2,5.95041,0.495868,1,64.2172,'2017-05-25 19:53:16','2017-05-25 19:53:16'),(2618,14,2617,6,9.42149,0.495868,1,64.2172,'2017-05-25 19:53:16','2017-05-25 19:53:16'),(2619,16,2620,15,2.60331,0.123967,0.3,101.938,'2017-05-25 19:53:16','2017-05-25 19:53:16'),(2620,17,2619,2,0,0.495868,1,57.211,'2017-05-25 19:53:16','2017-05-25 19:53:16'),(2621,14,2622,15,9.54545,0.123967,0.3,54,'2017-05-25 19:53:16','2017-05-25 19:53:16'),(2622,15,2621,15,6.07438,0.123967,0.3,64.2172,'2017-05-25 19:53:16','2017-05-25 19:53:16'),(2623,16,2623,12,2.72727,0.247934,0.6,101.938,'2017-05-25 19:53:16','2017-05-25 19:53:16'),(2624,17,2624,14,0,1.98347,1,57.211,'2017-05-25 19:53:16','2017-05-25 19:53:16'),(2625,14,2625,15,9.66942,0.247934,0.6,32.1086,'2017-05-25 19:53:16','2017-05-25 19:53:16'),(2626,15,2626,15,6.19835,0.247934,0.6,80.9086,'2017-05-25 19:53:16','2017-05-25 19:53:16'),(2627,16,2627,2,2.97521,0.495868,1,85.7197,'2017-05-25 19:53:16','2017-05-25 19:53:16'),(2628,17,2628,15,0.123967,0.123967,0.3,114.422,'2017-05-25 19:53:16','2017-05-25 19:53:16'),(2629,14,2629,2,9.91736,0.495868,1,54,'2017-05-25 19:53:16','2017-05-25 19:53:16'),(2630,15,2630,15,6.32231,0.123967,0.15,32.1086,'2017-05-25 19:53:16','2017-05-25 19:53:16'),(2631,16,2631,15,3.09917,0.123967,0.3,101.938,'2017-05-25 19:53:16','2017-05-25 19:53:16'),(2632,17,2632,12,0.247934,0.247934,0.6,72.0814,'2017-05-25 19:53:16','2017-05-25 19:53:16'),(2633,14,2633,15,10.0413,0.123967,0.3,54,'2017-05-25 19:53:16','2017-05-25 19:53:16'),(2634,15,2634,2,6.44628,0.495868,1,64.2172,'2017-05-25 19:53:16','2017-05-25 19:53:16'),(2635,16,2635,12,3.22314,0.247934,0.6,101.938,'2017-05-25 19:53:16','2017-05-25 19:53:16'),(2636,17,2636,2,0.495868,0.495868,1,57.211,'2017-05-25 19:53:16','2017-05-25 19:53:16'),(2637,14,2637,15,10.1653,0.247934,0.6,32.1086,'2017-05-25 19:53:16','2017-05-25 19:53:16'),(2638,15,2638,6,6.44628,0.495868,1,96.2171,'2017-05-25 19:53:16','2017-05-25 19:53:16'),(2639,16,2639,15,3.34711,0.123967,0.15,85.7197,'2017-05-25 19:53:16','2017-05-25 19:53:16'),(2640,17,2640,6,0.495868,0.495868,1,85.7197,'2017-05-25 19:53:16','2017-05-25 19:53:16'),(2641,14,2641,15,10.2893,0.123967,0.15,40.4543,'2017-05-25 19:53:17','2017-05-25 19:53:17'),(2642,15,2642,15,6.57025,0.123967,0.3,64.2172,'2017-05-25 19:53:17','2017-05-25 19:53:17'),(2643,17,2643,16,0.743802,0.247934,0.6,72.0814,'2017-05-25 19:53:17','2017-05-25 19:53:17'),(2644,16,2644,2,3.47107,0.495868,1,85.7197,'2017-05-25 19:53:17','2017-05-25 19:53:17'),(2645,14,2645,2,10.4132,0.495868,1,54,'2017-05-25 19:53:17','2017-05-25 19:53:17'),(2646,15,2646,16,6.69421,0.247934,0.6,80.9086,'2017-05-25 19:53:17','2017-05-25 19:53:17'),(2647,16,2647,6,3.47107,0.495868,1,128.434,'2017-05-25 19:53:17','2017-05-25 19:53:17'),(2648,17,2648,15,0.867769,0.123967,0.15,57.211,'2017-05-25 19:53:17','2017-05-25 19:53:17'),(2649,14,2649,6,10.4132,0.495868,1,64.2172,'2017-05-25 19:53:17','2017-05-25 19:53:17'),(2650,15,2650,2,6.94215,0.495868,1,64.2172,'2017-05-25 19:53:17','2017-05-25 19:53:17'),(2651,16,2651,15,3.59504,0.123967,0.3,101.938,'2017-05-25 19:53:17','2017-05-25 19:53:17'),(2652,17,2652,2,0.991736,0.495868,1,57.211,'2017-05-25 19:53:17','2017-05-25 19:53:17'),(2653,14,2653,15,10.5372,0.123967,0.3,54,'2017-05-25 19:53:17','2017-05-25 19:53:17'),(2654,15,2654,15,7.06612,0.123967,0.3,64.2172,'2017-05-25 19:53:17','2017-05-25 19:53:17'),(2655,16,2656,16,3.71901,0.247934,0.6,101.938,'2017-05-25 19:53:17','2017-05-25 19:53:17'),(2656,17,2655,15,1.1157,0.123967,0.3,114.422,'2017-05-25 19:53:17','2017-05-25 19:53:17'),(2657,14,2657,16,10.6612,0.247934,0.6,32.1086,'2017-05-25 19:53:17','2017-05-25 19:53:17'),(2658,15,2658,16,7.19008,0.247934,0.6,80.9086,'2017-05-25 19:53:17','2017-05-25 19:53:17'),(2659,16,2660,2,3.96694,0.495868,1,85.7197,'2017-05-25 19:53:17','2017-05-25 19:53:17'),(2660,17,2659,16,1.23967,0.247934,0.6,72.0814,'2017-05-25 19:53:17','2017-05-25 19:53:17'),(2661,14,2661,2,10.9091,0.495868,1,54,'2017-05-25 19:53:17','2017-05-25 19:53:17'),(2662,15,2662,15,7.19008,0.247934,0.5,769.737,'2017-05-25 19:53:17','2017-05-25 19:53:17'),(2663,16,2663,15,4.09091,0.123967,0.3,90.8168,'2017-05-25 19:53:17','2017-05-25 19:53:17'),(2664,17,2664,15,1.36364,0.123967,0.15,57.211,'2017-05-25 19:53:17','2017-05-25 19:53:17'),(2665,14,2665,15,11.0331,0.123967,0.3,54,'2017-05-25 19:53:18','2017-05-25 19:53:18'),(2666,15,2666,15,7.31405,0.123967,0.15,32.1086,'2017-05-25 19:53:18','2017-05-25 19:53:18'),(2667,16,2667,15,4.21488,0.247934,0.6,108,'2017-05-25 19:53:18','2017-05-25 19:53:18'),(2668,17,2668,2,1.4876,0.495868,1,57.211,'2017-05-25 19:53:18','2017-05-25 19:53:18'),(2669,14,2669,15,11.157,0.247934,0.6,32.1086,'2017-05-25 19:53:18','2017-05-25 19:53:18'),(2670,15,2670,2,7.43802,0.495868,1,64.2172,'2017-05-25 19:53:18','2017-05-25 19:53:18'),(2671,16,2671,15,4.33884,0.123967,0.15,90.8168,'2017-05-25 19:53:18','2017-05-25 19:53:18'),(2672,17,2672,6,1.4876,0.495868,1,85.7197,'2017-05-25 19:53:18','2017-05-25 19:53:18'),(2673,15,2674,6,7.43802,0.495868,1,96.2171,'2017-05-25 19:53:18','2017-05-25 19:53:18'),(2674,14,2673,15,11.281,0.123967,0.15,40.4543,'2017-05-25 19:53:18','2017-05-25 19:53:18'),(2675,17,2676,15,1.61157,0.123967,0.3,114.422,'2017-05-25 19:53:18','2017-05-25 19:53:18'),(2676,16,2675,2,4.46281,0.495868,1,90.8168,'2017-05-25 19:53:18','2017-05-25 19:53:18'),(2677,14,2677,2,11.405,0.495868,1,54,'2017-05-25 19:53:18','2017-05-25 19:53:18'),(2678,15,2678,15,7.43802,0.247934,0.8,384.868,'2017-05-25 19:53:18','2017-05-25 19:53:18'),(2679,17,2679,15,1.73554,0.247934,0.6,72.0814,'2017-05-25 19:53:18','2017-05-25 19:53:18'),(2680,16,2680,6,4.46281,0.495868,1,136.071,'2017-05-25 19:53:18','2017-05-25 19:53:18'),(2681,14,2681,6,11.405,0.495868,1,64.2172,'2017-05-25 19:53:18','2017-05-25 19:53:18'),(2682,15,2682,15,7.56198,0.123967,0.3,64.2172,'2017-05-25 19:53:18','2017-05-25 19:53:18'),(2683,16,2683,15,4.58678,0.123967,0.3,90.8168,'2017-05-25 19:53:18','2017-05-25 19:53:18'),(2684,18,2685,2,0,0.495868,1,57.211,'2017-05-25 19:53:18','2017-05-25 19:53:18'),(2685,17,2684,2,1.98347,0.495868,1,57.211,'2017-05-25 19:53:18','2017-05-25 19:53:18'),(2686,14,2686,15,11.5289,0.123967,0.3,54,'2017-05-25 19:53:18','2017-05-25 19:53:18'),(2687,15,2687,15,7.68595,0.247934,0.6,80.9086,'2017-05-25 19:53:18','2017-05-25 19:53:18'),(2688,16,2688,16,4.71074,0.247934,0.6,108,'2017-05-25 19:53:18','2017-05-25 19:53:18'),(2689,17,2690,12,2.23141,0.247934,0.6,72.0814,'2017-05-25 19:53:18','2017-05-25 19:53:18'),(2690,18,2689,14,0,1.98347,1,57.211,'2017-05-25 19:53:18','2017-05-25 19:53:18'),(2691,14,2691,15,11.6529,0.247934,0.6,32.1086,'2017-05-25 19:53:19','2017-05-25 19:53:19'),(2692,15,2692,2,7.93388,0.495868,1,64.2172,'2017-05-25 19:53:19','2017-05-25 19:53:19'),(2693,16,2693,2,4.95868,0.495868,1,90.8168,'2017-05-25 19:53:19','2017-05-25 19:53:19'),(2694,18,2695,15,0.123967,0.123967,0.3,68.0357,'2017-05-25 19:53:19','2017-05-25 19:53:19'),(2695,17,2694,15,2.35537,0.123967,0.15,57.211,'2017-05-25 19:53:19','2017-05-25 19:53:19'),(2696,14,2696,2,11.9008,0.495868,1,54,'2017-05-25 19:53:19','2017-05-25 19:53:19'),(2697,15,2697,15,8.05785,0.123967,0.3,72.0814,'2017-05-25 19:53:19','2017-05-25 19:53:19'),(2698,16,2698,15,5.08264,0.123967,0.3,90.8168,'2017-05-25 19:53:19','2017-05-25 19:53:19'),(2699,17,2699,2,2.47934,0.495868,1,57.211,'2017-05-25 19:53:19','2017-05-25 19:53:19'),(2700,18,2700,15,0.247934,0.247934,0.6,68.0357,'2017-05-25 19:53:19','2017-05-25 19:53:19'),(2701,14,2701,15,12.0248,0.123967,0.3,57.211,'2017-05-25 19:53:19','2017-05-25 19:53:19'),(2702,15,2702,15,8.18182,0.247934,0.6,72.0814,'2017-05-25 19:53:19','2017-05-25 19:53:19'),(2703,16,2703,12,5.20661,0.247934,0.6,108,'2017-05-25 19:53:19','2017-05-25 19:53:19'),(2704,18,2704,2,0.495868,0.495868,1,57.211,'2017-05-25 19:53:19','2017-05-25 19:53:19'),(2705,17,2705,6,2.47934,0.495868,1,85.7197,'2017-05-25 19:53:19','2017-05-25 19:53:19'),(2706,14,2706,15,12.1488,0.247934,0.6,57.211,'2017-05-25 19:53:19','2017-05-25 19:53:19'),(2707,15,2707,15,8.30579,0.123967,0.15,60.6129,'2017-05-25 19:53:19','2017-05-25 19:53:19'),(2708,16,2708,15,5.33058,0.123967,0.15,90.8168,'2017-05-25 19:53:19','2017-05-25 19:53:19'),(2709,17,2710,15,2.60331,0.123967,0.3,114.422,'2017-05-25 19:53:19','2017-05-25 19:53:19'),(2710,18,2709,6,0.495868,0.495868,1,85.7197,'2017-05-25 19:53:19','2017-05-25 19:53:19'),(2711,15,2712,2,8.42975,0.495868,1,121.226,'2017-05-25 19:53:19','2017-05-25 19:53:19'),(2712,14,2711,15,12.2727,0.123967,0.15,42.8598,'2017-05-25 19:53:19','2017-05-25 19:53:19'),(2713,17,2714,16,2.72727,0.247934,0.6,72.0814,'2017-05-25 19:53:19','2017-05-25 19:53:19'),(2714,16,2713,2,5.45455,0.495868,1,90.8168,'2017-05-25 19:53:19','2017-05-25 19:53:19'),(2715,18,2715,16,0.743802,0.247934,0.6,68.0357,'2017-05-25 19:53:19','2017-05-25 19:53:19'),(2716,14,2717,2,12.3967,0.495868,1,42.8598,'2017-05-25 19:53:19','2017-05-25 19:53:19'),(2717,15,2716,6,8.42975,0.495868,1,96.2171,'2017-05-25 19:53:19','2017-05-25 19:53:19'),(2718,17,2718,2,2.97521,0.495868,1,57.211,'2017-05-25 19:53:19','2017-05-25 19:53:19'),(2719,16,2719,6,5.45455,0.495868,1,136.071,'2017-05-25 19:53:19','2017-05-25 19:53:19'),(2720,18,2720,15,0.867769,0.123967,0.15,57.211,'2017-05-25 19:53:19','2017-05-25 19:53:19'),(2721,14,2721,6,12.3967,0.495868,1,68.0357,'2017-05-25 19:53:20','2017-05-25 19:53:20'),(2722,15,2722,4,8.55372,0.123967,0.3,72.0814,'2017-05-25 19:53:20','2017-05-25 19:53:20'),(2723,18,2725,2,0.991736,0.495868,1,57.211,'2017-05-25 19:53:20','2017-05-25 19:53:20'),(2724,16,2724,15,5.57851,0.123967,0.3,90.8168,'2017-05-25 19:53:20','2017-05-25 19:53:20'),(2725,17,2723,15,3.09917,0.123967,0.3,114.422,'2017-05-25 19:53:20','2017-05-25 19:53:20'),(2726,14,2726,15,12.5207,0.123967,0.3,57.211,'2017-05-25 19:53:20','2017-05-25 19:53:20'),(2727,15,2727,16,8.67769,0.247934,0.6,72.0814,'2017-05-25 19:53:20','2017-05-25 19:53:20'),(2728,16,2730,15,5.70248,0.247934,0.6,108,'2017-05-25 19:53:20','2017-05-25 19:53:20'),(2729,18,2728,15,1.1157,0.123967,0.3,68.0357,'2017-05-25 19:53:20','2017-05-25 19:53:20'),(2730,17,2729,15,3.22314,0.247934,0.6,72.0814,'2017-05-25 19:53:20','2017-05-25 19:53:20'),(2731,15,2731,2,8.92562,0.495868,1,121.226,'2017-05-25 19:53:20','2017-05-25 19:53:20'),(2732,14,2732,16,12.6446,0.247934,0.6,57.211,'2017-05-25 19:53:20','2017-05-25 19:53:20'),(2733,16,2735,2,5.95041,0.495868,1,90.8168,'2017-05-25 19:53:20','2017-05-25 19:53:20'),(2734,18,2733,15,1.23967,0.247934,0.6,68.0357,'2017-05-25 19:53:20','2017-05-25 19:53:20'),(2735,17,2734,15,3.34711,0.123967,0.15,57.211,'2017-05-25 19:53:20','2017-05-25 19:53:20'),(2736,14,2737,2,12.8926,0.495868,1,42.8598,'2017-05-25 19:53:20','2017-05-25 19:53:20'),(2737,15,2736,15,9.04959,0.123967,0.3,72.0814,'2017-05-25 19:53:20','2017-05-25 19:53:20'),(2738,18,2738,15,1.36364,0.123967,0.15,57.211,'2017-05-25 19:53:20','2017-05-25 19:53:20'),(2739,17,2739,2,3.47107,0.495868,1,57.211,'2017-05-25 19:53:20','2017-05-25 19:53:20'),(2740,16,2740,15,6.07438,0.123967,0.3,90.8168,'2017-05-25 19:53:20','2017-05-25 19:53:20'),(2741,15,2742,15,9.17355,0.247934,0.6,72.0814,'2017-05-25 19:53:20','2017-05-25 19:53:20'),(2742,14,2741,4,13.0165,0.123967,0.3,57.211,'2017-05-25 19:53:20','2017-05-25 19:53:20'),(2743,18,2743,2,1.4876,0.495868,1,57.211,'2017-05-25 19:53:20','2017-05-25 19:53:20'),(2744,16,2744,15,6.19835,0.247934,0.6,108,'2017-05-25 19:53:20','2017-05-25 19:53:20'),(2745,17,2745,6,3.47107,0.495868,1,85.7197,'2017-05-25 19:53:20','2017-05-25 19:53:20'),(2746,14,2747,15,13.1405,0.247934,0.6,57.211,'2017-05-25 19:53:20','2017-05-25 19:53:20'),(2747,15,2746,15,9.29752,0.123967,0.15,60.6129,'2017-05-25 19:53:20','2017-05-25 19:53:20'),(2748,16,2750,15,6.32231,0.123967,0.15,90.8168,'2017-05-25 19:53:20','2017-05-25 19:53:20'),(2749,18,2748,6,1.4876,0.495868,1,85.7197,'2017-05-25 19:53:21','2017-05-25 19:53:21'),(2750,17,2749,15,3.59504,0.123967,0.3,114.422,'2017-05-25 19:53:21','2017-05-25 19:53:21'),(2751,14,2751,15,13.2645,0.123967,0.15,42.8598,'2017-05-25 19:53:21','2017-05-25 19:53:21'),(2752,15,2752,2,9.42149,0.495868,1,121.226,'2017-05-25 19:53:21','2017-05-25 19:53:21'),(2753,16,2753,2,6.44628,0.495868,1,90.8168,'2017-05-25 19:53:21','2017-05-25 19:53:21'),(2754,18,2754,15,1.61157,0.123967,0.3,68.0357,'2017-05-25 19:53:21','2017-05-25 19:53:21'),(2755,17,2755,15,3.71901,0.247934,0.6,72.0814,'2017-05-25 19:53:21','2017-05-25 19:53:21'),(2756,14,2756,2,13.3884,0.495868,1,42.8598,'2017-05-25 19:53:21','2017-05-25 19:53:21'),(2757,15,2757,6,9.42149,0.495868,1,96.2171,'2017-05-25 19:53:21','2017-05-25 19:53:21'),(2758,16,2759,6,6.44628,0.495868,1,136.071,'2017-05-25 19:53:21','2017-05-25 19:53:21'),(2759,17,2760,2,3.96694,0.495868,1,57.211,'2017-05-25 19:53:21','2017-05-25 19:53:21'),(2760,18,2758,15,1.73554,0.247934,0.6,68.0357,'2017-05-25 19:53:21','2017-05-25 19:53:21'),(2761,14,2762,6,13.3884,0.495868,1,68.0357,'2017-05-25 19:53:21','2017-05-25 19:53:21'),(2762,15,2761,15,9.54545,0.123967,0.3,72.0814,'2017-05-25 19:53:21','2017-05-25 19:53:21'),(2763,16,2763,15,6.57025,0.123967,0.3,90.8168,'2017-05-25 19:53:21','2017-05-25 19:53:21'),(2764,17,2764,15,4.09091,0.123967,0.3,114.422,'2017-05-25 19:53:21','2017-05-25 19:53:21'),(2765,18,2765,2,1.98347,0.495868,1,57.211,'2017-05-25 19:53:21','2017-05-25 19:53:21'),(2766,14,2766,15,13.5124,0.123967,0.3,57.211,'2017-05-25 19:53:21','2017-05-25 19:53:21'),(2767,15,2767,15,9.66942,0.247934,0.6,72.0814,'2017-05-25 19:53:21','2017-05-25 19:53:21'),(2768,16,2768,15,6.69421,0.247934,0.6,108,'2017-05-25 19:53:21','2017-05-25 19:53:21'),(2769,17,2769,15,4.21488,0.247934,0.6,72.0814,'2017-05-25 19:53:21','2017-05-25 19:53:21'),(2770,18,2770,15,2.23141,0.247934,0.6,68.0357,'2017-05-25 19:53:21','2017-05-25 19:53:21'),(2771,19,2771,2,0,0.495868,1,76.3675,'2017-05-25 19:53:21','2017-05-25 19:53:21'),(2772,15,2772,2,9.91736,0.495868,1,121.226,'2017-05-25 19:53:21','2017-05-25 19:53:21'),(2773,14,2773,15,13.6364,0.247934,0.6,57.211,'2017-05-25 19:53:21','2017-05-25 19:53:21'),(2774,16,2774,2,6.94215,0.495868,1,90.8168,'2017-05-25 19:53:21','2017-05-25 19:53:21'),(2775,18,2776,15,2.35537,0.123967,0.15,57.211,'2017-05-25 19:53:21','2017-05-25 19:53:21'),(2776,17,2775,15,4.33884,0.123967,0.15,57.211,'2017-05-25 19:53:21','2017-05-25 19:53:21'),(2777,19,2777,14,0,1.98347,1,76.3675,'2017-05-25 19:53:22','2017-05-25 19:53:22'),(2778,14,2778,2,13.8843,0.495868,1,42.8598,'2017-05-25 19:53:22','2017-05-25 19:53:22'),(2779,15,2779,15,10.0413,0.123967,0.3,72.0814,'2017-05-25 19:53:22','2017-05-25 19:53:22'),(2780,17,2782,2,4.46281,0.495868,1,57.211,'2017-05-25 19:53:22','2017-05-25 19:53:22'),(2781,16,2780,15,7.06612,0.123967,0.3,90.8168,'2017-05-25 19:53:22','2017-05-25 19:53:22'),(2782,18,2781,2,2.47934,0.495868,1,57.211,'2017-05-25 19:53:22','2017-05-25 19:53:22'),(2783,19,2783,15,0.123967,0.123967,0.3,76.3675,'2017-05-25 19:53:22','2017-05-25 19:53:22'),(2784,15,2785,15,10.1653,0.247934,0.6,72.0814,'2017-05-25 19:53:22','2017-05-25 19:53:22'),(2785,14,2784,15,14.0083,0.123967,0.3,57.211,'2017-05-25 19:53:22','2017-05-25 19:53:22'),(2786,18,2786,6,2.47934,0.495868,1,85.7197,'2017-05-25 19:53:22','2017-05-25 19:53:22'),(2787,17,2787,6,4.46281,0.495868,1,85.7197,'2017-05-25 19:53:22','2017-05-25 19:53:22'),(2788,16,2788,15,7.19008,0.247934,0.6,108,'2017-05-25 19:53:22','2017-05-25 19:53:22'),(2789,19,2789,16,0.247934,0.247934,0.6,96.2171,'2017-05-25 19:53:22','2017-05-25 19:53:22'),(2790,15,2790,15,10.2893,0.123967,0.15,60.6129,'2017-05-25 19:53:22','2017-05-25 19:53:22'),(2791,14,2791,15,14.1322,0.247934,0.6,57.211,'2017-05-25 19:53:22','2017-05-25 19:53:22'),(2792,17,2792,4,4.58678,0.123967,0.3,114.422,'2017-05-25 19:53:22','2017-05-25 19:53:22'),(2793,18,2793,15,2.60331,0.123967,0.3,68.0357,'2017-05-25 19:53:22','2017-05-25 19:53:22'),(2794,16,2794,15,7.19008,0.247934,0.5,1088.57,'2017-05-25 19:53:22','2017-05-25 19:53:22'),(2795,19,2795,2,0.495868,0.495868,1,76.3675,'2017-05-25 19:53:22','2017-05-25 19:53:22'),(2796,15,2796,2,10.4132,0.495868,1,121.226,'2017-05-25 19:53:22','2017-05-25 19:53:22'),(2797,14,2797,15,14.2562,0.123967,0.15,42.8598,'2017-05-25 19:53:22','2017-05-25 19:53:22'),(2798,18,2799,15,2.72727,0.247934,0.6,68.0357,'2017-05-25 19:53:22','2017-05-25 19:53:22'),(2799,17,2798,15,4.71074,0.247934,0.6,72.0814,'2017-05-25 19:53:22','2017-05-25 19:53:22'),(2800,16,2800,15,7.31405,0.123967,0.15,90.8168,'2017-05-25 19:53:22','2017-05-25 19:53:22'),(2801,19,2801,6,0.495868,0.495868,1,114.422,'2017-05-25 19:53:22','2017-05-25 19:53:22'),(2802,15,2802,6,10.4132,0.495868,1,96.2171,'2017-05-25 19:53:22','2017-05-25 19:53:22'),(2803,14,2803,2,14.3802,0.495868,1,42.8598,'2017-05-25 19:53:22','2017-05-25 19:53:22'),(2804,18,2804,2,2.97521,0.495868,1,57.211,'2017-05-25 19:53:22','2017-05-25 19:53:22'),(2805,17,2805,2,4.95868,0.495868,1,57.211,'2017-05-25 19:53:22','2017-05-25 19:53:22'),(2806,16,2806,2,7.43802,0.495868,1,90.8168,'2017-05-25 19:53:22','2017-05-25 19:53:22'),(2807,19,2807,15,0.743802,0.247934,0.6,96.2171,'2017-05-25 19:53:22','2017-05-25 19:53:22'),(2808,15,2808,15,10.5372,0.123967,0.3,72.0814,'2017-05-25 19:53:22','2017-05-25 19:53:22'),(2809,14,2809,6,14.3802,0.495868,1,68.0357,'2017-05-25 19:53:22','2017-05-25 19:53:22'),(2810,18,2810,15,3.09917,0.123967,0.3,68.0357,'2017-05-25 19:53:23','2017-05-25 19:53:23'),(2811,17,2811,15,5.08264,0.123967,0.3,114.422,'2017-05-25 19:53:23','2017-05-25 19:53:23'),(2812,16,2812,6,7.43802,0.495868,1,136.071,'2017-05-25 19:53:23','2017-05-25 19:53:23'),(2813,19,2813,15,0.867769,0.123967,0.15,76.3675,'2017-05-25 19:53:23','2017-05-25 19:53:23'),(2814,15,2814,15,10.6612,0.247934,0.6,72.0814,'2017-05-25 19:53:23','2017-05-25 19:53:23'),(2815,14,2815,15,14.5041,0.123967,0.3,57.211,'2017-05-25 19:53:23','2017-05-25 19:53:23'),(2816,18,2816,16,3.22314,0.247934,0.6,68.0357,'2017-05-25 19:53:23','2017-05-25 19:53:23'),(2817,17,2817,15,5.20661,0.247934,0.6,72.0814,'2017-05-25 19:53:23','2017-05-25 19:53:23'),(2818,16,2818,15,7.43802,0.247934,0.8,544.286,'2017-05-25 19:53:23','2017-05-25 19:53:23'),(2819,19,2819,2,0.991736,0.495868,1,76.3675,'2017-05-25 19:53:23','2017-05-25 19:53:23'),(2820,15,2820,2,10.9091,0.495868,1,121.226,'2017-05-25 19:53:23','2017-05-25 19:53:23'),(2821,14,2821,15,14.6281,0.247934,0.6,57.211,'2017-05-25 19:53:23','2017-05-25 19:53:23'),(2822,18,2822,15,3.34711,0.123967,0.15,57.211,'2017-05-25 19:53:23','2017-05-25 19:53:23'),(2823,16,2824,15,7.56198,0.123967,0.3,90.8168,'2017-05-25 19:53:23','2017-05-25 19:53:23'),(2824,17,2823,15,5.33058,0.123967,0.15,57.211,'2017-05-25 19:53:23','2017-05-25 19:53:23'),(2825,19,2825,15,1.1157,0.123967,0.3,76.3675,'2017-05-25 19:53:23','2017-05-25 19:53:23'),(2826,15,2826,15,11.0331,0.123967,0.3,72.0814,'2017-05-25 19:53:23','2017-05-25 19:53:23'),(2827,14,2827,2,14.876,0.495868,1,42.8598,'2017-05-25 19:53:23','2017-05-25 19:53:23'),(2828,18,2828,2,3.47107,0.495868,1,57.211,'2017-05-25 19:53:23','2017-05-25 19:53:23'),(2829,16,2829,15,7.68595,0.247934,0.6,108,'2017-05-25 19:53:23','2017-05-25 19:53:23'),(2830,17,2830,2,5.45455,0.495868,1,57.211,'2017-05-25 19:53:23','2017-05-25 19:53:23'),(2831,19,2831,15,1.23967,0.247934,0.6,96.2171,'2017-05-25 19:53:23','2017-05-25 19:53:23'),(2832,14,2833,15,15,0.123967,0.3,57.211,'2017-05-25 19:53:23','2017-05-25 19:53:23'),(2833,15,2832,12,11.157,0.247934,0.6,72.0814,'2017-05-25 19:53:23','2017-05-25 19:53:23'),(2834,17,2835,6,5.45455,0.495868,1,85.7197,'2017-05-25 19:53:23','2017-05-25 19:53:23'),(2835,16,2836,2,7.93388,0.495868,1,90.8168,'2017-05-25 19:53:23','2017-05-25 19:53:23'),(2836,18,2834,6,3.47107,0.495868,1,85.7197,'2017-05-25 19:53:23','2017-05-25 19:53:23'),(2837,19,2837,15,1.36364,0.123967,0.15,76.3675,'2017-05-25 19:53:23','2017-05-25 19:53:23'),(2838,15,2839,15,11.281,0.123967,0.15,60.6129,'2017-05-25 19:53:24','2017-05-25 19:53:24'),(2839,14,2838,16,15.124,0.247934,0.6,57.211,'2017-05-25 19:53:24','2017-05-25 19:53:24'),(2840,17,2840,15,5.57851,0.123967,0.3,114.422,'2017-05-25 19:53:24','2017-05-25 19:53:24'),(2841,16,2841,15,8.05785,0.123967,0.3,96.2171,'2017-05-25 19:53:24','2017-05-25 19:53:24'),(2842,18,2842,15,3.59504,0.123967,0.3,68.0357,'2017-05-25 19:53:24','2017-05-25 19:53:24'),(2843,19,2843,2,1.4876,0.495868,1,76.3675,'2017-05-25 19:53:24','2017-05-25 19:53:24'),(2844,14,2845,15,15.124,0.247934,0.5,272.143,'2017-05-25 19:53:24','2017-05-25 19:53:24'),(2845,15,2844,2,11.405,0.495868,1,121.226,'2017-05-25 19:53:24','2017-05-25 19:53:24'),(2846,17,2846,15,5.70248,0.247934,0.6,72.0814,'2017-05-25 19:53:24','2017-05-25 19:53:24'),(2847,16,2847,15,8.18182,0.247934,0.6,114.422,'2017-05-25 19:53:24','2017-05-25 19:53:24'),(2848,18,2848,15,3.71901,0.247934,0.6,68.0357,'2017-05-25 19:53:24','2017-05-25 19:53:24'),(2849,19,2849,6,1.4876,0.495868,1,114.422,'2017-05-25 19:53:24','2017-05-25 19:53:24'),(2850,15,2850,6,11.405,0.495868,1,96.2171,'2017-05-25 19:53:24','2017-05-25 19:53:24'),(2851,17,2852,2,5.95041,0.495868,1,57.211,'2017-05-25 19:53:24','2017-05-25 19:53:24'),(2852,14,2851,15,15.2479,0.123967,0.15,42.8598,'2017-05-25 19:53:24','2017-05-25 19:53:24'),(2853,18,2854,2,3.96694,0.495868,1,57.211,'2017-05-25 19:53:24','2017-05-25 19:53:24'),(2854,16,2853,15,8.30579,0.123967,0.15,72.0814,'2017-05-25 19:53:24','2017-05-25 19:53:24'),(2855,19,2855,15,1.61157,0.123967,0.3,76.3675,'2017-05-25 19:53:24','2017-05-25 19:53:24'),(2856,17,2857,15,6.07438,0.123967,0.3,114.422,'2017-05-25 19:53:24','2017-05-25 19:53:24'),(2857,15,2856,15,11.5289,0.123967,0.3,72.0814,'2017-05-25 19:53:24','2017-05-25 19:53:24'),(2858,14,2858,2,15.3719,0.495868,1,42.8598,'2017-05-25 19:53:24','2017-05-25 19:53:24'),(2859,18,2859,15,4.09091,0.123967,0.3,121.226,'2017-05-25 19:53:24','2017-05-25 19:53:24'),(2860,19,2861,15,1.73554,0.247934,0.6,96.2171,'2017-05-25 19:53:24','2017-05-25 19:53:24'),(2861,16,2860,2,8.42975,0.495868,1,96.2171,'2017-05-25 19:53:24','2017-05-25 19:53:24'),(2862,15,2862,4,11.6529,0.247934,0.6,72.0814,'2017-05-25 19:53:24','2017-05-25 19:53:24'),(2863,14,2864,6,15.3719,0.495868,1,68.0357,'2017-05-25 19:53:24','2017-05-25 19:53:24'),(2864,17,2863,12,6.19835,0.247934,0.6,72.0814,'2017-05-25 19:53:24','2017-05-25 19:53:24'),(2865,18,2865,15,4.21488,0.247934,0.6,72.0814,'2017-05-25 19:53:25','2017-05-25 19:53:25'),(2866,19,2866,2,1.98347,0.495868,1,76.3675,'2017-05-25 19:53:25','2017-05-25 19:53:25'),(2867,16,2867,6,8.42975,0.495868,1,228.844,'2017-05-25 19:53:25','2017-05-25 19:53:25'),(2868,15,2868,2,11.9008,0.495868,1,121.226,'2017-05-25 19:53:25','2017-05-25 19:53:25'),(2869,14,2869,12,15.3719,0.247934,1,272.143,'2017-05-25 19:53:25','2017-05-25 19:53:25'),(2870,17,2870,15,6.32231,0.123967,0.15,57.211,'2017-05-25 19:53:25','2017-05-25 19:53:25'),(2871,18,2871,15,4.33884,0.123967,0.15,60.6129,'2017-05-25 19:53:25','2017-05-25 19:53:25'),(2872,19,2872,16,2.23141,0.247934,0.6,96.2171,'2017-05-25 19:53:25','2017-05-25 19:53:25'),(2873,16,2873,15,8.55372,0.123967,0.3,96.2171,'2017-05-25 19:53:25','2017-05-25 19:53:25'),(2874,15,2874,15,12.0248,0.123967,0.3,68.0357,'2017-05-25 19:53:25','2017-05-25 19:53:25'),(2875,17,2876,2,6.44628,0.495868,1,57.211,'2017-05-25 19:53:25','2017-05-25 19:53:25'),(2876,14,2875,15,15.4959,0.123967,0.3,57.211,'2017-05-25 19:53:25','2017-05-25 19:53:25'),(2877,20,2877,2,0,0.495868,1,76.3675,'2017-05-25 19:53:25','2017-05-25 19:53:25'),(2878,18,2878,2,4.46281,0.495868,1,60.6129,'2017-05-25 19:53:25','2017-05-25 19:53:25'),(2879,19,2879,15,2.35537,0.123967,0.15,76.3675,'2017-05-25 19:53:25','2017-05-25 19:53:25'),(2880,16,2880,15,8.67769,0.247934,0.6,114.422,'2017-05-25 19:53:25','2017-05-25 19:53:25'),(2881,15,2882,16,12.1488,0.247934,0.6,85.7197,'2017-05-25 19:53:25','2017-05-25 19:53:25'),(2882,20,2883,14,0,1.98347,1,76.3675,'2017-05-25 19:53:25','2017-05-25 19:53:25'),(2883,17,2881,6,6.44628,0.495868,1,85.7197,'2017-05-25 19:53:25','2017-05-25 19:53:25'),(2884,18,2884,6,4.46281,0.495868,1,90.8168,'2017-05-25 19:53:25','2017-05-25 19:53:25'),(2885,19,2885,2,2.47934,0.495868,1,76.3675,'2017-05-25 19:53:25','2017-05-25 19:53:25'),(2886,16,2886,2,8.92562,0.495868,1,96.2171,'2017-05-25 19:53:25','2017-05-25 19:53:25'),(2887,15,2887,15,12.2727,0.123967,0.15,57.211,'2017-05-25 19:53:25','2017-05-25 19:53:25'),(2888,20,2889,15,0.123967,0.123967,0.3,90.8168,'2017-05-25 19:53:25','2017-05-25 19:53:25'),(2889,17,2888,15,6.57025,0.123967,0.3,114.422,'2017-05-25 19:53:25','2017-05-25 19:53:25'),(2890,19,2890,6,2.47934,0.495868,1,114.422,'2017-05-25 19:53:25','2017-05-25 19:53:25'),(2891,16,2891,15,9.04959,0.123967,0.3,96.2171,'2017-05-25 19:53:25','2017-05-25 19:53:25'),(2892,18,2892,15,4.58678,0.123967,0.3,121.226,'2017-05-25 19:53:25','2017-05-25 19:53:25'),(2893,15,2893,2,12.3967,0.495868,1,68.0357,'2017-05-25 19:53:25','2017-05-25 19:53:25'),(2894,17,2895,15,6.69421,0.247934,0.6,72.0814,'2017-05-25 19:53:25','2017-05-25 19:53:25'),(2895,20,2894,15,0.247934,0.247934,0.6,90.8168,'2017-05-25 19:53:25','2017-05-25 19:53:25'),(2896,19,2896,4,2.60331,0.123967,0.3,76.3675,'2017-05-25 19:53:26','2017-05-25 19:53:26'),(2897,16,2897,15,9.17355,0.247934,0.6,114.422,'2017-05-25 19:53:26','2017-05-25 19:53:26'),(2898,18,2898,15,4.71074,0.247934,0.6,72.0814,'2017-05-25 19:53:26','2017-05-25 19:53:26'),(2899,20,2900,2,0.495868,0.495868,1,76.3675,'2017-05-25 19:53:26','2017-05-25 19:53:26'),(2900,15,2899,6,12.3967,0.495868,1,85.7197,'2017-05-25 19:53:26','2017-05-25 19:53:26'),(2901,17,2902,2,6.94215,0.495868,1,57.211,'2017-05-25 19:53:26','2017-05-25 19:53:26'),(2902,19,2901,12,2.72727,0.247934,0.6,96.2171,'2017-05-25 19:53:26','2017-05-25 19:53:26'),(2903,16,2903,15,9.29752,0.123967,0.15,72.0814,'2017-05-25 19:53:26','2017-05-25 19:53:26'),(2904,18,2904,2,4.95868,0.495868,1,60.6129,'2017-05-25 19:53:26','2017-05-25 19:53:26'),(2905,15,2906,15,12.5207,0.123967,0.3,68.0357,'2017-05-25 19:53:26','2017-05-25 19:53:26'),(2906,17,2908,15,7.06612,0.123967,0.3,114.422,'2017-05-25 19:53:26','2017-05-25 19:53:26'),(2907,20,2905,6,0.495868,0.495868,1,114.422,'2017-05-25 19:53:26','2017-05-25 19:53:26'),(2908,19,2907,2,2.97521,0.495868,1,76.3675,'2017-05-25 19:53:26','2017-05-25 19:53:26'),(2909,16,2909,2,9.42149,0.495868,1,96.2171,'2017-05-25 19:53:26','2017-05-25 19:53:26'),(2910,18,2910,15,5.08264,0.123967,0.3,121.226,'2017-05-25 19:53:26','2017-05-25 19:53:26'),(2911,15,2911,15,12.6446,0.247934,0.6,85.7197,'2017-05-25 19:53:26','2017-05-25 19:53:26'),(2912,17,2913,15,7.19008,0.247934,0.6,72.0814,'2017-05-25 19:53:26','2017-05-25 19:53:26'),(2913,19,2914,15,3.09917,0.123967,0.3,76.3675,'2017-05-25 19:53:26','2017-05-25 19:53:26'),(2914,20,2912,15,0.743802,0.247934,0.6,90.8168,'2017-05-25 19:53:26','2017-05-25 19:53:26'),(2915,16,2916,6,9.42149,0.495868,1,228.844,'2017-05-25 19:53:26','2017-05-25 19:53:26'),(2916,18,2915,16,5.20661,0.247934,0.6,72.0814,'2017-05-25 19:53:26','2017-05-25 19:53:26'),(2917,15,2917,2,12.8926,0.495868,1,68.0357,'2017-05-25 19:53:26','2017-05-25 19:53:26'),(2918,17,2918,15,7.19008,0.247934,0.5,685.757,'2017-05-25 19:53:26','2017-05-25 19:53:26'),(2919,20,2920,15,0.867769,0.123967,0.15,76.3675,'2017-05-25 19:53:26','2017-05-25 19:53:26'),(2920,19,2919,15,3.22314,0.247934,0.6,96.2171,'2017-05-25 19:53:26','2017-05-25 19:53:26'),(2921,18,2922,15,5.33058,0.123967,0.15,60.6129,'2017-05-25 19:53:26','2017-05-25 19:53:26'),(2922,16,2921,15,9.54545,0.123967,0.3,96.2171,'2017-05-25 19:53:26','2017-05-25 19:53:26'),(2923,15,2923,15,13.0165,0.123967,0.3,68.0357,'2017-05-25 19:53:27','2017-05-25 19:53:27'),(2924,17,2924,15,7.31405,0.123967,0.15,57.211,'2017-05-25 19:53:27','2017-05-25 19:53:27'),(2925,19,2925,15,3.34711,0.123967,0.15,76.3675,'2017-05-25 19:53:27','2017-05-25 19:53:27'),(2926,20,2926,2,0.991736,0.495868,1,76.3675,'2017-05-25 19:53:27','2017-05-25 19:53:27'),(2927,18,2927,2,5.45455,0.495868,1,60.6129,'2017-05-25 19:53:27','2017-05-25 19:53:27'),(2928,16,2928,15,9.66942,0.247934,0.6,114.422,'2017-05-25 19:53:27','2017-05-25 19:53:27'),(2929,15,2929,15,13.1405,0.247934,0.6,85.7197,'2017-05-25 19:53:27','2017-05-25 19:53:27'),(2930,20,2932,15,1.1157,0.123967,0.3,90.8168,'2017-05-25 19:53:27','2017-05-25 19:53:27'),(2931,17,2930,2,7.43802,0.495868,1,57.211,'2017-05-25 19:53:27','2017-05-25 19:53:27'),(2932,19,2931,2,3.47107,0.495868,1,76.3675,'2017-05-25 19:53:27','2017-05-25 19:53:27'),(2933,18,2934,6,5.45455,0.495868,1,90.8168,'2017-05-25 19:53:27','2017-05-25 19:53:27'),(2934,16,2933,2,9.91736,0.495868,1,96.2171,'2017-05-25 19:53:27','2017-05-25 19:53:27'),(2935,15,2935,15,13.2645,0.123967,0.15,57.211,'2017-05-25 19:53:27','2017-05-25 19:53:27'),(2936,20,2937,15,1.23967,0.247934,0.6,90.8168,'2017-05-25 19:53:27','2017-05-25 19:53:27'),(2937,17,2936,6,7.43802,0.495868,1,85.7197,'2017-05-25 19:53:27','2017-05-25 19:53:27'),(2938,19,2938,6,3.47107,0.495868,1,114.422,'2017-05-25 19:53:27','2017-05-25 19:53:27'),(2939,18,2939,4,5.57851,0.123967,0.3,121.226,'2017-05-25 19:53:27','2017-05-25 19:53:27'),(2940,16,2940,15,10.0413,0.123967,0.3,96.2171,'2017-05-25 19:53:27','2017-05-25 19:53:27'),(2941,15,2941,2,13.3884,0.495868,1,68.0357,'2017-05-25 19:53:27','2017-05-25 19:53:27'),(2942,19,2943,15,3.59504,0.123967,0.3,76.3675,'2017-05-25 19:53:27','2017-05-25 19:53:27'),(2943,20,2942,15,1.36364,0.123967,0.15,76.3675,'2017-05-25 19:53:27','2017-05-25 19:53:27'),(2944,17,2944,15,7.43802,0.247934,0.8,342.879,'2017-05-25 19:53:27','2017-05-25 19:53:27'),(2945,18,2945,15,5.70248,0.247934,0.6,72.0814,'2017-05-25 19:53:27','2017-05-25 19:53:27'),(2946,16,2946,15,10.1653,0.247934,0.6,114.422,'2017-05-25 19:53:27','2017-05-25 19:53:27'),(2947,15,2949,6,13.3884,0.495868,1,85.7197,'2017-05-25 19:53:27','2017-05-25 19:53:27'),(2948,19,2948,16,3.71901,0.247934,0.6,96.2171,'2017-05-25 19:53:27','2017-05-25 19:53:27'),(2949,20,2947,2,1.4876,0.495868,1,76.3675,'2017-05-25 19:53:27','2017-05-25 19:53:27'),(2950,17,2950,15,7.56198,0.123967,0.3,114.422,'2017-05-25 19:53:27','2017-05-25 19:53:27'),(2951,18,2951,2,5.95041,0.495868,1,60.6129,'2017-05-25 19:53:27','2017-05-25 19:53:27'),(2952,16,2952,15,10.2893,0.123967,0.15,72.0814,'2017-05-25 19:53:28','2017-05-25 19:53:28'),(2953,15,2953,15,13.5124,0.123967,0.3,68.0357,'2017-05-25 19:53:28','2017-05-25 19:53:28'),(2954,19,2954,2,3.96694,0.495868,1,76.3675,'2017-05-25 19:53:28','2017-05-25 19:53:28'),(2955,20,2955,6,1.4876,0.495868,1,114.422,'2017-05-25 19:53:28','2017-05-25 19:53:28'),(2956,17,2956,12,7.68595,0.247934,0.6,72.0814,'2017-05-25 19:53:28','2017-05-25 19:53:28'),(2957,18,2957,15,6.07438,0.123967,0.3,121.226,'2017-05-25 19:53:28','2017-05-25 19:53:28'),(2958,16,2958,2,10.4132,0.495868,1,96.2171,'2017-05-25 19:53:28','2017-05-25 19:53:28'),(2959,15,2959,15,13.6364,0.247934,0.6,85.7197,'2017-05-25 19:53:28','2017-05-25 19:53:28'),(2960,19,2961,15,4.09091,0.123967,0.3,76.3675,'2017-05-25 19:53:28','2017-05-25 19:53:28'),(2961,21,2960,2,0,0.495868,1,50.9692,'2017-05-25 19:53:28','2017-05-25 19:53:28'),(2962,18,2962,16,6.19835,0.247934,0.6,72.0814,'2017-05-25 19:53:28','2017-05-25 19:53:28'),(2963,20,2963,15,1.61157,0.123967,0.3,90.8168,'2017-05-25 19:53:28','2017-05-25 19:53:28'),(2964,17,2964,2,7.93388,0.495868,1,57.211,'2017-05-25 19:53:28','2017-05-25 19:53:28'),(2965,16,2965,6,10.4132,0.495868,1,228.844,'2017-05-25 19:53:28','2017-05-25 19:53:28'),(2966,15,2966,2,13.8843,0.495868,1,68.0357,'2017-05-25 19:53:28','2017-05-25 19:53:28'),(2967,20,2968,16,1.73554,0.247934,0.6,90.8168,'2017-05-25 19:53:28','2017-05-25 19:53:28'),(2968,17,2969,15,8.05785,0.123967,0.3,64.2172,'2017-05-25 19:53:28','2017-05-25 19:53:28'),(2969,19,2967,15,4.21488,0.247934,0.6,96.2171,'2017-05-25 19:53:28','2017-05-25 19:53:28'),(2970,18,2971,15,6.32231,0.123967,0.15,60.6129,'2017-05-25 19:53:28','2017-05-25 19:53:28'),(2971,21,2970,14,0,1.98347,1,50.9692,'2017-05-25 19:53:28','2017-05-25 19:53:28'),(2972,16,2972,15,10.5372,0.123967,0.3,96.2171,'2017-05-25 19:53:28','2017-05-25 19:53:28'),(2973,20,2975,2,1.98347,0.495868,1,76.3675,'2017-05-25 19:53:28','2017-05-25 19:53:28'),(2974,19,2976,15,4.33884,0.123967,0.15,76.3675,'2017-05-25 19:53:28','2017-05-25 19:53:28'),(2975,18,2974,2,6.44628,0.495868,1,60.6129,'2017-05-25 19:53:28','2017-05-25 19:53:28'),(2976,15,2977,15,14.0083,0.123967,0.3,68.0357,'2017-05-25 19:53:28','2017-05-25 19:53:28'),(2977,17,2973,12,8.18182,0.247934,0.6,64.2172,'2017-05-25 19:53:28','2017-05-25 19:53:28'),(2978,21,2978,15,0.123967,0.123967,0.3,50.9692,'2017-05-25 19:53:28','2017-05-25 19:53:28'),(2979,16,2979,15,10.6612,0.247934,0.6,114.422,'2017-05-25 19:53:28','2017-05-25 19:53:28'),(2980,19,2980,2,4.46281,0.495868,1,76.3675,'2017-05-25 19:53:29','2017-05-25 19:53:29'),(2981,18,2981,6,6.44628,0.495868,1,90.8168,'2017-05-25 19:53:29','2017-05-25 19:53:29'),(2982,17,2982,15,8.30579,0.123967,0.15,54,'2017-05-25 19:53:29','2017-05-25 19:53:29'),(2983,20,2985,15,2.23141,0.247934,0.6,90.8168,'2017-05-25 19:53:29','2017-05-25 19:53:29'),(2984,21,2983,16,0.247934,0.247934,0.6,64.2172,'2017-05-25 19:53:29','2017-05-25 19:53:29'),(2985,15,2984,15,14.1322,0.247934,0.6,85.7197,'2017-05-25 19:53:29','2017-05-25 19:53:29'),(2986,16,2986,2,10.9091,0.495868,1,96.2171,'2017-05-25 19:53:29','2017-05-25 19:53:29'),(2987,19,2987,6,4.46281,0.495868,1,114.422,'2017-05-25 19:53:29','2017-05-25 19:53:29'),(2988,20,2992,15,2.35537,0.123967,0.15,76.3675,'2017-05-25 19:53:29','2017-05-25 19:53:29'),(2989,17,2989,2,8.42975,0.495868,1,54,'2017-05-25 19:53:29','2017-05-25 19:53:29'),(2990,18,2988,15,6.57025,0.123967,0.3,121.226,'2017-05-25 19:53:29','2017-05-25 19:53:29'),(2991,15,2991,15,14.2562,0.123967,0.15,57.211,'2017-05-25 19:53:29','2017-05-25 19:53:29'),(2992,21,2990,2,0.495868,0.495868,1,50.9692,'2017-05-25 19:53:29','2017-05-25 19:53:29'),(2993,16,2993,15,11.0331,0.123967,0.3,96.2171,'2017-05-25 19:53:29','2017-05-25 19:53:29'),(2994,18,2996,16,6.69421,0.247934,0.6,72.0814,'2017-05-25 19:53:29','2017-05-25 19:53:29'),(2995,19,2994,15,4.58678,0.123967,0.3,76.3675,'2017-05-25 19:53:29','2017-05-25 19:53:29'),(2996,20,2995,2,2.47934,0.495868,1,76.3675,'2017-05-25 19:53:29','2017-05-25 19:53:29'),(2997,17,2997,6,8.42975,0.495868,1,85.7197,'2017-05-25 19:53:29','2017-05-25 19:53:29'),(2998,21,2999,6,0.495868,0.495868,1,76.3675,'2017-05-25 19:53:29','2017-05-25 19:53:29'),(2999,15,2998,2,14.3802,0.495868,1,68.0357,'2017-05-25 19:53:29','2017-05-25 19:53:29'),(3000,16,3000,15,11.157,0.247934,0.6,114.422,'2017-05-25 19:53:29','2017-05-25 19:53:29'),(3001,18,3001,2,6.94215,0.495868,1,60.6129,'2017-05-25 19:53:30','2017-05-25 19:53:30'),(3002,19,3002,15,4.71074,0.247934,0.6,96.2171,'2017-05-25 19:53:30','2017-05-25 19:53:30'),(3003,20,3003,6,2.47934,0.495868,1,114.422,'2017-05-25 19:53:30','2017-05-25 19:53:30'),(3004,21,3004,15,0.743802,0.247934,0.6,64.2172,'2017-05-25 19:53:30','2017-05-25 19:53:30'),(3005,17,3005,15,8.55372,0.123967,0.3,64.2172,'2017-05-25 19:53:30','2017-05-25 19:53:30'),(3006,15,3006,6,14.3802,0.495868,1,85.7197,'2017-05-25 19:53:30','2017-05-25 19:53:30'),(3007,16,3007,15,11.281,0.123967,0.15,72.0814,'2017-05-25 19:53:30','2017-05-25 19:53:30'),(3008,18,3008,15,7.06612,0.123967,0.3,121.226,'2017-05-25 19:53:30','2017-05-25 19:53:30'),(3009,19,3009,2,4.95868,0.495868,1,76.3675,'2017-05-25 19:53:30','2017-05-25 19:53:30'),(3010,17,3010,12,8.67769,0.247934,0.6,64.2172,'2017-05-25 19:53:30','2017-05-25 19:53:30'),(3011,20,3012,15,2.60331,0.123967,0.3,90.8168,'2017-05-25 19:53:30','2017-05-25 19:53:30'),(3012,15,3013,15,14.5041,0.123967,0.3,68.0357,'2017-05-25 19:53:30','2017-05-25 19:53:30'),(3013,21,3011,15,0.867769,0.123967,0.15,50.9692,'2017-05-25 19:53:30','2017-05-25 19:53:30'),(3014,16,3014,2,11.405,0.495868,1,96.2171,'2017-05-25 19:53:30','2017-05-25 19:53:30'),(3015,19,3016,15,5.08264,0.123967,0.3,76.3675,'2017-05-25 19:53:30','2017-05-25 19:53:30'),(3016,18,3015,16,7.19008,0.247934,0.6,72.0814,'2017-05-25 19:53:30','2017-05-25 19:53:30'),(3017,20,3018,15,2.72727,0.247934,0.6,90.8168,'2017-05-25 19:53:30','2017-05-25 19:53:30'),(3018,17,3019,2,8.92562,0.495868,1,54,'2017-05-25 19:53:30','2017-05-25 19:53:30'),(3019,21,3020,2,0.991736,0.495868,1,50.9692,'2017-05-25 19:53:30','2017-05-25 19:53:30'),(3020,15,3017,15,14.6281,0.247934,0.6,85.7197,'2017-05-25 19:53:30','2017-05-25 19:53:30'),(3021,16,3021,6,11.405,0.495868,1,228.844,'2017-05-25 19:53:30','2017-05-25 19:53:30'),(3022,18,3022,15,7.19008,0.247934,0.5,726.534,'2017-05-25 19:53:30','2017-05-25 19:53:30'),(3023,19,3023,12,5.20661,0.247934,0.6,96.2171,'2017-05-25 19:53:30','2017-05-25 19:53:30'),(3024,15,3027,2,14.876,0.495868,1,68.0357,'2017-05-25 19:53:30','2017-05-25 19:53:30'),(3025,17,3025,15,9.04959,0.123967,0.3,64.2172,'2017-05-25 19:53:30','2017-05-25 19:53:30'),(3026,21,3026,15,1.1157,0.123967,0.3,50.9692,'2017-05-25 19:53:30','2017-05-25 19:53:30'),(3027,20,3024,2,2.97521,0.495868,1,76.3675,'2017-05-25 19:53:30','2017-05-25 19:53:30'),(3028,16,3028,15,11.5289,0.123967,0.3,96.2171,'2017-05-25 19:53:30','2017-05-25 19:53:30'),(3029,18,3030,15,7.31405,0.123967,0.15,60.6129,'2017-05-25 19:53:30','2017-05-25 19:53:30'),(3030,19,3029,15,5.33058,0.123967,0.15,76.3675,'2017-05-25 19:53:30','2017-05-25 19:53:30'),(3031,21,3033,16,1.23967,0.247934,0.6,64.2172,'2017-05-25 19:53:31','2017-05-25 19:53:31'),(3032,17,3032,16,9.17355,0.247934,0.6,64.2172,'2017-05-25 19:53:31','2017-05-25 19:53:31'),(3033,15,3031,15,15,0.123967,0.3,68.0357,'2017-05-25 19:53:31','2017-05-25 19:53:31'),(3034,20,3034,15,3.09917,0.123967,0.3,90.8168,'2017-05-25 19:53:31','2017-05-25 19:53:31'),(3035,16,3035,15,11.6529,0.247934,0.6,114.422,'2017-05-25 19:53:31','2017-05-25 19:53:31'),(3036,18,3036,2,7.43802,0.495868,1,60.6129,'2017-05-25 19:53:31','2017-05-25 19:53:31'),(3037,19,3037,2,5.45455,0.495868,1,76.3675,'2017-05-25 19:53:31','2017-05-25 19:53:31'),(3038,20,3040,15,3.22314,0.247934,0.6,90.8168,'2017-05-25 19:53:31','2017-05-25 19:53:31'),(3039,15,3039,15,15.124,0.247934,0.6,85.7197,'2017-05-25 19:53:31','2017-05-25 19:53:31'),(3040,17,3038,15,9.29752,0.123967,0.15,54,'2017-05-25 19:53:31','2017-05-25 19:53:31'),(3041,21,3041,15,1.36364,0.123967,0.15,50.9692,'2017-05-25 19:53:31','2017-05-25 19:53:31'),(3042,16,3042,2,11.9008,0.495868,1,96.2171,'2017-05-25 19:53:31','2017-05-25 19:53:31'),(3043,19,3044,6,5.45455,0.495868,1,114.422,'2017-05-25 19:53:31','2017-05-25 19:53:31'),(3044,18,3043,6,7.43802,0.495868,1,90.8168,'2017-05-25 19:53:31','2017-05-25 19:53:31'),(3045,15,3047,15,15.124,0.247934,0.5,342.879,'2017-05-25 19:53:31','2017-05-25 19:53:31'),(3046,20,3046,15,3.34711,0.123967,0.15,76.3675,'2017-05-25 19:53:31','2017-05-25 19:53:31'),(3047,21,3048,2,1.4876,0.495868,1,50.9692,'2017-05-25 19:53:31','2017-05-25 19:53:31'),(3048,17,3045,2,9.42149,0.495868,1,54,'2017-05-25 19:53:31','2017-05-25 19:53:31'),(3049,16,3049,15,12.0248,0.123967,0.3,101.938,'2017-05-25 19:53:31','2017-05-25 19:53:31'),(3050,18,3050,15,7.43802,0.247934,0.8,363.267,'2017-05-25 19:53:31','2017-05-25 19:53:31'),(3051,19,3051,15,5.57851,0.123967,0.3,76.3675,'2017-05-25 19:53:31','2017-05-25 19:53:31'),(3052,21,3052,6,1.4876,0.495868,1,76.3675,'2017-05-25 19:53:31','2017-05-25 19:53:31'),(3053,15,3054,15,15.2479,0.123967,0.15,57.211,'2017-05-25 19:53:31','2017-05-25 19:53:31'),(3054,20,3055,2,3.47107,0.495868,1,76.3675,'2017-05-25 19:53:31','2017-05-25 19:53:31'),(3055,17,3053,6,9.42149,0.495868,1,85.7197,'2017-05-25 19:53:31','2017-05-25 19:53:31'),(3056,16,3056,15,12.1488,0.247934,0.6,101.938,'2017-05-25 19:53:31','2017-05-25 19:53:31'),(3057,19,3058,15,5.70248,0.247934,0.6,96.2171,'2017-05-25 19:53:31','2017-05-25 19:53:31'),(3058,22,3059,2,0,0.495868,1,68.0357,'2017-05-25 19:53:31','2017-05-25 19:53:31'),(3059,18,3057,15,7.56198,0.123967,0.3,121.226,'2017-05-25 19:53:31','2017-05-25 19:53:31'),(3060,21,3060,15,1.61157,0.123967,0.3,50.9692,'2017-05-25 19:53:31','2017-05-25 19:53:31'),(3061,17,3062,15,9.54545,0.123967,0.3,64.2172,'2017-05-25 19:53:32','2017-05-25 19:53:32'),(3062,15,3063,2,15.3719,0.495868,1,68.0357,'2017-05-25 19:53:32','2017-05-25 19:53:32'),(3063,20,3061,6,3.47107,0.495868,1,114.422,'2017-05-25 19:53:32','2017-05-25 19:53:32'),(3064,16,3064,15,12.2727,0.123967,0.15,76.3675,'2017-05-25 19:53:32','2017-05-25 19:53:32'),(3065,21,3065,15,1.73554,0.247934,0.6,64.2172,'2017-05-25 19:53:32','2017-05-25 19:53:32'),(3066,18,3067,15,7.68595,0.247934,0.6,72.0814,'2017-05-25 19:53:32','2017-05-25 19:53:32'),(3067,22,3068,14,0,1.98347,1,68.0357,'2017-05-25 19:53:32','2017-05-25 19:53:32'),(3068,19,3066,2,5.95041,0.495868,1,76.3675,'2017-05-25 19:53:32','2017-05-25 19:53:32'),(3069,15,3069,6,15.3719,0.495868,1,85.7197,'2017-05-25 19:53:32','2017-05-25 19:53:32'),(3070,20,3071,15,3.59504,0.123967,0.3,90.8168,'2017-05-25 19:53:32','2017-05-25 19:53:32'),(3071,16,3072,2,12.3967,0.495868,1,76.3675,'2017-05-25 19:53:32','2017-05-25 19:53:32'),(3072,17,3070,15,9.66942,0.247934,0.6,64.2172,'2017-05-25 19:53:32','2017-05-25 19:53:32'),(3073,18,3074,2,7.93388,0.495868,1,60.6129,'2017-05-25 19:53:32','2017-05-25 19:53:32'),(3074,22,3075,15,0.123967,0.123967,0.3,80.9086,'2017-05-25 19:53:32','2017-05-25 19:53:32'),(3075,21,3073,2,1.98347,0.495868,1,50.9692,'2017-05-25 19:53:32','2017-05-25 19:53:32'),(3076,19,3076,15,6.07438,0.123967,0.3,76.3675,'2017-05-25 19:53:32','2017-05-25 19:53:32'),(3077,15,3077,15,15.3719,0.247934,1,342.879,'2017-05-25 19:53:32','2017-05-25 19:53:32'),(3078,17,3079,2,9.91736,0.495868,1,54,'2017-05-25 19:53:32','2017-05-25 19:53:32'),(3079,20,3080,16,3.71901,0.247934,0.6,90.8168,'2017-05-25 19:53:32','2017-05-25 19:53:32'),(3080,16,3078,6,12.3967,0.495868,1,242.452,'2017-05-25 19:53:32','2017-05-25 19:53:32'),(3081,19,3082,16,6.19835,0.247934,0.6,96.2171,'2017-05-25 19:53:32','2017-05-25 19:53:32'),(3082,18,3081,15,8.05785,0.123967,0.3,64.2172,'2017-05-25 19:53:32','2017-05-25 19:53:32'),(3083,22,3084,15,0.247934,0.247934,0.6,80.9086,'2017-05-25 19:53:32','2017-05-25 19:53:32'),(3084,21,3083,15,2.23141,0.247934,0.6,64.2172,'2017-05-25 19:53:32','2017-05-25 19:53:32'),(3085,17,3085,15,10.0413,0.123967,0.3,64.2172,'2017-05-25 19:53:32','2017-05-25 19:53:32'),(3086,15,3086,15,15.4959,0.123967,0.3,68.0357,'2017-05-25 19:53:32','2017-05-25 19:53:32'),(3087,20,3087,2,3.96694,0.495868,1,76.3675,'2017-05-25 19:53:32','2017-05-25 19:53:32'),(3088,16,3088,15,12.5207,0.123967,0.3,101.938,'2017-05-25 19:53:32','2017-05-25 19:53:32'),(3089,18,3090,16,8.18182,0.247934,0.6,76.3675,'2017-05-25 19:53:32','2017-05-25 19:53:32'),(3090,21,3092,15,2.35537,0.123967,0.15,50.9692,'2017-05-25 19:53:32','2017-05-25 19:53:32'),(3091,22,3091,2,0.495868,0.495868,1,68.0357,'2017-05-25 19:53:32','2017-05-25 19:53:32'),(3092,19,3089,15,6.32231,0.123967,0.15,76.3675,'2017-05-25 19:53:33','2017-05-25 19:53:33'),(3093,15,3094,15,15.6198,0.247934,0.6,85.7197,'2017-05-25 19:53:33','2017-05-25 19:53:33'),(3094,17,3093,15,10.1653,0.247934,0.6,64.2172,'2017-05-25 19:53:33','2017-05-25 19:53:33'),(3095,20,3095,15,4.09091,0.123967,0.3,80.9086,'2017-05-25 19:53:33','2017-05-25 19:53:33'),(3096,16,3096,15,12.6446,0.247934,0.6,101.938,'2017-05-25 19:53:33','2017-05-25 19:53:33'),(3097,18,3097,15,8.30579,0.123967,0.15,48.1085,'2017-05-25 19:53:33','2017-05-25 19:53:33'),(3098,19,3098,2,6.44628,0.495868,1,76.3675,'2017-05-25 19:53:33','2017-05-25 19:53:33'),(3099,22,3099,6,0.495868,0.495868,1,101.938,'2017-05-25 19:53:33','2017-05-25 19:53:33'),(3100,21,3100,2,2.47934,0.495868,1,50.9692,'2017-05-25 19:53:33','2017-05-25 19:53:33'),(3101,15,3101,2,15.8678,0.495868,1,68.0357,'2017-05-25 19:53:33','2017-05-25 19:53:33'),(3102,17,3104,15,10.2893,0.123967,0.15,54,'2017-05-25 19:53:33','2017-05-25 19:53:33'),(3103,16,3102,2,12.8926,0.495868,1,76.3675,'2017-05-25 19:53:33','2017-05-25 19:53:33'),(3104,20,3103,16,4.21488,0.247934,0.6,96.2171,'2017-05-25 19:53:33','2017-05-25 19:53:33'),(3105,21,3106,6,2.47934,0.495868,1,76.3675,'2017-05-25 19:53:33','2017-05-25 19:53:33'),(3106,18,3109,2,8.42975,0.495868,1,32.1086,'2017-05-25 19:53:33','2017-05-25 19:53:33'),(3107,15,3107,15,15.9917,0.123967,0.3,64.2172,'2017-05-25 19:53:33','2017-05-25 19:53:33'),(3108,19,3105,6,6.44628,0.495868,1,114.422,'2017-05-25 19:53:33','2017-05-25 19:53:33'),(3109,22,3108,16,0.743802,0.247934,0.6,80.9086,'2017-05-25 19:53:33','2017-05-25 19:53:33'),(3110,16,3111,15,13.0165,0.123967,0.3,101.938,'2017-05-25 19:53:33','2017-05-25 19:53:33'),(3111,17,3112,2,10.4132,0.495868,1,54,'2017-05-25 19:53:33','2017-05-25 19:53:33'),(3112,20,3110,15,4.33884,0.123967,0.15,80.9086,'2017-05-25 19:53:33','2017-05-25 19:53:33'),(3113,21,3113,15,2.60331,0.123967,0.3,50.9692,'2017-05-25 19:53:33','2017-05-25 19:53:33'),(3114,22,3114,15,0.867769,0.123967,0.15,68.0357,'2017-05-25 19:53:33','2017-05-25 19:53:33'),(3115,19,3116,4,6.57025,0.123967,0.3,76.3675,'2017-05-25 19:53:33','2017-05-25 19:53:33'),(3116,18,3115,6,8.42975,0.495868,1,76.3675,'2017-05-25 19:53:33','2017-05-25 19:53:33'),(3117,15,3117,15,16.1157,0.247934,0.6,80.9086,'2017-05-25 19:53:33','2017-05-25 19:53:33'),(3118,20,3119,2,4.46281,0.495868,1,80.9086,'2017-05-25 19:53:33','2017-05-25 19:53:33'),(3119,17,3120,6,10.4132,0.495868,1,85.7197,'2017-05-25 19:53:33','2017-05-25 19:53:33'),(3120,16,3118,15,13.1405,0.247934,0.6,101.938,'2017-05-25 19:53:33','2017-05-25 19:53:33'),(3121,18,3125,15,8.55372,0.123967,0.3,64.2172,'2017-05-25 19:53:34','2017-05-25 19:53:34'),(3122,22,3121,2,0.991736,0.495868,1,68.0357,'2017-05-25 19:53:34','2017-05-25 19:53:34'),(3123,15,3124,15,16.2397,0.123967,0.15,32.1086,'2017-05-25 19:53:34','2017-05-25 19:53:34'),(3124,19,3122,12,6.69421,0.247934,0.6,96.2171,'2017-05-25 19:53:34','2017-05-25 19:53:34'),(3125,21,3123,15,2.72727,0.247934,0.6,64.2172,'2017-05-25 19:53:34','2017-05-25 19:53:34'),(3126,17,3127,15,10.5372,0.123967,0.3,64.2172,'2017-05-25 19:53:34','2017-05-25 19:53:34'),(3127,20,3126,6,4.46281,0.495868,1,121.226,'2017-05-25 19:53:34','2017-05-25 19:53:34'),(3128,16,3128,15,13.2645,0.123967,0.15,76.3675,'2017-05-25 19:53:34','2017-05-25 19:53:34'),(3129,18,3129,16,8.67769,0.247934,0.6,76.3675,'2017-05-25 19:53:34','2017-05-25 19:53:34'),(3130,19,3130,2,6.94215,0.495868,1,76.3675,'2017-05-25 19:53:34','2017-05-25 19:53:34'),(3131,21,3132,2,2.97521,0.495868,1,50.9692,'2017-05-25 19:53:34','2017-05-25 19:53:34'),(3132,22,3131,15,1.1157,0.123967,0.3,80.9086,'2017-05-25 19:53:34','2017-05-25 19:53:34'),(3133,15,3133,2,16.3636,0.495868,1,64.2172,'2017-05-25 19:53:34','2017-05-25 19:53:34'),(3134,17,3136,15,10.6612,0.247934,0.6,64.2172,'2017-05-25 19:53:34','2017-05-25 19:53:34'),(3135,20,3135,15,4.58678,0.123967,0.3,80.9086,'2017-05-25 19:53:34','2017-05-25 19:53:34'),(3136,16,3134,2,13.3884,0.495868,1,76.3675,'2017-05-25 19:53:34','2017-05-25 19:53:34'),(3137,18,3137,2,8.92562,0.495868,1,32.1086,'2017-05-25 19:53:34','2017-05-25 19:53:34'),(3138,22,3138,4,1.23967,0.247934,0.6,80.9086,'2017-05-25 19:53:34','2017-05-25 19:53:34'),(3139,19,3140,15,7.06612,0.123967,0.3,76.3675,'2017-05-25 19:53:34','2017-05-25 19:53:34'),(3140,21,3139,15,3.09917,0.123967,0.3,50.9692,'2017-05-25 19:53:34','2017-05-25 19:53:34'),(3141,15,3141,6,16.3636,0.495868,1,96.2171,'2017-05-25 19:53:34','2017-05-25 19:53:34'),(3142,16,3143,6,13.3884,0.495868,1,242.452,'2017-05-25 19:53:34','2017-05-25 19:53:34'),(3143,20,3144,12,4.71074,0.247934,0.6,96.2171,'2017-05-25 19:53:34','2017-05-25 19:53:34'),(3144,17,3142,2,10.9091,0.495868,1,54,'2017-05-25 19:53:34','2017-05-25 19:53:34'),(3145,18,3145,15,9.04959,0.123967,0.3,64.2172,'2017-05-25 19:53:34','2017-05-25 19:53:34'),(3146,15,3148,15,16.4876,0.123967,0.3,64.2172,'2017-05-25 19:53:34','2017-05-25 19:53:34'),(3147,22,3147,15,1.36364,0.123967,0.15,68.0357,'2017-05-25 19:53:34','2017-05-25 19:53:34'),(3148,19,3146,15,7.19008,0.247934,0.6,96.2171,'2017-05-25 19:53:34','2017-05-25 19:53:34'),(3149,21,3149,15,3.22314,0.247934,0.6,64.2172,'2017-05-25 19:53:34','2017-05-25 19:53:34'),(3150,17,3150,15,11.0331,0.123967,0.3,64.2172,'2017-05-25 19:53:34','2017-05-25 19:53:34'),(3151,16,3151,15,13.5124,0.123967,0.3,101.938,'2017-05-25 19:53:34','2017-05-25 19:53:34'),(3152,20,3152,2,4.95868,0.495868,1,80.9086,'2017-05-25 19:53:35','2017-05-25 19:53:35'),(3153,18,3153,15,9.17355,0.247934,0.6,76.3675,'2017-05-25 19:53:35','2017-05-25 19:53:35'),(3154,22,3155,2,1.4876,0.495868,1,68.0357,'2017-05-25 19:53:35','2017-05-25 19:53:35'),(3155,21,3156,15,3.34711,0.123967,0.15,50.9692,'2017-05-25 19:53:35','2017-05-25 19:53:35'),(3156,15,3157,12,16.6116,0.247934,0.6,80.9086,'2017-05-25 19:53:35','2017-05-25 19:53:35'),(3157,17,3158,16,11.157,0.247934,0.6,64.2172,'2017-05-25 19:53:35','2017-05-25 19:53:35'),(3158,19,3154,15,7.19008,0.247934,0.5,915.376,'2017-05-25 19:53:35','2017-05-25 19:53:35'),(3159,20,3160,15,5.08264,0.123967,0.3,80.9086,'2017-05-25 19:53:35','2017-05-25 19:53:35'),(3160,16,3159,12,13.6364,0.247934,0.6,101.938,'2017-05-25 19:53:35','2017-05-25 19:53:35'),(3161,18,3161,15,9.29752,0.123967,0.15,48.1085,'2017-05-25 19:53:35','2017-05-25 19:53:35'),(3162,22,3162,6,1.4876,0.495868,1,101.938,'2017-05-25 19:53:35','2017-05-25 19:53:35'),(3163,19,3164,15,7.31405,0.123967,0.15,76.3675,'2017-05-25 19:53:35','2017-05-25 19:53:35'),(3164,17,3166,15,11.281,0.123967,0.15,54,'2017-05-25 19:53:35','2017-05-25 19:53:35'),(3165,21,3163,2,3.47107,0.495868,1,50.9692,'2017-05-25 19:53:35','2017-05-25 19:53:35'),(3166,15,3165,2,16.8595,0.495868,1,64.2172,'2017-05-25 19:53:35','2017-05-25 19:53:35'),(3167,20,3167,15,5.20661,0.247934,0.6,96.2171,'2017-05-25 19:53:35','2017-05-25 19:53:35'),(3168,16,3168,2,13.8843,0.495868,1,76.3675,'2017-05-25 19:53:35','2017-05-25 19:53:35'),(3169,18,3169,2,9.42149,0.495868,1,32.1086,'2017-05-25 19:53:35','2017-05-25 19:53:35'),(3170,19,3172,2,7.43802,0.495868,1,76.3675,'2017-05-25 19:53:35','2017-05-25 19:53:35'),(3171,17,3171,2,11.405,0.495868,1,54,'2017-05-25 19:53:35','2017-05-25 19:53:35'),(3172,21,3173,6,3.47107,0.495868,1,76.3675,'2017-05-25 19:53:35','2017-05-25 19:53:35'),(3173,15,3174,15,16.9835,0.123967,0.3,64.2172,'2017-05-25 19:53:35','2017-05-25 19:53:35'),(3174,22,3170,15,1.61157,0.123967,0.3,80.9086,'2017-05-25 19:53:35','2017-05-25 19:53:35'),(3175,20,3175,15,5.33058,0.123967,0.15,80.9086,'2017-05-25 19:53:35','2017-05-25 19:53:35'),(3176,16,3176,15,14.0083,0.123967,0.3,101.938,'2017-05-25 19:53:35','2017-05-25 19:53:35'),(3177,23,3178,2,0,0.495868,1,45.4084,'2017-05-25 19:53:35','2017-05-25 19:53:35'),(3178,18,3177,6,9.42149,0.495868,1,76.3675,'2017-05-25 19:53:35','2017-05-25 19:53:35'),(3179,17,3179,6,11.405,0.495868,1,85.7197,'2017-05-25 19:53:36','2017-05-25 19:53:36'),(3180,19,3180,6,7.43802,0.495868,1,114.422,'2017-05-25 19:53:36','2017-05-25 19:53:36'),(3181,15,3181,15,17.1074,0.247934,0.6,80.9086,'2017-05-25 19:53:36','2017-05-25 19:53:36'),(3182,22,3182,15,1.73554,0.247934,0.6,80.9086,'2017-05-25 19:53:36','2017-05-25 19:53:36'),(3183,21,3183,15,3.59504,0.123967,0.3,50.9692,'2017-05-25 19:53:36','2017-05-25 19:53:36'),(3184,20,3184,2,5.45455,0.495868,1,80.9086,'2017-05-25 19:53:36','2017-05-25 19:53:36'),(3185,16,3185,16,14.1322,0.247934,0.6,101.938,'2017-05-25 19:53:36','2017-05-25 19:53:36'),(3186,18,3187,15,9.54545,0.123967,0.3,64.2172,'2017-05-25 19:53:36','2017-05-25 19:53:36'),(3187,23,3186,14,0,1.98347,1,45.4084,'2017-05-25 19:53:36','2017-05-25 19:53:36'),(3188,17,3189,15,11.5289,0.123967,0.3,64.2172,'2017-05-25 19:53:36','2017-05-25 19:53:36'),(3189,19,3188,15,7.43802,0.247934,0.8,457.688,'2017-05-25 19:53:36','2017-05-25 19:53:36'),(3190,15,3192,15,17.2314,0.123967,0.15,32.1086,'2017-05-25 19:53:36','2017-05-25 19:53:36'),(3191,22,3191,2,1.98347,0.495868,1,68.0357,'2017-05-25 19:53:36','2017-05-25 19:53:36'),(3192,21,3190,15,3.71901,0.247934,0.6,64.2172,'2017-05-25 19:53:36','2017-05-25 19:53:36'),(3193,20,3194,6,5.45455,0.495868,1,121.226,'2017-05-25 19:53:36','2017-05-25 19:53:36'),(3194,16,3193,15,14.2562,0.123967,0.15,76.3675,'2017-05-25 19:53:36','2017-05-25 19:53:36'),(3195,23,3196,15,0.123967,0.123967,0.3,45.4084,'2017-05-25 19:53:36','2017-05-25 19:53:36'),(3196,18,3195,15,9.66942,0.247934,0.6,76.3675,'2017-05-25 19:53:36','2017-05-25 19:53:36'),(3197,22,3199,15,2.23141,0.247934,0.6,80.9086,'2017-05-25 19:53:36','2017-05-25 19:53:36'),(3198,19,3198,15,7.56198,0.123967,0.3,76.3675,'2017-05-25 19:53:36','2017-05-25 19:53:36'),(3199,15,3201,2,17.3554,0.495868,1,64.2172,'2017-05-25 19:53:36','2017-05-25 19:53:36'),(3200,21,3197,2,3.96694,0.495868,1,50.9692,'2017-05-25 19:53:36','2017-05-25 19:53:36'),(3201,17,3200,15,11.6529,0.247934,0.6,64.2172,'2017-05-25 19:53:36','2017-05-25 19:53:36'),(3202,16,3202,2,14.3802,0.495868,1,76.3675,'2017-05-25 19:53:36','2017-05-25 19:53:36'),(3203,20,3203,15,5.57851,0.123967,0.3,80.9086,'2017-05-25 19:53:36','2017-05-25 19:53:36'),(3204,18,3205,2,9.91736,0.495868,1,32.1086,'2017-05-25 19:53:36','2017-05-25 19:53:36'),(3205,19,3207,15,7.68595,0.247934,0.6,96.2171,'2017-05-25 19:53:36','2017-05-25 19:53:36'),(3206,15,3206,6,17.3554,0.495868,1,96.2171,'2017-05-25 19:53:36','2017-05-25 19:53:36'),(3207,22,3210,15,2.35537,0.123967,0.15,68.0357,'2017-05-25 19:53:36','2017-05-25 19:53:36'),(3208,21,3209,15,4.09091,0.123967,0.3,50.9692,'2017-05-25 19:53:36','2017-05-25 19:53:36'),(3209,17,3208,2,11.9008,0.495868,1,54,'2017-05-25 19:53:36','2017-05-25 19:53:36'),(3210,16,3211,6,14.3802,0.495868,1,242.452,'2017-05-25 19:53:37','2017-05-25 19:53:37'),(3211,23,3204,16,0.247934,0.247934,0.6,57.211,'2017-05-25 19:53:37','2017-05-25 19:53:37'),(3212,20,3212,12,5.70248,0.247934,0.6,96.2171,'2017-05-25 19:53:37','2017-05-25 19:53:37'),(3213,18,3213,15,10.0413,0.123967,0.3,64.2172,'2017-05-25 19:53:37','2017-05-25 19:53:37'),(3214,15,3214,15,17.4793,0.123967,0.3,64.2172,'2017-05-25 19:53:37','2017-05-25 19:53:37'),(3215,19,3215,2,7.93388,0.495868,1,76.3675,'2017-05-25 19:53:37','2017-05-25 19:53:37'),(3216,21,3217,15,4.21488,0.247934,0.6,64.2172,'2017-05-25 19:53:37','2017-05-25 19:53:37'),(3217,17,3218,15,12.0248,0.123967,0.3,121.226,'2017-05-25 19:53:37','2017-05-25 19:53:37'),(3218,22,3216,2,2.47934,0.495868,1,68.0357,'2017-05-25 19:53:37','2017-05-25 19:53:37'),(3219,16,3220,15,14.5041,0.123967,0.3,101.938,'2017-05-25 19:53:37','2017-05-25 19:53:37'),(3220,23,3219,2,0.495868,0.495868,1,45.4084,'2017-05-25 19:53:37','2017-05-25 19:53:37'),(3221,20,3221,2,5.95041,0.495868,1,80.9086,'2017-05-25 19:53:37','2017-05-25 19:53:37'),(3222,15,3223,15,17.6033,0.247934,0.6,80.9086,'2017-05-25 19:53:37','2017-05-25 19:53:37'),(3223,18,3222,15,10.1653,0.247934,0.6,76.3675,'2017-05-25 19:53:37','2017-05-25 19:53:37'),(3224,19,3224,15,8.05785,0.123967,0.3,85.7197,'2017-05-25 19:53:37','2017-05-25 19:53:37'),(3225,21,3226,15,4.33884,0.123967,0.15,50.9692,'2017-05-25 19:53:37','2017-05-25 19:53:37'),(3226,17,3225,15,12.1488,0.247934,0.6,76.3675,'2017-05-25 19:53:37','2017-05-25 19:53:37'),(3227,22,3227,6,2.47934,0.495868,1,101.938,'2017-05-25 19:53:37','2017-05-25 19:53:37'),(3228,16,3229,15,14.6281,0.247934,0.6,101.938,'2017-05-25 19:53:37','2017-05-25 19:53:37'),(3229,23,3228,6,0.495868,0.495868,1,68.0357,'2017-05-25 19:53:37','2017-05-25 19:53:37'),(3230,20,3230,15,6.07438,0.123967,0.3,80.9086,'2017-05-25 19:53:37','2017-05-25 19:53:37'),(3231,15,3231,2,17.8512,0.495868,1,64.2172,'2017-05-25 19:53:37','2017-05-25 19:53:37'),(3232,19,3233,15,8.18182,0.247934,0.6,85.7197,'2017-05-25 19:53:37','2017-05-25 19:53:37'),(3233,21,3234,2,4.46281,0.495868,1,50.9692,'2017-05-25 19:53:37','2017-05-25 19:53:37'),(3234,22,3235,15,2.60331,0.123967,0.3,80.9086,'2017-05-25 19:53:37','2017-05-25 19:53:37'),(3235,18,3232,15,10.2893,0.123967,0.15,48.1085,'2017-05-25 19:53:38','2017-05-25 19:53:38'),(3236,17,3236,15,12.2727,0.123967,0.15,50.9692,'2017-05-25 19:53:38','2017-05-25 19:53:38'),(3237,16,3237,2,14.876,0.495868,1,76.3675,'2017-05-25 19:53:38','2017-05-25 19:53:38'),(3238,20,3239,15,6.19835,0.247934,0.6,96.2171,'2017-05-25 19:53:38','2017-05-25 19:53:38'),(3239,23,3238,15,0.743802,0.247934,0.6,57.211,'2017-05-25 19:53:38','2017-05-25 19:53:38'),(3240,15,3240,15,17.9752,0.123967,0.3,64.2172,'2017-05-25 19:53:38','2017-05-25 19:53:38'),(3241,19,3241,15,8.30579,0.123967,0.15,72.0814,'2017-05-25 19:53:38','2017-05-25 19:53:38'),(3242,21,3242,6,4.46281,0.495868,1,76.3675,'2017-05-25 19:53:38','2017-05-25 19:53:38'),(3243,17,3245,2,12.3967,0.495868,1,60.6129,'2017-05-25 19:53:38','2017-05-25 19:53:38'),(3244,16,3246,15,15,0.123967,0.3,101.938,'2017-05-25 19:53:38','2017-05-25 19:53:38'),(3245,22,3243,16,2.72727,0.247934,0.6,80.9086,'2017-05-25 19:53:38','2017-05-25 19:53:38'),(3246,18,3244,2,10.4132,0.495868,1,32.1086,'2017-05-25 19:53:38','2017-05-25 19:53:38'),(3247,15,3249,12,18.0992,0.247934,0.6,80.9086,'2017-05-25 19:53:38','2017-05-25 19:53:38'),(3248,20,3247,15,6.32231,0.123967,0.15,80.9086,'2017-05-25 19:53:38','2017-05-25 19:53:38'),(3249,23,3248,15,0.867769,0.123967,0.15,45.4084,'2017-05-25 19:53:38','2017-05-25 19:53:38'),(3250,21,3251,4,4.58678,0.123967,0.3,50.9692,'2017-05-25 19:53:38','2017-05-25 19:53:38'),(3251,19,3250,2,8.42975,0.495868,1,72.0814,'2017-05-25 19:53:38','2017-05-25 19:53:38'),(3252,16,3255,16,15.124,0.247934,0.6,101.938,'2017-05-25 19:53:38','2017-05-25 19:53:38'),(3253,22,3252,2,2.97521,0.495868,1,68.0357,'2017-05-25 19:53:38','2017-05-25 19:53:38'),(3254,17,3254,6,12.3967,0.495868,1,76.3675,'2017-05-25 19:53:38','2017-05-25 19:53:38'),(3255,18,3253,6,10.4132,0.495868,1,76.3675,'2017-05-25 19:53:38','2017-05-25 19:53:38'),(3256,15,3257,15,18.2231,0.123967,0.15,32.1086,'2017-05-25 19:53:38','2017-05-25 19:53:38'),(3257,20,3256,2,6.44628,0.495868,1,80.9086,'2017-05-25 19:53:38','2017-05-25 19:53:38'),(3258,23,3258,2,0.991736,0.495868,1,45.4084,'2017-05-25 19:53:38','2017-05-25 19:53:38'),(3259,21,3259,15,4.71074,0.247934,0.6,64.2172,'2017-05-25 19:53:38','2017-05-25 19:53:38'),(3260,19,3260,6,8.42975,0.495868,1,114.422,'2017-05-25 19:53:38','2017-05-25 19:53:38'),(3261,18,3264,4,10.5372,0.123967,0.3,64.2172,'2017-05-25 19:53:39','2017-05-25 19:53:39'),(3262,17,3261,15,12.5207,0.123967,0.3,121.226,'2017-05-25 19:53:39','2017-05-25 19:53:39'),(3263,22,3263,15,3.09917,0.123967,0.3,80.9086,'2017-05-25 19:53:39','2017-05-25 19:53:39'),(3264,16,3262,15,15.124,0.247934,0.5,969.807,'2017-05-25 19:53:39','2017-05-25 19:53:39'),(3265,15,3265,2,18.3471,0.495868,1,64.2172,'2017-05-25 19:53:39','2017-05-25 19:53:39'),(3266,23,3267,15,1.1157,0.123967,0.3,45.4084,'2017-05-25 19:53:39','2017-05-25 19:53:39'),(3267,20,3266,6,6.44628,0.495868,1,121.226,'2017-05-25 19:53:39','2017-05-25 19:53:39'),(3268,21,3269,2,4.95868,0.495868,1,50.9692,'2017-05-25 19:53:39','2017-05-25 19:53:39'),(3269,19,3268,15,8.55372,0.123967,0.3,85.7197,'2017-05-25 19:53:39','2017-05-25 19:53:39'),(3270,18,3270,15,10.6612,0.247934,0.6,76.3675,'2017-05-25 19:53:39','2017-05-25 19:53:39'),(3271,16,3271,15,15.2479,0.123967,0.15,76.3675,'2017-05-25 19:53:39','2017-05-25 19:53:39'),(3272,17,3272,15,12.6446,0.247934,0.6,76.3675,'2017-05-25 19:53:39','2017-05-25 19:53:39'),(3273,22,3273,15,3.22314,0.247934,0.6,80.9086,'2017-05-25 19:53:39','2017-05-25 19:53:39'),(3274,15,3274,6,18.3471,0.495868,1,96.2171,'2017-05-25 19:53:39','2017-05-25 19:53:39'),(3275,20,3276,15,6.57025,0.123967,0.3,80.9086,'2017-05-25 19:53:39','2017-05-25 19:53:39'),(3276,23,3275,16,1.23967,0.247934,0.6,57.211,'2017-05-25 19:53:39','2017-05-25 19:53:39'),(3277,21,3277,15,5.08264,0.123967,0.3,50.9692,'2017-05-25 19:53:39','2017-05-25 19:53:39'),(3278,19,3278,15,8.67769,0.247934,0.6,85.7197,'2017-05-25 19:53:39','2017-05-25 19:53:39'),(3279,18,3279,2,10.9091,0.495868,1,32.1086,'2017-05-25 19:53:39','2017-05-25 19:53:39'),(3280,16,3280,2,15.3719,0.495868,1,76.3675,'2017-05-25 19:53:39','2017-05-25 19:53:39'),(3281,17,3281,2,12.8926,0.495868,1,60.6129,'2017-05-25 19:53:39','2017-05-25 19:53:39'),(3282,22,3282,15,3.34711,0.123967,0.15,68.0357,'2017-05-25 19:53:39','2017-05-25 19:53:39'),(3283,23,3284,15,1.36364,0.123967,0.15,45.4084,'2017-05-25 19:53:39','2017-05-25 19:53:39'),(3284,20,3285,16,6.69421,0.247934,0.6,96.2171,'2017-05-25 19:53:39','2017-05-25 19:53:39'),(3285,15,3283,15,18.4711,0.123967,0.3,64.2172,'2017-05-25 19:53:39','2017-05-25 19:53:39'),(3286,19,3287,2,8.92562,0.495868,1,72.0814,'2017-05-25 19:53:39','2017-05-25 19:53:39'),(3287,21,3286,16,5.20661,0.247934,0.6,64.2172,'2017-05-25 19:53:39','2017-05-25 19:53:39'),(3288,18,3288,15,11.0331,0.123967,0.3,64.2172,'2017-05-25 19:53:39','2017-05-25 19:53:39'),(3289,17,3290,15,13.0165,0.123967,0.3,121.226,'2017-05-25 19:53:39','2017-05-25 19:53:39'),(3290,22,3289,2,3.47107,0.495868,1,68.0357,'2017-05-25 19:53:39','2017-05-25 19:53:39'),(3291,16,3291,6,15.3719,0.495868,1,242.452,'2017-05-25 19:53:39','2017-05-25 19:53:39'),(3292,23,3292,2,1.4876,0.495868,1,45.4084,'2017-05-25 19:53:40','2017-05-25 19:53:40'),(3293,20,3293,2,6.94215,0.495868,1,80.9086,'2017-05-25 19:53:40','2017-05-25 19:53:40'),(3294,15,3294,12,18.595,0.247934,0.6,80.9086,'2017-05-25 19:53:40','2017-05-25 19:53:40'),(3295,18,3297,12,11.157,0.247934,0.6,76.3675,'2017-05-25 19:53:40','2017-05-25 19:53:40'),(3296,21,3296,15,5.33058,0.123967,0.15,50.9692,'2017-05-25 19:53:40','2017-05-25 19:53:40'),(3297,19,3295,15,9.04959,0.123967,0.3,85.7197,'2017-05-25 19:53:40','2017-05-25 19:53:40'),(3298,17,3298,16,13.1405,0.247934,0.6,76.3675,'2017-05-25 19:53:40','2017-05-25 19:53:40'),(3299,16,3300,15,15.3719,0.247934,1,969.807,'2017-05-25 19:53:40','2017-05-25 19:53:40'),(3300,22,3299,6,3.47107,0.495868,1,101.938,'2017-05-25 19:53:40','2017-05-25 19:53:40'),(3301,23,3301,6,1.4876,0.495868,1,68.0357,'2017-05-25 19:53:40','2017-05-25 19:53:40'),(3302,15,3302,2,18.843,0.495868,1,64.2172,'2017-05-25 19:53:40','2017-05-25 19:53:40'),(3303,18,3304,15,11.281,0.123967,0.15,48.1085,'2017-05-25 19:53:40','2017-05-25 19:53:40'),(3304,20,3303,15,7.06612,0.123967,0.3,80.9086,'2017-05-25 19:53:40','2017-05-25 19:53:40'),(3305,21,3305,2,5.45455,0.495868,1,50.9692,'2017-05-25 19:53:40','2017-05-25 19:53:40'),(3306,19,3306,16,9.17355,0.247934,0.6,85.7197,'2017-05-25 19:53:40','2017-05-25 19:53:40'),(3307,22,3309,15,3.59504,0.123967,0.3,80.9086,'2017-05-25 19:53:40','2017-05-25 19:53:40'),(3308,17,3308,15,13.2645,0.123967,0.15,50.9692,'2017-05-25 19:53:40','2017-05-25 19:53:40'),(3309,16,3307,15,15.4959,0.123967,0.3,101.938,'2017-05-25 19:53:40','2017-05-25 19:53:40'),(3310,23,3310,15,1.61157,0.123967,0.3,45.4084,'2017-05-25 19:53:40','2017-05-25 19:53:40'),(3311,15,3311,15,18.9669,0.123967,0.3,64.2172,'2017-05-25 19:53:40','2017-05-25 19:53:40'),(3312,21,3314,6,5.45455,0.495868,1,76.3675,'2017-05-25 19:53:40','2017-05-25 19:53:40'),(3313,18,3312,2,11.405,0.495868,1,32.1086,'2017-05-25 19:53:40','2017-05-25 19:53:40'),(3314,20,3313,15,7.19008,0.247934,0.6,96.2171,'2017-05-25 19:53:40','2017-05-25 19:53:40'),(3315,19,3315,15,9.29752,0.123967,0.15,72.0814,'2017-05-25 19:53:40','2017-05-25 19:53:40'),(3316,22,3316,16,3.71901,0.247934,0.6,80.9086,'2017-05-25 19:53:40','2017-05-25 19:53:40'),(3317,17,3317,2,13.3884,0.495868,1,60.6129,'2017-05-25 19:53:40','2017-05-25 19:53:40'),(3318,23,3318,15,1.73554,0.247934,0.6,57.211,'2017-05-25 19:53:40','2017-05-25 19:53:40'),(3319,20,3323,15,7.19008,0.247934,0.5,969.807,'2017-05-25 19:53:41','2017-05-25 19:53:41'),(3320,21,3321,15,5.57851,0.123967,0.3,50.9692,'2017-05-25 19:53:41','2017-05-25 19:53:41'),(3321,15,3319,15,19.0909,0.247934,0.6,80.9086,'2017-05-25 19:53:41','2017-05-25 19:53:41'),(3322,19,3324,2,9.42149,0.495868,1,72.0814,'2017-05-25 19:53:41','2017-05-25 19:53:41'),(3323,24,3320,2,0,0.495868,1,45.4084,'2017-05-25 19:53:41','2017-05-25 19:53:41'),(3324,18,3322,6,11.405,0.495868,1,76.3675,'2017-05-25 19:53:41','2017-05-25 19:53:41'),(3325,17,3326,6,13.3884,0.495868,1,76.3675,'2017-05-25 19:53:41','2017-05-25 19:53:41'),(3326,22,3325,2,3.96694,0.495868,1,68.0357,'2017-05-25 19:53:41','2017-05-25 19:53:41'),(3327,23,3327,2,1.98347,0.495868,1,45.4084,'2017-05-25 19:53:41','2017-05-25 19:53:41'),(3328,15,3329,15,19.2149,0.123967,0.15,32.1086,'2017-05-25 19:53:41','2017-05-25 19:53:41'),(3329,24,3331,14,0,1.98347,1,45.4084,'2017-05-25 19:53:41','2017-05-25 19:53:41'),(3330,19,3332,6,9.42149,0.495868,1,114.422,'2017-05-25 19:53:41','2017-05-25 19:53:41'),(3331,20,3330,15,7.31405,0.123967,0.15,80.9086,'2017-05-25 19:53:41','2017-05-25 19:53:41'),(3332,21,3328,16,5.70248,0.247934,0.6,64.2172,'2017-05-25 19:53:41','2017-05-25 19:53:41'),(3333,18,3333,15,11.5289,0.123967,0.3,64.2172,'2017-05-25 19:53:41','2017-05-25 19:53:41'),(3334,22,3334,15,4.09091,0.123967,0.3,72.0814,'2017-05-25 19:53:41','2017-05-25 19:53:41'),(3335,17,3335,15,13.5124,0.123967,0.3,121.226,'2017-05-25 19:53:41','2017-05-25 19:53:41'),(3336,23,3336,16,2.23141,0.247934,0.6,57.211,'2017-05-25 19:53:41','2017-05-25 19:53:41'),(3337,20,3337,2,7.43802,0.495868,1,80.9086,'2017-05-25 19:53:41','2017-05-25 19:53:41'),(3338,19,3338,15,9.54545,0.123967,0.3,85.7197,'2017-05-25 19:53:41','2017-05-25 19:53:41'),(3339,15,3342,2,19.3388,0.495868,1,64.2172,'2017-05-25 19:53:41','2017-05-25 19:53:41'),(3340,24,3341,15,0.123967,0.123967,0.3,54,'2017-05-25 19:53:41','2017-05-25 19:53:41'),(3341,21,3339,2,5.95041,0.495868,1,50.9692,'2017-05-25 19:53:41','2017-05-25 19:53:41'),(3342,22,3343,16,4.21488,0.247934,0.6,85.7197,'2017-05-25 19:53:41','2017-05-25 19:53:41'),(3343,18,3340,16,11.6529,0.247934,0.6,76.3675,'2017-05-25 19:53:41','2017-05-25 19:53:41'),(3344,17,3344,16,13.6364,0.247934,0.6,76.3675,'2017-05-25 19:53:41','2017-05-25 19:53:41'),(3345,20,3345,6,7.43802,0.495868,1,121.226,'2017-05-25 19:53:41','2017-05-25 19:53:41'),(3346,19,3348,15,9.66942,0.247934,0.6,85.7197,'2017-05-25 19:53:41','2017-05-25 19:53:41'),(3347,22,3351,15,4.33884,0.123967,0.15,72.0814,'2017-05-25 19:53:41','2017-05-25 19:53:41'),(3348,23,3346,15,2.35537,0.123967,0.15,45.4084,'2017-05-25 19:53:41','2017-05-25 19:53:41'),(3349,18,3352,2,11.9008,0.495868,1,32.1086,'2017-05-25 19:53:41','2017-05-25 19:53:41'),(3350,15,3347,6,19.3388,0.495868,1,96.2171,'2017-05-25 19:53:41','2017-05-25 19:53:41'),(3351,24,3349,4,0.247934,0.247934,0.6,54,'2017-05-25 19:53:41','2017-05-25 19:53:41'),(3352,21,3350,15,6.07438,0.123967,0.3,50.9692,'2017-05-25 19:53:42','2017-05-25 19:53:42'),(3353,17,3353,2,13.8843,0.495868,1,60.6129,'2017-05-25 19:53:42','2017-05-25 19:53:42'),(3354,20,3354,15,7.43802,0.247934,0.8,484.904,'2017-05-25 19:53:42','2017-05-25 19:53:42'),(3355,22,3356,2,4.46281,0.495868,1,72.0814,'2017-05-25 19:53:42','2017-05-25 19:53:42'),(3356,19,3355,2,9.91736,0.495868,1,72.0814,'2017-05-25 19:53:42','2017-05-25 19:53:42'),(3357,24,3358,2,0.495868,0.495868,1,45.4084,'2017-05-25 19:53:42','2017-05-25 19:53:42'),(3358,18,3357,15,12.0248,0.123967,0.3,68.0357,'2017-05-25 19:53:42','2017-05-25 19:53:42'),(3359,23,3360,2,2.47934,0.495868,1,45.4084,'2017-05-25 19:53:42','2017-05-25 19:53:42'),(3360,21,3359,16,6.19835,0.247934,0.6,64.2172,'2017-05-25 19:53:42','2017-05-25 19:53:42'),(3361,17,3361,15,14.0083,0.123967,0.3,121.226,'2017-05-25 19:53:42','2017-05-25 19:53:42'),(3362,15,3362,15,19.4628,0.123967,0.3,64.2172,'2017-05-25 19:53:42','2017-05-25 19:53:42'),(3363,20,3363,15,7.56198,0.123967,0.3,80.9086,'2017-05-25 19:53:42','2017-05-25 19:53:42'),(3364,18,3366,12,12.1488,0.247934,0.6,68.0357,'2017-05-25 19:53:42','2017-05-25 19:53:42'),(3365,22,3365,6,4.46281,0.495868,1,108,'2017-05-25 19:53:42','2017-05-25 19:53:42'),(3366,23,3367,6,2.47934,0.495868,1,68.0357,'2017-05-25 19:53:42','2017-05-25 19:53:42'),(3367,24,3369,6,0.495868,0.495868,1,68.0357,'2017-05-25 19:53:42','2017-05-25 19:53:42'),(3368,19,3364,15,10.0413,0.123967,0.3,85.7197,'2017-05-25 19:53:43','2017-05-25 19:53:43'),(3369,21,3368,15,6.32231,0.123967,0.15,50.9692,'2017-05-25 19:53:43','2017-05-25 19:53:43'),(3370,17,3370,15,14.1322,0.247934,0.6,76.3675,'2017-05-25 19:53:43','2017-05-25 19:53:43'),(3371,15,3371,15,19.5868,0.247934,0.6,80.9086,'2017-05-25 19:53:43','2017-05-25 19:53:43'),(3372,20,3372,15,7.68595,0.247934,0.6,96.2171,'2017-05-25 19:53:43','2017-05-25 19:53:43'),(3373,23,3374,15,2.60331,0.123967,0.3,45.4084,'2017-05-25 19:53:43','2017-05-25 19:53:43'),(3374,18,3375,15,12.2727,0.123967,0.15,50.9692,'2017-05-25 19:53:43','2017-05-25 19:53:43'),(3375,24,3376,15,0.743802,0.247934,0.6,54,'2017-05-25 19:53:43','2017-05-25 19:53:43'),(3376,19,3377,16,10.1653,0.247934,0.6,85.7197,'2017-05-25 19:53:43','2017-05-25 19:53:43'),(3377,22,3373,15,4.58678,0.123967,0.3,72.0814,'2017-05-25 19:53:43','2017-05-25 19:53:43'),(3378,21,3378,2,6.44628,0.495868,1,50.9692,'2017-05-25 19:53:43','2017-05-25 19:53:43'),(3379,17,3379,15,14.2562,0.123967,0.15,50.9692,'2017-05-25 19:53:43','2017-05-25 19:53:43'),(3380,15,3380,2,19.8347,0.495868,1,64.2172,'2017-05-25 19:53:43','2017-05-25 19:53:43'),(3381,24,3384,15,0.867769,0.123967,0.15,45.4084,'2017-05-25 19:53:43','2017-05-25 19:53:43'),(3382,18,3383,2,12.3967,0.495868,1,50.9692,'2017-05-25 19:53:43','2017-05-25 19:53:43'),(3383,22,3386,15,4.71074,0.247934,0.6,85.7197,'2017-05-25 19:53:43','2017-05-25 19:53:43'),(3384,23,3381,15,2.72727,0.247934,0.6,57.211,'2017-05-25 19:53:43','2017-05-25 19:53:43'),(3385,20,3382,2,7.93388,0.495868,1,80.9086,'2017-05-25 19:53:43','2017-05-25 19:53:43'),(3386,19,3385,15,10.2893,0.123967,0.15,72.0814,'2017-05-25 19:53:43','2017-05-25 19:53:43'),(3387,17,3388,2,14.3802,0.495868,1,60.6129,'2017-05-25 19:53:43','2017-05-25 19:53:43'),(3388,21,3387,6,6.44628,0.495868,1,76.3675,'2017-05-25 19:53:43','2017-05-25 19:53:43'),(3389,18,3391,6,12.3967,0.495868,1,80.9086,'2017-05-25 19:53:43','2017-05-25 19:53:43'),(3390,24,3390,2,0.991736,0.495868,1,45.4084,'2017-05-25 19:53:43','2017-05-25 19:53:43'),(3391,15,3389,15,19.9587,0.123967,0.3,64.2172,'2017-05-25 19:53:43','2017-05-25 19:53:43'),(3392,23,3392,2,2.97521,0.495868,1,45.4084,'2017-05-25 19:53:43','2017-05-25 19:53:43'),(3393,22,3394,2,4.95868,0.495868,1,72.0814,'2017-05-25 19:53:43','2017-05-25 19:53:43'),(3394,17,3396,6,14.3802,0.495868,1,76.3675,'2017-05-25 19:53:43','2017-05-25 19:53:43'),(3395,19,3395,2,10.4132,0.495868,1,72.0814,'2017-05-25 19:53:43','2017-05-25 19:53:43'),(3396,20,3393,15,8.05785,0.123967,0.3,85.7197,'2017-05-25 19:53:43','2017-05-25 19:53:43'),(3397,21,3397,15,6.57025,0.123967,0.3,50.9692,'2017-05-25 19:53:43','2017-05-25 19:53:43'),(3398,18,3398,15,12.5207,0.123967,0.3,68.0357,'2017-05-25 19:53:44','2017-05-25 19:53:44'),(3399,24,3400,15,1.1157,0.123967,0.3,54,'2017-05-25 19:53:44','2017-05-25 19:53:44'),(3400,15,3399,15,20.0826,0.247934,0.6,80.9086,'2017-05-25 19:53:44','2017-05-25 19:53:44'),(3401,17,3404,15,14.5041,0.123967,0.3,121.226,'2017-05-25 19:53:44','2017-05-25 19:53:44'),(3402,22,3401,15,5.08264,0.123967,0.3,72.0814,'2017-05-25 19:53:44','2017-05-25 19:53:44'),(3403,19,3403,6,10.4132,0.495868,1,114.422,'2017-05-25 19:53:44','2017-05-25 19:53:44'),(3404,23,3402,15,3.09917,0.123967,0.3,45.4084,'2017-05-25 19:53:44','2017-05-25 19:53:44'),(3405,20,3405,15,8.18182,0.247934,0.6,101.938,'2017-05-25 19:53:44','2017-05-25 19:53:44'),(3406,21,3406,15,6.69421,0.247934,0.6,64.2172,'2017-05-25 19:53:44','2017-05-25 19:53:44'),(3407,18,3408,15,12.6446,0.247934,0.6,68.0357,'2017-05-25 19:53:44','2017-05-25 19:53:44'),(3408,15,3407,15,20.2066,0.123967,0.15,32.1086,'2017-05-25 19:53:44','2017-05-25 19:53:44'),(3409,24,3409,15,1.23967,0.247934,0.6,54,'2017-05-25 19:53:44','2017-05-25 19:53:44'),(3410,17,3410,15,14.6281,0.247934,0.6,76.3675,'2017-05-25 19:53:44','2017-05-25 19:53:44'),(3411,20,3414,15,8.30579,0.123967,0.15,64.2172,'2017-05-25 19:53:44','2017-05-25 19:53:44'),(3412,19,3411,15,10.5372,0.123967,0.3,85.7197,'2017-05-25 19:53:44','2017-05-25 19:53:44'),(3413,22,3413,16,5.20661,0.247934,0.6,85.7197,'2017-05-25 19:53:44','2017-05-25 19:53:44'),(3414,23,3412,15,3.22314,0.247934,0.6,57.211,'2017-05-25 19:53:44','2017-05-25 19:53:44'),(3415,21,3415,2,6.94215,0.495868,1,50.9692,'2017-05-25 19:53:44','2017-05-25 19:53:44'),(3416,18,3416,2,12.8926,0.495868,1,50.9692,'2017-05-25 19:53:44','2017-05-25 19:53:44'),(3417,15,3417,2,20.3306,0.495868,1,64.2172,'2017-05-25 19:53:44','2017-05-25 19:53:44'),(3418,24,3418,15,1.36364,0.123967,0.15,45.4084,'2017-05-25 19:53:44','2017-05-25 19:53:44'),(3419,19,3420,16,10.6612,0.247934,0.6,85.7197,'2017-05-25 19:53:44','2017-05-25 19:53:44'),(3420,17,3419,2,14.876,0.495868,1,60.6129,'2017-05-25 19:53:44','2017-05-25 19:53:44'),(3421,20,3421,2,8.42975,0.495868,1,85.7197,'2017-05-25 19:53:44','2017-05-25 19:53:44'),(3422,23,3423,15,3.34711,0.123967,0.15,45.4084,'2017-05-25 19:53:44','2017-05-25 19:53:44'),(3423,22,3422,4,5.33058,0.123967,0.15,72.0814,'2017-05-25 19:53:44','2017-05-25 19:53:44'),(3424,21,3424,15,7.06612,0.123967,0.3,50.9692,'2017-05-25 19:53:44','2017-05-25 19:53:44'),(3425,15,3426,6,20.3306,0.495868,1,96.2171,'2017-05-25 19:53:44','2017-05-25 19:53:44'),(3426,18,3425,15,13.0165,0.123967,0.3,68.0357,'2017-05-25 19:53:44','2017-05-25 19:53:44'),(3427,24,3427,2,1.4876,0.495868,1,45.4084,'2017-05-25 19:53:44','2017-05-25 19:53:44'),(3428,23,3432,2,3.47107,0.495868,1,45.4084,'2017-05-25 19:53:44','2017-05-25 19:53:44'),(3429,19,3429,2,10.9091,0.495868,1,72.0814,'2017-05-25 19:53:44','2017-05-25 19:53:44'),(3430,17,3428,15,15,0.123967,0.3,121.226,'2017-05-25 19:53:44','2017-05-25 19:53:44'),(3431,20,3431,6,8.42975,0.495868,1,101.938,'2017-05-25 19:53:44','2017-05-25 19:53:44'),(3432,22,3430,2,5.45455,0.495868,1,72.0814,'2017-05-25 19:53:44','2017-05-25 19:53:44'),(3433,21,3433,12,7.19008,0.247934,0.6,64.2172,'2017-05-25 19:53:45','2017-05-25 19:53:45'),(3434,15,3434,15,20.4545,0.123967,0.3,64.2172,'2017-05-25 19:53:45','2017-05-25 19:53:45'),(3435,24,3435,6,1.4876,0.495868,1,68.0357,'2017-05-25 19:53:45','2017-05-25 19:53:45'),(3436,18,3436,12,13.1405,0.247934,0.6,68.0357,'2017-05-25 19:53:45','2017-05-25 19:53:45'),(3437,23,3437,6,3.47107,0.495868,1,68.0357,'2017-05-25 19:53:45','2017-05-25 19:53:45'),(3438,17,3439,16,15.124,0.247934,0.6,76.3675,'2017-05-25 19:53:45','2017-05-25 19:53:45'),(3439,19,3441,15,11.0331,0.123967,0.3,85.7197,'2017-05-25 19:53:45','2017-05-25 19:53:45'),(3440,20,3438,15,8.55372,0.123967,0.3,85.7197,'2017-05-25 19:53:45','2017-05-25 19:53:45'),(3441,22,3440,6,5.45455,0.495868,1,108,'2017-05-25 19:53:45','2017-05-25 19:53:45'),(3442,21,3442,15,7.19008,0.247934,0.5,610.94,'2017-05-25 19:53:45','2017-05-25 19:53:45'),(3443,15,3443,15,20.5785,0.247934,0.6,80.9086,'2017-05-25 19:53:45','2017-05-25 19:53:45'),(3444,25,3444,2,0,0.495868,1,60.6129,'2017-05-25 19:53:45','2017-05-25 19:53:45'),(3445,23,3447,15,3.59504,0.123967,0.3,45.4084,'2017-05-25 19:53:45','2017-05-25 19:53:45'),(3446,18,3445,15,13.2645,0.123967,0.15,50.9692,'2017-05-25 19:53:45','2017-05-25 19:53:45'),(3447,24,3446,15,1.61157,0.123967,0.3,54,'2017-05-25 19:53:45','2017-05-25 19:53:45'),(3448,17,3448,15,15.124,0.247934,0.5,305.47,'2017-05-25 19:53:45','2017-05-25 19:53:45'),(3449,20,3449,16,8.67769,0.247934,0.6,101.938,'2017-05-25 19:53:45','2017-05-25 19:53:45'),(3450,19,3450,15,11.157,0.247934,0.6,85.7197,'2017-05-25 19:53:45','2017-05-25 19:53:45'),(3451,22,3451,15,5.57851,0.123967,0.3,72.0814,'2017-05-25 19:53:45','2017-05-25 19:53:45'),(3452,21,3452,15,7.31405,0.123967,0.15,50.9692,'2017-05-25 19:53:45','2017-05-25 19:53:45'),(3453,15,3453,2,20.8264,0.495868,1,64.2172,'2017-05-25 19:53:45','2017-05-25 19:53:45'),(3454,24,3457,15,1.73554,0.247934,0.6,54,'2017-05-25 19:53:45','2017-05-25 19:53:45'),(3455,25,3454,14,0,1.98347,1,60.6129,'2017-05-25 19:53:45','2017-05-25 19:53:45'),(3456,23,3455,12,3.71901,0.247934,0.6,57.211,'2017-05-25 19:53:45','2017-05-25 19:53:45'),(3457,18,3456,2,13.3884,0.495868,1,50.9692,'2017-05-25 19:53:45','2017-05-25 19:53:45'),(3458,17,3459,15,15.2479,0.123967,0.15,50.9692,'2017-05-25 19:53:45','2017-05-25 19:53:45'),(3459,22,3460,15,5.70248,0.247934,0.6,85.7197,'2017-05-25 19:53:45','2017-05-25 19:53:45'),(3460,19,3458,15,11.281,0.123967,0.15,72.0814,'2017-05-25 19:53:45','2017-05-25 19:53:45'),(3461,20,3461,2,8.92562,0.495868,1,85.7197,'2017-05-25 19:53:45','2017-05-25 19:53:45'),(3462,15,3462,15,20.9504,0.123967,0.3,64.2172,'2017-05-25 19:53:45','2017-05-25 19:53:45'),(3463,21,3463,2,7.43802,0.495868,1,50.9692,'2017-05-25 19:53:45','2017-05-25 19:53:45'),(3464,25,3465,15,0.123967,0.123967,0.3,121.226,'2017-05-25 19:53:45','2017-05-25 19:53:45'),(3465,23,3466,2,3.96694,0.495868,1,45.4084,'2017-05-25 19:53:45','2017-05-25 19:53:45'),(3466,24,3464,2,1.98347,0.495868,1,45.4084,'2017-05-25 19:53:45','2017-05-25 19:53:45'),(3467,18,3467,6,13.3884,0.495868,1,80.9086,'2017-05-25 19:53:45','2017-05-25 19:53:45'),(3468,17,3470,2,15.3719,0.495868,1,60.6129,'2017-05-25 19:53:46','2017-05-25 19:53:46'),(3469,22,3471,2,5.95041,0.495868,1,72.0814,'2017-05-25 19:53:46','2017-05-25 19:53:46'),(3470,20,3469,15,9.04959,0.123967,0.3,85.7197,'2017-05-25 19:53:46','2017-05-25 19:53:46'),(3471,19,3468,2,11.405,0.495868,1,72.0814,'2017-05-25 19:53:46','2017-05-25 19:53:46'),(3472,15,3472,15,21.0744,0.247934,0.6,80.9086,'2017-05-25 19:53:46','2017-05-25 19:53:46'),(3473,21,3473,6,7.43802,0.495868,1,76.3675,'2017-05-25 19:53:46','2017-05-25 19:53:46'),(3474,25,3474,15,0.247934,0.247934,0.6,76.3675,'2017-05-25 19:53:46','2017-05-25 19:53:46'),(3475,24,3477,15,2.23141,0.247934,0.6,54,'2017-05-25 19:53:46','2017-05-25 19:53:46'),(3476,18,3475,15,13.5124,0.123967,0.3,68.0357,'2017-05-25 19:53:46','2017-05-25 19:53:46'),(3477,23,3476,15,4.09091,0.123967,0.3,45.4084,'2017-05-25 19:53:46','2017-05-25 19:53:46'),(3478,17,3478,6,15.3719,0.495868,1,76.3675,'2017-05-25 19:53:46','2017-05-25 19:53:46'),(3479,19,3480,6,11.405,0.495868,1,114.422,'2017-05-25 19:53:46','2017-05-25 19:53:46'),(3480,22,3481,15,6.07438,0.123967,0.3,72.0814,'2017-05-25 19:53:46','2017-05-25 19:53:46'),(3481,20,3479,15,9.17355,0.247934,0.6,101.938,'2017-05-25 19:53:46','2017-05-25 19:53:46'),(3482,15,3482,15,21.1983,0.123967,0.15,32.1086,'2017-05-25 19:53:46','2017-05-25 19:53:46'),(3483,25,3484,2,0.495868,0.495868,1,60.6129,'2017-05-25 19:53:46','2017-05-25 19:53:46'),(3484,21,3483,15,7.43802,0.247934,0.8,305.47,'2017-05-25 19:53:46','2017-05-25 19:53:46'),(3485,23,3487,15,4.21488,0.247934,0.6,57.211,'2017-05-25 19:53:46','2017-05-25 19:53:46'),(3486,18,3485,16,13.6364,0.247934,0.6,68.0357,'2017-05-25 19:53:46','2017-05-25 19:53:46'),(3487,24,3486,15,2.35537,0.123967,0.15,45.4084,'2017-05-25 19:53:46','2017-05-25 19:53:46'),(3488,19,3489,15,11.5289,0.123967,0.3,85.7197,'2017-05-25 19:53:46','2017-05-25 19:53:46'),(3489,20,3490,15,9.29752,0.123967,0.15,64.2172,'2017-05-25 19:53:46','2017-05-25 19:53:46'),(3490,17,3488,4,15.3719,0.247934,1,305.47,'2017-05-25 19:53:46','2017-05-25 19:53:46'),(3491,22,3491,15,6.19835,0.247934,0.6,85.7197,'2017-05-25 19:53:46','2017-05-25 19:53:46'),(3492,15,3492,2,21.3223,0.495868,1,64.2172,'2017-05-25 19:53:46','2017-05-25 19:53:46'),(3493,21,3494,15,7.56198,0.123967,0.3,50.9692,'2017-05-25 19:53:46','2017-05-25 19:53:46'),(3494,25,3493,6,0.495868,0.495868,1,90.8168,'2017-05-25 19:53:46','2017-05-25 19:53:46'),(3495,23,3495,15,4.33884,0.123967,0.15,45.4084,'2017-05-25 19:53:46','2017-05-25 19:53:46'),(3496,18,3496,2,13.8843,0.495868,1,50.9692,'2017-05-25 19:53:46','2017-05-25 19:53:46'),(3497,24,3497,2,2.47934,0.495868,1,45.4084,'2017-05-25 19:53:46','2017-05-25 19:53:46'),(3498,19,3498,12,11.6529,0.247934,0.6,85.7197,'2017-05-25 19:53:46','2017-05-25 19:53:46'),(3499,20,3500,2,9.42149,0.495868,1,85.7197,'2017-05-25 19:53:46','2017-05-25 19:53:46'),(3500,17,3499,15,15.4959,0.123967,0.3,121.226,'2017-05-25 19:53:46','2017-05-25 19:53:46'),(3501,21,3502,15,7.68595,0.247934,0.6,64.2172,'2017-05-25 19:53:46','2017-05-25 19:53:46'),(3502,15,3501,6,21.3223,0.495868,1,96.2171,'2017-05-25 19:53:46','2017-05-25 19:53:46'),(3503,25,3503,15,0.743802,0.247934,0.6,76.3675,'2017-05-25 19:53:46','2017-05-25 19:53:46'),(3504,22,3504,15,6.32231,0.123967,0.15,72.0814,'2017-05-25 19:53:46','2017-05-25 19:53:46'),(3505,23,3505,2,4.46281,0.495868,1,45.4084,'2017-05-25 19:53:46','2017-05-25 19:53:46'),(3506,24,3506,6,2.47934,0.495868,1,68.0357,'2017-05-25 19:53:47','2017-05-25 19:53:47'),(3507,18,3507,15,14.0083,0.123967,0.3,68.0357,'2017-05-25 19:53:47','2017-05-25 19:53:47'),(3508,19,3508,2,11.9008,0.495868,1,72.0814,'2017-05-25 19:53:47','2017-05-25 19:53:47'),(3509,20,3509,6,9.42149,0.495868,1,101.938,'2017-05-25 19:53:47','2017-05-25 19:53:47'),(3510,17,3510,15,15.6198,0.247934,0.6,76.3675,'2017-05-25 19:53:47','2017-05-25 19:53:47'),(3511,15,3511,15,21.4463,0.123967,0.3,64.2172,'2017-05-25 19:53:47','2017-05-25 19:53:47'),(3512,21,3512,2,7.93388,0.495868,1,50.9692,'2017-05-25 19:53:47','2017-05-25 19:53:47'),(3513,22,3514,2,6.44628,0.495868,1,72.0814,'2017-05-25 19:53:47','2017-05-25 19:53:47'),(3514,25,3513,15,0.867769,0.123967,0.15,60.6129,'2017-05-25 19:53:47','2017-05-25 19:53:47'),(3515,23,3515,6,4.46281,0.495868,1,68.0357,'2017-05-25 19:53:47','2017-05-25 19:53:47'),(3516,24,3516,15,2.60331,0.123967,0.3,54,'2017-05-25 19:53:47','2017-05-25 19:53:47'),(3517,20,3519,15,9.54545,0.123967,0.3,85.7197,'2017-05-25 19:53:47','2017-05-25 19:53:47'),(3518,19,3517,15,12.0248,0.123967,0.3,80.9086,'2017-05-25 19:53:47','2017-05-25 19:53:47'),(3519,18,3518,15,14.1322,0.247934,0.6,68.0357,'2017-05-25 19:53:47','2017-05-25 19:53:47'),(3520,17,3520,2,15.8678,0.495868,1,60.6129,'2017-05-25 19:53:47','2017-05-25 19:53:47'),(3521,15,3521,15,21.5702,0.247934,0.6,80.9086,'2017-05-25 19:53:47','2017-05-25 19:53:47'),(3522,21,3523,15,8.05785,0.123967,0.3,57.211,'2017-05-25 19:53:47','2017-05-25 19:53:47'),(3523,25,3524,2,0.991736,0.495868,1,60.6129,'2017-05-25 19:53:47','2017-05-25 19:53:47'),(3524,22,3522,6,6.44628,0.495868,1,108,'2017-05-25 19:53:47','2017-05-25 19:53:47'),(3525,24,3525,15,2.72727,0.247934,0.6,54,'2017-05-25 19:53:47','2017-05-25 19:53:47'),(3526,23,3526,15,4.58678,0.123967,0.3,45.4084,'2017-05-25 19:53:47','2017-05-25 19:53:47'),(3527,20,3527,15,9.66942,0.247934,0.6,101.938,'2017-05-25 19:53:47','2017-05-25 19:53:47'),(3528,18,3528,15,14.2562,0.123967,0.15,50.9692,'2017-05-25 19:53:47','2017-05-25 19:53:47'),(3529,15,3530,2,21.8182,0.495868,1,64.2172,'2017-05-25 19:53:47','2017-05-25 19:53:47'),(3530,19,3529,15,12.1488,0.247934,0.6,101.938,'2017-05-25 19:53:47','2017-05-25 19:53:47'),(3531,21,3531,15,8.18182,0.247934,0.6,114.422,'2017-05-25 19:53:47','2017-05-25 19:53:47'),(3532,17,3532,15,15.9917,0.123967,0.3,114.422,'2017-05-25 19:53:47','2017-05-25 19:53:47'),(3533,25,3533,15,1.1157,0.123967,0.3,121.226,'2017-05-25 19:53:47','2017-05-25 19:53:47'),(3534,22,3534,15,6.57025,0.123967,0.3,72.0814,'2017-05-25 19:53:47','2017-05-25 19:53:47'),(3535,23,3536,12,4.71074,0.247934,0.6,57.211,'2017-05-25 19:53:47','2017-05-25 19:53:47'),(3536,24,3535,2,2.97521,0.495868,1,45.4084,'2017-05-25 19:53:47','2017-05-25 19:53:47'),(3537,18,3538,2,14.3802,0.495868,1,50.9692,'2017-05-25 19:53:47','2017-05-25 19:53:47'),(3538,20,3537,2,9.91736,0.495868,1,85.7197,'2017-05-25 19:53:47','2017-05-25 19:53:47'),(3539,15,3539,15,21.9421,0.123967,0.3,64.2172,'2017-05-25 19:53:48','2017-05-25 19:53:48'),(3540,19,3540,15,12.2727,0.123967,0.15,68.0357,'2017-05-25 19:53:48','2017-05-25 19:53:48'),(3541,25,3542,15,1.23967,0.247934,0.6,76.3675,'2017-05-25 19:53:48','2017-05-25 19:53:48'),(3542,17,3543,16,16.1157,0.247934,0.6,72.0814,'2017-05-25 19:53:48','2017-05-25 19:53:48'),(3543,21,3541,15,8.30579,0.123967,0.15,48.1085,'2017-05-25 19:53:48','2017-05-25 19:53:48'),(3544,23,3545,2,4.95868,0.495868,1,45.4084,'2017-05-25 19:53:48','2017-05-25 19:53:48'),(3545,22,3544,16,6.69421,0.247934,0.6,85.7197,'2017-05-25 19:53:48','2017-05-25 19:53:48'),(3546,24,3546,15,3.09917,0.123967,0.3,54,'2017-05-25 19:53:48','2017-05-25 19:53:48'),(3547,18,3547,6,14.3802,0.495868,1,80.9086,'2017-05-25 19:53:48','2017-05-25 19:53:48'),(3548,15,3549,15,22.0661,0.247934,0.6,80.9086,'2017-05-25 19:53:48','2017-05-25 19:53:48'),(3549,20,3548,4,10.0413,0.123967,0.3,85.7197,'2017-05-25 19:53:48','2017-05-25 19:53:48'),(3550,17,3550,15,16.2397,0.123967,0.15,57.211,'2017-05-25 19:53:48','2017-05-25 19:53:48'),(3551,25,3551,15,1.36364,0.123967,0.15,60.6129,'2017-05-25 19:53:48','2017-05-25 19:53:48'),(3552,19,3552,2,12.3967,0.495868,1,80.9086,'2017-05-25 19:53:48','2017-05-25 19:53:48'),(3553,21,3553,2,8.42975,0.495868,1,48.1085,'2017-05-25 19:53:48','2017-05-25 19:53:48'),(3554,23,3554,15,5.08264,0.123967,0.3,45.4084,'2017-05-25 19:53:48','2017-05-25 19:53:48'),(3555,24,3555,15,3.22314,0.247934,0.6,54,'2017-05-25 19:53:48','2017-05-25 19:53:48'),(3556,22,3556,2,6.94215,0.495868,1,72.0814,'2017-05-25 19:53:48','2017-05-25 19:53:48'),(3557,18,3557,15,14.5041,0.123967,0.3,68.0357,'2017-05-25 19:53:48','2017-05-25 19:53:48'),(3558,20,3559,15,10.1653,0.247934,0.6,101.938,'2017-05-25 19:53:48','2017-05-25 19:53:48'),(3559,17,3560,2,16.3636,0.495868,1,57.211,'2017-05-25 19:53:48','2017-05-25 19:53:48'),(3560,15,3558,15,22.1901,0.123967,0.15,32.1086,'2017-05-25 19:53:48','2017-05-25 19:53:48'),(3561,21,3562,6,8.42975,0.495868,1,76.3675,'2017-05-25 19:53:48','2017-05-25 19:53:48'),(3562,19,3561,6,12.3967,0.495868,1,101.938,'2017-05-25 19:53:48','2017-05-25 19:53:48'),(3563,25,3563,2,1.4876,0.495868,1,60.6129,'2017-05-25 19:53:48','2017-05-25 19:53:48'),(3564,23,3564,15,5.20661,0.247934,0.6,57.211,'2017-05-25 19:53:48','2017-05-25 19:53:48'),(3565,24,3565,15,3.34711,0.123967,0.15,45.4084,'2017-05-25 19:53:48','2017-05-25 19:53:48'),(3566,22,3566,15,7.06612,0.123967,0.3,72.0814,'2017-05-25 19:53:48','2017-05-25 19:53:48'),(3567,18,3567,15,14.6281,0.247934,0.6,68.0357,'2017-05-25 19:53:48','2017-05-25 19:53:48'),(3568,15,3568,2,22.314,0.495868,1,64.2172,'2017-05-25 19:53:48','2017-05-25 19:53:48'),(3569,20,3569,15,10.2893,0.123967,0.15,64.2172,'2017-05-25 19:53:48','2017-05-25 19:53:48'),(3570,17,3570,6,16.3636,0.495868,1,85.7197,'2017-05-25 19:53:48','2017-05-25 19:53:48'),(3571,21,3571,15,8.55372,0.123967,0.3,57.211,'2017-05-25 19:53:48','2017-05-25 19:53:48'),(3572,19,3573,15,12.5207,0.123967,0.3,80.9086,'2017-05-25 19:53:48','2017-05-25 19:53:48'),(3573,23,3574,15,5.33058,0.123967,0.15,45.4084,'2017-05-25 19:53:48','2017-05-25 19:53:48'),(3574,25,3572,6,1.4876,0.495868,1,90.8168,'2017-05-25 19:53:48','2017-05-25 19:53:48'),(3575,24,3575,2,3.47107,0.495868,1,45.4084,'2017-05-25 19:53:49','2017-05-25 19:53:49'),(3576,22,3576,15,7.19008,0.247934,0.6,85.7197,'2017-05-25 19:53:49','2017-05-25 19:53:49'),(3577,18,3577,2,14.876,0.495868,1,50.9692,'2017-05-25 19:53:49','2017-05-25 19:53:49'),(3578,20,3578,2,10.4132,0.495868,1,85.7197,'2017-05-25 19:53:49','2017-05-25 19:53:49'),(3579,15,3579,6,22.314,0.495868,1,96.2171,'2017-05-25 19:53:49','2017-05-25 19:53:49'),(3580,17,3580,15,16.4876,0.123967,0.3,114.422,'2017-05-25 19:53:49','2017-05-25 19:53:49'),(3581,21,3581,15,8.67769,0.247934,0.6,114.422,'2017-05-25 19:53:49','2017-05-25 19:53:49'),(3582,19,3582,15,12.6446,0.247934,0.6,101.938,'2017-05-25 19:53:49','2017-05-25 19:53:49'),(3583,25,3584,15,1.61157,0.123967,0.3,121.226,'2017-05-25 19:53:49','2017-05-25 19:53:49'),(3584,23,3583,2,5.45455,0.495868,1,45.4084,'2017-05-25 19:53:49','2017-05-25 19:53:49'),(3585,24,3585,6,3.47107,0.495868,1,68.0357,'2017-05-25 19:53:49','2017-05-25 19:53:49'),(3586,22,3586,15,7.19008,0.247934,0.5,864,'2017-05-25 19:53:49','2017-05-25 19:53:49'),(3587,17,3591,15,16.6116,0.247934,0.6,72.0814,'2017-05-25 19:53:49','2017-05-25 19:53:49'),(3588,18,3587,15,15,0.123967,0.3,68.0357,'2017-05-25 19:53:49','2017-05-25 19:53:49'),(3589,15,3590,15,22.438,0.123967,0.3,64.2172,'2017-05-25 19:53:49','2017-05-25 19:53:49'),(3590,21,3589,2,8.92562,0.495868,1,48.1085,'2017-05-25 19:53:49','2017-05-25 19:53:49'),(3591,20,3588,6,10.4132,0.495868,1,101.938,'2017-05-25 19:53:49','2017-05-25 19:53:49'),(3592,19,3592,2,12.8926,0.495868,1,80.9086,'2017-05-25 19:53:49','2017-05-25 19:53:49'),(3593,25,3593,15,1.73554,0.247934,0.6,76.3675,'2017-05-25 19:53:49','2017-05-25 19:53:49'),(3594,24,3595,15,3.59504,0.123967,0.3,54,'2017-05-25 19:53:49','2017-05-25 19:53:49'),(3595,23,3594,6,5.45455,0.495868,1,68.0357,'2017-05-25 19:53:49','2017-05-25 19:53:49'),(3596,22,3596,15,7.31405,0.123967,0.15,72.0814,'2017-05-25 19:53:49','2017-05-25 19:53:49'),(3597,20,3598,15,10.5372,0.123967,0.3,85.7197,'2017-05-25 19:53:49','2017-05-25 19:53:49'),(3598,21,3600,15,9.04959,0.123967,0.3,57.211,'2017-05-25 19:53:49','2017-05-25 19:53:49'),(3599,17,3597,2,16.8595,0.495868,1,57.211,'2017-05-25 19:53:49','2017-05-25 19:53:49'),(3600,18,3601,15,15.124,0.247934,0.6,68.0357,'2017-05-25 19:53:49','2017-05-25 19:53:49'),(3601,15,3599,16,22.562,0.247934,0.6,80.9086,'2017-05-25 19:53:49','2017-05-25 19:53:49'),(3602,19,3602,15,13.0165,0.123967,0.3,80.9086,'2017-05-25 19:53:49','2017-05-25 19:53:49'),(3603,25,3604,2,1.98347,0.495868,1,60.6129,'2017-05-25 19:53:49','2017-05-25 19:53:49'),(3604,24,3603,15,3.71901,0.247934,0.6,54,'2017-05-25 19:53:49','2017-05-25 19:53:49'),(3605,23,3605,15,5.57851,0.123967,0.3,45.4084,'2017-05-25 19:53:49','2017-05-25 19:53:49'),(3606,22,3606,2,7.43802,0.495868,1,72.0814,'2017-05-25 19:53:49','2017-05-25 19:53:49'),(3607,17,3611,15,16.9835,0.123967,0.3,114.422,'2017-05-25 19:53:50','2017-05-25 19:53:50'),(3608,18,3607,15,15.124,0.247934,0.5,323.634,'2017-05-25 19:53:50','2017-05-25 19:53:50'),(3609,15,3608,2,22.8099,0.495868,1,64.2172,'2017-05-25 19:53:50','2017-05-25 19:53:50'),(3610,21,3610,16,9.17355,0.247934,0.6,114.422,'2017-05-25 19:53:50','2017-05-25 19:53:50'),(3611,20,3612,15,10.6612,0.247934,0.6,101.938,'2017-05-25 19:53:50','2017-05-25 19:53:50'),(3612,19,3609,12,13.1405,0.247934,0.6,101.938,'2017-05-25 19:53:50','2017-05-25 19:53:50'),(3613,25,3613,15,2.23141,0.247934,0.6,76.3675,'2017-05-25 19:53:50','2017-05-25 19:53:50'),(3614,24,3616,2,3.96694,0.495868,1,45.4084,'2017-05-25 19:53:50','2017-05-25 19:53:50'),(3615,22,3615,6,7.43802,0.495868,1,108,'2017-05-25 19:53:50','2017-05-25 19:53:50'),(3616,23,3614,15,5.70248,0.247934,0.6,57.211,'2017-05-25 19:53:50','2017-05-25 19:53:50'),(3617,15,3617,15,22.9339,0.123967,0.3,64.2172,'2017-05-25 19:53:50','2017-05-25 19:53:50'),(3618,21,3619,15,9.29752,0.123967,0.15,48.1085,'2017-05-25 19:53:50','2017-05-25 19:53:50'),(3619,17,3618,15,17.1074,0.247934,0.6,72.0814,'2017-05-25 19:53:50','2017-05-25 19:53:50'),(3620,19,3621,4,13.2645,0.123967,0.15,68.0357,'2017-05-25 19:53:50','2017-05-25 19:53:50'),(3621,18,3622,15,15.2479,0.123967,0.15,50.9692,'2017-05-25 19:53:50','2017-05-25 19:53:50'),(3622,20,3620,2,10.9091,0.495868,1,85.7197,'2017-05-25 19:53:50','2017-05-25 19:53:50'),(3623,22,3624,15,7.43802,0.247934,0.8,432,'2017-05-25 19:53:50','2017-05-25 19:53:50'),(3624,23,3625,2,5.95041,0.495868,1,45.4084,'2017-05-25 19:53:50','2017-05-25 19:53:50'),(3625,24,3626,15,4.09091,0.123967,0.3,48.1085,'2017-05-25 19:53:50','2017-05-25 19:53:50'),(3626,25,3623,15,2.35537,0.123967,0.15,60.6129,'2017-05-25 19:53:50','2017-05-25 19:53:50'),(3627,15,3627,15,23.0579,0.247934,0.6,80.9086,'2017-05-25 19:53:50','2017-05-25 19:53:50'),(3628,17,3629,15,17.2314,0.123967,0.15,57.211,'2017-05-25 19:53:50','2017-05-25 19:53:50'),(3629,18,3630,2,15.3719,0.495868,1,50.9692,'2017-05-25 19:53:50','2017-05-25 19:53:50'),(3630,21,3628,2,9.42149,0.495868,1,48.1085,'2017-05-25 19:53:50','2017-05-25 19:53:50'),(3631,22,3633,15,7.56198,0.123967,0.3,72.0814,'2017-05-25 19:53:50','2017-05-25 19:53:50'),(3632,20,3632,15,11.0331,0.123967,0.3,85.7197,'2017-05-25 19:53:50','2017-05-25 19:53:50'),(3633,19,3631,2,13.3884,0.495868,1,80.9086,'2017-05-25 19:53:50','2017-05-25 19:53:50'),(3634,25,3635,2,2.47934,0.495868,1,60.6129,'2017-05-25 19:53:50','2017-05-25 19:53:50'),(3635,24,3634,12,4.21488,0.247934,0.6,57.211,'2017-05-25 19:53:50','2017-05-25 19:53:50'),(3636,23,3636,15,6.07438,0.123967,0.3,45.4084,'2017-05-25 19:53:50','2017-05-25 19:53:50'),(3637,15,3637,15,23.0579,0.247934,0.5,384.868,'2017-05-25 19:53:50','2017-05-25 19:53:50'),(3638,21,3639,6,9.42149,0.495868,1,76.3675,'2017-05-25 19:53:51','2017-05-25 19:53:51'),(3639,17,3638,2,17.3554,0.495868,1,57.211,'2017-05-25 19:53:51','2017-05-25 19:53:51'),(3640,18,3640,6,15.3719,0.495868,1,80.9086,'2017-05-25 19:53:51','2017-05-25 19:53:51'),(3641,20,3641,15,11.157,0.247934,0.6,101.938,'2017-05-25 19:53:51','2017-05-25 19:53:51'),(3642,22,3642,16,7.68595,0.247934,0.6,85.7197,'2017-05-25 19:53:51','2017-05-25 19:53:51'),(3643,19,3643,6,13.3884,0.495868,1,101.938,'2017-05-25 19:53:51','2017-05-25 19:53:51'),(3644,24,3645,15,4.33884,0.123967,0.15,48.1085,'2017-05-25 19:53:51','2017-05-25 19:53:51'),(3645,25,3644,6,2.47934,0.495868,1,90.8168,'2017-05-25 19:53:51','2017-05-25 19:53:51'),(3646,23,3646,15,6.19835,0.247934,0.6,57.211,'2017-05-25 19:53:51','2017-05-25 19:53:51'),(3647,15,3647,15,23.1818,0.123967,0.15,32.1086,'2017-05-25 19:53:51','2017-05-25 19:53:51'),(3648,20,3648,15,11.281,0.123967,0.15,64.2172,'2017-05-25 19:53:51','2017-05-25 19:53:51'),(3649,18,3650,15,15.3719,0.247934,1,323.634,'2017-05-25 19:53:51','2017-05-25 19:53:51'),(3650,17,3651,6,17.3554,0.495868,1,85.7197,'2017-05-25 19:53:51','2017-05-25 19:53:51'),(3651,21,3649,15,9.54545,0.123967,0.3,57.211,'2017-05-25 19:53:51','2017-05-25 19:53:51'),(3652,19,3652,15,13.5124,0.123967,0.3,80.9086,'2017-05-25 19:53:51','2017-05-25 19:53:51'),(3653,22,3653,2,7.93388,0.495868,1,72.0814,'2017-05-25 19:53:51','2017-05-25 19:53:51'),(3654,25,3655,15,2.60331,0.123967,0.3,121.226,'2017-05-25 19:53:51','2017-05-25 19:53:51'),(3655,23,3656,15,6.32231,0.123967,0.15,45.4084,'2017-05-25 19:53:51','2017-05-25 19:53:51'),(3656,24,3654,2,4.46281,0.495868,1,48.1085,'2017-05-25 19:53:51','2017-05-25 19:53:51'),(3657,15,3657,2,23.3058,0.495868,1,64.2172,'2017-05-25 19:53:51','2017-05-25 19:53:51'),(3658,21,3659,15,9.66942,0.247934,0.6,114.422,'2017-05-25 19:53:51','2017-05-25 19:53:51'),(3659,19,3658,15,13.6364,0.247934,0.6,101.938,'2017-05-25 19:53:51','2017-05-25 19:53:51'),(3660,20,3661,2,11.405,0.495868,1,85.7197,'2017-05-25 19:53:51','2017-05-25 19:53:51'),(3661,17,3662,15,17.4793,0.123967,0.3,114.422,'2017-05-25 19:53:51','2017-05-25 19:53:51'),(3662,18,3660,15,15.4959,0.123967,0.3,68.0357,'2017-05-25 19:53:51','2017-05-25 19:53:51'),(3663,22,3663,15,8.05785,0.123967,0.3,76.3675,'2017-05-25 19:53:51','2017-05-25 19:53:51'),(3664,25,3664,15,2.72727,0.247934,0.6,76.3675,'2017-05-25 19:53:51','2017-05-25 19:53:51'),(3665,24,3665,6,4.46281,0.495868,1,72.0814,'2017-05-25 19:53:51','2017-05-25 19:53:51'),(3666,23,3666,2,6.44628,0.495868,1,45.4084,'2017-05-25 19:53:51','2017-05-25 19:53:51'),(3667,15,3667,6,23.3058,0.495868,1,96.2171,'2017-05-25 19:53:51','2017-05-25 19:53:51'),(3668,25,3671,2,2.97521,0.495868,1,60.6129,'2017-05-25 19:53:51','2017-05-25 19:53:51'),(3669,20,3672,6,11.405,0.495868,1,101.938,'2017-05-25 19:53:51','2017-05-25 19:53:51'),(3670,22,3670,15,8.18182,0.247934,0.6,90.8168,'2017-05-25 19:53:51','2017-05-25 19:53:51'),(3671,17,3669,15,17.6033,0.247934,0.6,72.0814,'2017-05-25 19:53:51','2017-05-25 19:53:51'),(3672,21,3668,2,9.91736,0.495868,1,48.1085,'2017-05-25 19:53:51','2017-05-25 19:53:51'),(3673,19,3673,2,13.8843,0.495868,1,80.9086,'2017-05-25 19:53:51','2017-05-25 19:53:51'),(3674,23,3674,6,6.44628,0.495868,1,68.0357,'2017-05-25 19:53:51','2017-05-25 19:53:51'),(3675,24,3675,15,4.58678,0.123967,0.3,48.1085,'2017-05-25 19:53:51','2017-05-25 19:53:51'),(3676,15,3676,15,23.3058,0.247934,1,384.868,'2017-05-25 19:53:52','2017-05-25 19:53:52'),(3677,22,3681,15,8.30579,0.123967,0.15,114.422,'2017-05-25 19:53:52','2017-05-25 19:53:52'),(3678,25,3682,15,3.09917,0.123967,0.3,121.226,'2017-05-25 19:53:52','2017-05-25 19:53:52'),(3679,17,3680,2,17.8512,0.495868,1,57.211,'2017-05-25 19:53:52','2017-05-25 19:53:52'),(3680,19,3677,15,14.0083,0.123967,0.3,80.9086,'2017-05-25 19:53:52','2017-05-25 19:53:52'),(3681,20,3679,15,11.5289,0.123967,0.3,85.7197,'2017-05-25 19:53:52','2017-05-25 19:53:52'),(3682,21,3678,15,10.0413,0.123967,0.3,57.211,'2017-05-25 19:53:52','2017-05-25 19:53:52'),(3683,23,3683,15,6.57025,0.123967,0.3,45.4084,'2017-05-25 19:53:52','2017-05-25 19:53:52'),(3684,24,3684,15,4.71074,0.247934,0.6,57.211,'2017-05-25 19:53:52','2017-05-25 19:53:52'),(3685,15,3685,15,23.4298,0.123967,0.3,64.2172,'2017-05-25 19:53:52','2017-05-25 19:53:52'),(3686,21,3690,15,10.1653,0.247934,0.6,114.422,'2017-05-25 19:53:52','2017-05-25 19:53:52'),(3687,22,3688,2,8.42975,0.495868,1,76.3675,'2017-05-25 19:53:52','2017-05-25 19:53:52'),(3688,20,3691,15,11.6529,0.247934,0.6,101.938,'2017-05-25 19:53:52','2017-05-25 19:53:52'),(3689,17,3689,15,17.9752,0.123967,0.3,114.422,'2017-05-25 19:53:52','2017-05-25 19:53:52'),(3690,19,3687,15,14.1322,0.247934,0.6,101.938,'2017-05-25 19:53:52','2017-05-25 19:53:52'),(3691,25,3686,15,3.22314,0.247934,0.6,76.3675,'2017-05-25 19:53:52','2017-05-25 19:53:52'),(3692,23,3692,15,6.69421,0.247934,0.6,57.211,'2017-05-25 19:53:52','2017-05-25 19:53:52'),(3693,24,3693,2,4.95868,0.495868,1,48.1085,'2017-05-25 19:53:52','2017-05-25 19:53:52'),(3694,15,3694,16,23.5537,0.247934,0.6,80.9086,'2017-05-25 19:53:52','2017-05-25 19:53:52'),(3695,21,3695,15,10.2893,0.123967,0.15,48.1085,'2017-05-25 19:53:52','2017-05-25 19:53:52'),(3696,20,3697,2,11.9008,0.495868,1,85.7197,'2017-05-25 19:53:52','2017-05-25 19:53:52'),(3697,19,3696,15,14.2562,0.123967,0.15,68.0357,'2017-05-25 19:53:52','2017-05-25 19:53:52'),(3698,25,3699,15,3.34711,0.123967,0.15,60.6129,'2017-05-25 19:53:52','2017-05-25 19:53:52'),(3699,22,3698,6,8.42975,0.495868,1,90.8168,'2017-05-25 19:53:52','2017-05-25 19:53:52'),(3700,17,3700,15,18.0992,0.247934,0.6,72.0814,'2017-05-25 19:53:52','2017-05-25 19:53:52'),(3701,23,3701,2,6.94215,0.495868,1,45.4084,'2017-05-25 19:53:52','2017-05-25 19:53:52'),(3702,24,3702,15,5.08264,0.123967,0.3,48.1085,'2017-05-25 19:53:52','2017-05-25 19:53:52'),(3703,15,3703,2,23.8017,0.495868,1,64.2172,'2017-05-25 19:53:52','2017-05-25 19:53:52'),(3704,21,3704,2,10.4132,0.495868,1,48.1085,'2017-05-25 19:53:52','2017-05-25 19:53:52'),(3705,19,3707,2,14.3802,0.495868,1,80.9086,'2017-05-25 19:53:53','2017-05-25 19:53:53'),(3706,20,3705,15,12.0248,0.123967,0.3,90.8168,'2017-05-25 19:53:53','2017-05-25 19:53:53'),(3707,17,3709,15,18.2231,0.123967,0.15,57.211,'2017-05-25 19:53:53','2017-05-25 19:53:53'),(3708,24,3710,15,5.20661,0.247934,0.6,57.211,'2017-05-25 19:53:53','2017-05-25 19:53:53'),(3709,22,3708,15,8.55372,0.123967,0.3,76.3675,'2017-05-25 19:53:53','2017-05-25 19:53:53'),(3710,25,3706,2,3.47107,0.495868,1,60.6129,'2017-05-25 19:53:53','2017-05-25 19:53:53'),(3711,23,3711,15,7.06612,0.123967,0.3,45.4084,'2017-05-25 19:53:53','2017-05-25 19:53:53'),(3712,15,3712,15,23.9256,0.123967,0.3,72.0814,'2017-05-25 19:53:53','2017-05-25 19:53:53'),(3713,19,3714,6,14.3802,0.495868,1,101.938,'2017-05-25 19:53:53','2017-05-25 19:53:53'),(3714,20,3715,15,12.1488,0.247934,0.6,90.8168,'2017-05-25 19:53:53','2017-05-25 19:53:53'),(3715,21,3713,6,10.4132,0.495868,1,76.3675,'2017-05-25 19:53:53','2017-05-25 19:53:53'),(3716,24,3716,4,5.33058,0.123967,0.15,48.1085,'2017-05-25 19:53:53','2017-05-25 19:53:53'),(3717,25,3719,6,3.47107,0.495868,1,90.8168,'2017-05-25 19:53:53','2017-05-25 19:53:53'),(3718,22,3717,15,8.67769,0.247934,0.6,90.8168,'2017-05-25 19:53:53','2017-05-25 19:53:53'),(3719,23,3720,12,7.19008,0.247934,0.6,57.211,'2017-05-25 19:53:53','2017-05-25 19:53:53'),(3720,17,3718,2,18.3471,0.495868,1,57.211,'2017-05-25 19:53:53','2017-05-25 19:53:53'),(3721,15,3721,16,24.0496,0.247934,0.6,72.0814,'2017-05-25 19:53:53','2017-05-25 19:53:53'),(3722,21,3723,15,10.5372,0.123967,0.3,57.211,'2017-05-25 19:53:53','2017-05-25 19:53:53'),(3723,19,3724,15,14.5041,0.123967,0.3,80.9086,'2017-05-25 19:53:53','2017-05-25 19:53:53'),(3724,20,3722,15,12.2727,0.123967,0.15,68.0357,'2017-05-25 19:53:53','2017-05-25 19:53:53'),(3725,24,3725,2,5.45455,0.495868,1,48.1085,'2017-05-25 19:53:53','2017-05-25 19:53:53'),(3726,22,3726,2,8.92562,0.495868,1,76.3675,'2017-05-25 19:53:53','2017-05-25 19:53:53'),(3727,25,3727,15,3.59504,0.123967,0.3,121.226,'2017-05-25 19:53:53','2017-05-25 19:53:53'),(3728,23,3728,15,7.19008,0.247934,0.5,544.286,'2017-05-25 19:53:53','2017-05-25 19:53:53'),(3729,15,3730,15,24.1736,0.123967,0.15,60.6129,'2017-05-25 19:53:53','2017-05-25 19:53:53'),(3730,17,3729,6,18.3471,0.495868,1,85.7197,'2017-05-25 19:53:53','2017-05-25 19:53:53'),(3731,20,3732,2,12.3967,0.495868,1,68.0357,'2017-05-25 19:53:53','2017-05-25 19:53:53'),(3732,19,3731,15,14.6281,0.247934,0.6,101.938,'2017-05-25 19:53:53','2017-05-25 19:53:53'),(3733,21,3733,15,10.6612,0.247934,0.6,114.422,'2017-05-25 19:53:53','2017-05-25 19:53:53'),(3734,24,3734,6,5.45455,0.495868,1,72.0814,'2017-05-25 19:53:53','2017-05-25 19:53:53'),(3735,25,3736,12,3.71901,0.247934,0.6,76.3675,'2017-05-25 19:53:54','2017-05-25 19:53:54'),(3736,23,3737,15,7.31405,0.123967,0.15,45.4084,'2017-05-25 19:53:54','2017-05-25 19:53:54'),(3737,22,3735,15,9.04959,0.123967,0.3,76.3675,'2017-05-25 19:53:54','2017-05-25 19:53:54'),(3738,15,3738,2,24.2975,0.495868,1,121.226,'2017-05-25 19:53:54','2017-05-25 19:53:54'),(3739,17,3740,15,18.4711,0.123967,0.3,114.422,'2017-05-25 19:53:54','2017-05-25 19:53:54'),(3740,20,3739,6,12.3967,0.495868,1,108,'2017-05-25 19:53:54','2017-05-25 19:53:54'),(3741,24,3741,15,5.57851,0.123967,0.3,48.1085,'2017-05-25 19:53:54','2017-05-25 19:53:54'),(3742,21,3743,2,10.9091,0.495868,1,48.1085,'2017-05-25 19:53:54','2017-05-25 19:53:54'),(3743,25,3744,2,3.96694,0.495868,1,60.6129,'2017-05-25 19:53:54','2017-05-25 19:53:54'),(3744,23,3745,2,7.43802,0.495868,1,45.4084,'2017-05-25 19:53:54','2017-05-25 19:53:54'),(3745,19,3742,2,14.876,0.495868,1,80.9086,'2017-05-25 19:53:54','2017-05-25 19:53:54'),(3746,22,3746,12,9.17355,0.247934,0.6,90.8168,'2017-05-25 19:53:54','2017-05-25 19:53:54'),(3747,15,3747,6,24.2975,0.495868,1,96.2171,'2017-05-25 19:53:54','2017-05-25 19:53:54'),(3748,20,3748,15,12.5207,0.123967,0.3,90.8168,'2017-05-25 19:53:54','2017-05-25 19:53:54'),(3749,17,3749,15,18.595,0.247934,0.6,72.0814,'2017-05-25 19:53:54','2017-05-25 19:53:54'),(3750,24,3750,15,5.70248,0.247934,0.6,57.211,'2017-05-25 19:53:54','2017-05-25 19:53:54'),(3751,21,3751,15,11.0331,0.123967,0.3,57.211,'2017-05-25 19:53:54','2017-05-25 19:53:54'),(3752,25,3752,15,4.09091,0.123967,0.3,121.226,'2017-05-25 19:53:54','2017-05-25 19:53:54'),(3753,22,3754,15,9.29752,0.123967,0.15,114.422,'2017-05-25 19:53:54','2017-05-25 19:53:54'),(3754,19,3753,15,15,0.123967,0.3,80.9086,'2017-05-25 19:53:54','2017-05-25 19:53:54'),(3755,23,3756,6,7.43802,0.495868,1,68.0357,'2017-05-25 19:53:54','2017-05-25 19:53:54'),(3756,20,3757,15,12.6446,0.247934,0.6,90.8168,'2017-05-25 19:53:54','2017-05-25 19:53:54'),(3757,17,3758,2,18.843,0.495868,1,57.211,'2017-05-25 19:53:54','2017-05-25 19:53:54'),(3758,15,3755,15,24.4215,0.123967,0.3,72.0814,'2017-05-25 19:53:54','2017-05-25 19:53:54'),(3759,24,3759,2,5.95041,0.495868,1,48.1085,'2017-05-25 19:53:54','2017-05-25 19:53:54'),(3760,22,3762,2,9.42149,0.495868,1,76.3675,'2017-05-25 19:53:54','2017-05-25 19:53:54'),(3761,25,3760,16,4.21488,0.247934,0.6,76.3675,'2017-05-25 19:53:54','2017-05-25 19:53:54'),(3762,19,3761,15,15.124,0.247934,0.6,101.938,'2017-05-25 19:53:54','2017-05-25 19:53:54'),(3763,21,3763,15,11.157,0.247934,0.6,114.422,'2017-05-25 19:53:54','2017-05-25 19:53:54'),(3764,23,3764,15,7.43802,0.247934,0.8,272.143,'2017-05-25 19:53:54','2017-05-25 19:53:54'),(3765,17,3765,15,18.9669,0.123967,0.3,114.422,'2017-05-25 19:53:54','2017-05-25 19:53:54'),(3766,20,3766,2,12.8926,0.495868,1,68.0357,'2017-05-25 19:53:55','2017-05-25 19:53:55'),(3767,15,3767,15,24.5455,0.247934,0.6,72.0814,'2017-05-25 19:53:55','2017-05-25 19:53:55'),(3768,24,3768,15,6.07438,0.123967,0.3,48.1085,'2017-05-25 19:53:55','2017-05-25 19:53:55'),(3769,25,3769,15,4.33884,0.123967,0.15,60.6129,'2017-05-25 19:53:55','2017-05-25 19:53:55'),(3770,22,3770,6,9.42149,0.495868,1,90.8168,'2017-05-25 19:53:55','2017-05-25 19:53:55'),(3771,19,3772,15,15.124,0.247934,0.5,407.754,'2017-05-25 19:53:55','2017-05-25 19:53:55'),(3772,21,3771,15,11.281,0.123967,0.15,48.1085,'2017-05-25 19:53:55','2017-05-25 19:53:55'),(3773,17,3774,15,19.0909,0.247934,0.6,72.0814,'2017-05-25 19:53:55','2017-05-25 19:53:55'),(3774,23,3773,15,7.56198,0.123967,0.3,45.4084,'2017-05-25 19:53:55','2017-05-25 19:53:55'),(3775,24,3775,4,6.19835,0.247934,0.6,57.211,'2017-05-25 19:53:55','2017-05-25 19:53:55'),(3776,25,3777,2,4.46281,0.495868,1,60.6129,'2017-05-25 19:53:55','2017-05-25 19:53:55'),(3777,22,3779,15,9.54545,0.123967,0.3,76.3675,'2017-05-25 19:53:55','2017-05-25 19:53:55'),(3778,20,3776,15,13.0165,0.123967,0.3,90.8168,'2017-05-25 19:53:55','2017-05-25 19:53:55'),(3779,15,3778,2,24.7934,0.495868,1,121.226,'2017-05-25 19:53:55','2017-05-25 19:53:55'),(3780,19,3780,15,15.2479,0.123967,0.15,68.0357,'2017-05-25 19:53:55','2017-05-25 19:53:55'),(3781,21,3781,2,11.405,0.495868,1,48.1085,'2017-05-25 19:53:55','2017-05-25 19:53:55'),(3782,17,3782,15,19.2149,0.123967,0.15,57.211,'2017-05-25 19:53:55','2017-05-25 19:53:55'),(3783,23,3783,15,7.68595,0.247934,0.6,57.211,'2017-05-25 19:53:55','2017-05-25 19:53:55'),(3784,24,3784,15,6.32231,0.123967,0.15,48.1085,'2017-05-25 19:53:55','2017-05-25 19:53:55'),(3785,20,3786,15,13.1405,0.247934,0.6,90.8168,'2017-05-25 19:53:55','2017-05-25 19:53:55'),(3786,15,3788,15,24.9174,0.123967,0.3,72.0814,'2017-05-25 19:53:55','2017-05-25 19:53:55'),(3787,25,3785,6,4.46281,0.495868,1,90.8168,'2017-05-25 19:53:55','2017-05-25 19:53:55'),(3788,22,3787,16,9.66942,0.247934,0.6,90.8168,'2017-05-25 19:53:55','2017-05-25 19:53:55'),(3789,19,3789,2,15.3719,0.495868,1,80.9086,'2017-05-25 19:53:56','2017-05-25 19:53:56'),(3790,17,3791,2,19.3388,0.495868,1,57.211,'2017-05-25 19:53:56','2017-05-25 19:53:56'),(3791,21,3790,6,11.405,0.495868,1,76.3675,'2017-05-25 19:53:56','2017-05-25 19:53:56'),(3792,23,3792,2,7.93388,0.495868,1,45.4084,'2017-05-25 19:53:56','2017-05-25 19:53:56'),(3793,24,3793,2,6.44628,0.495868,1,48.1085,'2017-05-25 19:53:56','2017-05-25 19:53:56'),(3794,15,3795,15,25.0413,0.247934,0.6,72.0814,'2017-05-25 19:53:56','2017-05-25 19:53:56'),(3795,22,3797,2,9.91736,0.495868,1,76.3675,'2017-05-25 19:53:56','2017-05-25 19:53:56'),(3796,25,3796,15,4.58678,0.123967,0.3,121.226,'2017-05-25 19:53:56','2017-05-25 19:53:56'),(3797,20,3794,15,13.2645,0.123967,0.15,68.0357,'2017-05-25 19:53:56','2017-05-25 19:53:56'),(3798,19,3798,6,15.3719,0.495868,1,101.938,'2017-05-25 19:53:56','2017-05-25 19:53:56'),(3799,17,3800,6,19.3388,0.495868,1,85.7197,'2017-05-25 19:53:56','2017-05-25 19:53:56'),(3800,21,3799,15,11.5289,0.123967,0.3,57.211,'2017-05-25 19:53:56','2017-05-25 19:53:56'),(3801,23,3801,15,8.05785,0.123967,0.3,50.9692,'2017-05-25 19:53:56','2017-05-25 19:53:56'),(3802,24,3802,6,6.44628,0.495868,1,72.0814,'2017-05-25 19:53:56','2017-05-25 19:53:56'),(3803,15,3803,15,25.1653,0.123967,0.15,60.6129,'2017-05-25 19:53:56','2017-05-25 19:53:56'),(3804,20,3806,2,13.3884,0.495868,1,68.0357,'2017-05-25 19:53:56','2017-05-25 19:53:56'),(3805,22,3804,15,10.0413,0.123967,0.3,76.3675,'2017-05-25 19:53:56','2017-05-25 19:53:56'),(3806,25,3805,15,4.71074,0.247934,0.6,76.3675,'2017-05-25 19:53:56','2017-05-25 19:53:56'),(3807,26,3808,2,0,0.495868,1,60.6129,'2017-05-25 19:53:56','2017-05-25 19:53:56'),(3808,19,3807,15,15.3719,0.247934,1,407.754,'2017-05-25 19:53:56','2017-05-25 19:53:56'),(3809,21,3810,12,11.6529,0.247934,0.6,114.422,'2017-05-25 19:53:56','2017-05-25 19:53:56'),(3810,17,3809,15,19.4628,0.123967,0.3,114.422,'2017-05-25 19:53:56','2017-05-25 19:53:56'),(3811,23,3811,16,8.18182,0.247934,0.6,50.9692,'2017-05-25 19:53:56','2017-05-25 19:53:56'),(3812,24,3812,15,6.57025,0.123967,0.3,48.1085,'2017-05-25 19:53:56','2017-05-25 19:53:56'),(3813,25,3814,2,4.95868,0.495868,1,60.6129,'2017-05-25 19:53:56','2017-05-25 19:53:56'),(3814,15,3813,2,25.2893,0.495868,1,121.226,'2017-05-25 19:53:56','2017-05-25 19:53:56'),(3815,19,3818,15,15.4959,0.123967,0.3,80.9086,'2017-05-25 19:53:56','2017-05-25 19:53:56'),(3816,26,3817,14,0,1.98347,1,60.6129,'2017-05-25 19:53:56','2017-05-25 19:53:56'),(3817,20,3815,6,13.3884,0.495868,1,108,'2017-05-25 19:53:56','2017-05-25 19:53:56'),(3818,22,3816,15,10.1653,0.247934,0.6,90.8168,'2017-05-25 19:53:56','2017-05-25 19:53:56'),(3819,17,3819,15,19.5868,0.247934,0.6,72.0814,'2017-05-25 19:53:56','2017-05-25 19:53:56'),(3820,21,3820,2,11.9008,0.495868,1,48.1085,'2017-05-25 19:53:56','2017-05-25 19:53:56'),(3821,23,3821,15,8.30579,0.123967,0.15,42.8598,'2017-05-25 19:53:56','2017-05-25 19:53:56'),(3822,24,3822,16,6.69421,0.247934,0.6,57.211,'2017-05-25 19:53:57','2017-05-25 19:53:57'),(3823,25,3823,15,5.08264,0.123967,0.3,121.226,'2017-05-25 19:53:57','2017-05-25 19:53:57'),(3824,22,3826,15,10.2893,0.123967,0.15,114.422,'2017-05-25 19:53:57','2017-05-25 19:53:57'),(3825,15,3824,6,25.2893,0.495868,1,96.2171,'2017-05-25 19:53:57','2017-05-25 19:53:57'),(3826,19,3825,12,15.6198,0.247934,0.6,101.938,'2017-05-25 19:53:57','2017-05-25 19:53:57'),(3827,26,3828,15,0.123967,0.123967,0.3,72.0814,'2017-05-25 19:53:57','2017-05-25 19:53:57'),(3828,20,3827,15,13.5124,0.123967,0.3,90.8168,'2017-05-25 19:53:57','2017-05-25 19:53:57'),(3829,17,3829,2,19.8347,0.495868,1,57.211,'2017-05-25 19:53:57','2017-05-25 19:53:57'),(3830,21,3830,15,12.0248,0.123967,0.3,54,'2017-05-25 19:53:57','2017-05-25 19:53:57'),(3831,23,3831,2,8.42975,0.495868,1,42.8598,'2017-05-25 19:53:57','2017-05-25 19:53:57'),(3832,25,3833,15,5.20661,0.247934,0.6,76.3675,'2017-05-25 19:53:57','2017-05-25 19:53:57'),(3833,24,3832,2,6.94215,0.495868,1,48.1085,'2017-05-25 19:53:57','2017-05-25 19:53:57'),(3834,20,3834,15,13.6364,0.247934,0.6,90.8168,'2017-05-25 19:53:57','2017-05-25 19:53:57'),(3835,19,3836,2,15.8678,0.495868,1,80.9086,'2017-05-25 19:53:57','2017-05-25 19:53:57'),(3836,22,3835,2,10.4132,0.495868,1,76.3675,'2017-05-25 19:53:57','2017-05-25 19:53:57'),(3837,15,3837,15,25.4132,0.123967,0.3,72.0814,'2017-05-25 19:53:57','2017-05-25 19:53:57'),(3838,26,3838,16,0.247934,0.247934,0.6,72.0814,'2017-05-25 19:53:57','2017-05-25 19:53:57'),(3839,17,3839,15,19.9587,0.123967,0.3,114.422,'2017-05-25 19:53:57','2017-05-25 19:53:57'),(3840,21,3840,15,12.1488,0.247934,0.6,68.0357,'2017-05-25 19:53:57','2017-05-25 19:53:57'),(3841,24,3843,15,7.06612,0.123967,0.3,48.1085,'2017-05-25 19:53:57','2017-05-25 19:53:57'),(3842,25,3841,15,5.33058,0.123967,0.15,60.6129,'2017-05-25 19:53:57','2017-05-25 19:53:57'),(3843,23,3842,6,8.42975,0.495868,1,68.0357,'2017-05-25 19:53:57','2017-05-25 19:53:57'),(3844,20,3844,2,13.8843,0.495868,1,68.0357,'2017-05-25 19:53:57','2017-05-25 19:53:57'),(3845,19,3846,15,15.9917,0.123967,0.3,76.3675,'2017-05-25 19:53:57','2017-05-25 19:53:57'),(3846,15,3847,15,25.5372,0.247934,0.6,72.0814,'2017-05-25 19:53:57','2017-05-25 19:53:57'),(3847,26,3848,2,0.495868,0.495868,1,60.6129,'2017-05-25 19:53:57','2017-05-25 19:53:57'),(3848,22,3845,6,10.4132,0.495868,1,90.8168,'2017-05-25 19:53:57','2017-05-25 19:53:57'),(3849,21,3850,15,12.2727,0.123967,0.15,45.4084,'2017-05-25 19:53:57','2017-05-25 19:53:57'),(3850,17,3849,15,20.0826,0.247934,0.6,72.0814,'2017-05-25 19:53:57','2017-05-25 19:53:57'),(3851,24,3851,16,7.19008,0.247934,0.6,57.211,'2017-05-25 19:53:57','2017-05-25 19:53:57'),(3852,25,3852,2,5.45455,0.495868,1,60.6129,'2017-05-25 19:53:57','2017-05-25 19:53:57'),(3853,22,3856,15,10.5372,0.123967,0.3,76.3675,'2017-05-25 19:53:57','2017-05-25 19:53:57'),(3854,23,3854,15,8.55372,0.123967,0.3,50.9692,'2017-05-25 19:53:57','2017-05-25 19:53:57'),(3855,26,3857,6,0.495868,0.495868,1,90.8168,'2017-05-25 19:53:57','2017-05-25 19:53:57'),(3856,15,3855,2,25.7851,0.495868,1,121.226,'2017-05-25 19:53:57','2017-05-25 19:53:57'),(3857,20,3853,15,14.0083,0.123967,0.3,90.8168,'2017-05-25 19:53:57','2017-05-25 19:53:57'),(3858,19,3858,15,16.1157,0.247934,0.6,96.2171,'2017-05-25 19:53:57','2017-05-25 19:53:57'),(3859,21,3859,2,12.3967,0.495868,1,54,'2017-05-25 19:53:57','2017-05-25 19:53:57'),(3860,17,3860,15,20.2066,0.123967,0.15,57.211,'2017-05-25 19:53:58','2017-05-25 19:53:58'),(3861,25,3862,6,5.45455,0.495868,1,90.8168,'2017-05-25 19:53:58','2017-05-25 19:53:58'),(3862,24,3861,15,7.19008,0.247934,0.5,576.651,'2017-05-25 19:53:58','2017-05-25 19:53:58'),(3863,19,3866,15,16.2397,0.123967,0.15,76.3675,'2017-05-25 19:53:58','2017-05-25 19:53:58'),(3864,23,3864,12,8.67769,0.247934,0.6,50.9692,'2017-05-25 19:53:58','2017-05-25 19:53:58'),(3865,15,3868,15,25.9091,0.123967,0.3,72.0814,'2017-05-25 19:53:58','2017-05-25 19:53:58'),(3866,20,3865,15,14.1322,0.247934,0.6,90.8168,'2017-05-25 19:53:58','2017-05-25 19:53:58'),(3867,26,3867,12,0.743802,0.247934,0.6,72.0814,'2017-05-25 19:53:58','2017-05-25 19:53:58'),(3868,22,3863,12,10.6612,0.247934,0.6,90.8168,'2017-05-25 19:53:58','2017-05-25 19:53:58'),(3869,21,3869,6,12.3967,0.495868,1,68.0357,'2017-05-25 19:53:58','2017-05-25 19:53:58'),(3870,17,3870,2,20.3306,0.495868,1,57.211,'2017-05-25 19:53:58','2017-05-25 19:53:58'),(3871,25,3871,15,5.57851,0.123967,0.3,121.226,'2017-05-25 19:53:58','2017-05-25 19:53:58'),(3872,24,3872,15,7.31405,0.123967,0.15,48.1085,'2017-05-25 19:53:58','2017-05-25 19:53:58'),(3873,19,3873,2,16.3636,0.495868,1,76.3675,'2017-05-25 19:53:58','2017-05-25 19:53:58'),(3874,15,3876,15,26.0331,0.247934,0.6,72.0814,'2017-05-25 19:53:58','2017-05-25 19:53:58'),(3875,20,3877,15,14.2562,0.123967,0.15,68.0357,'2017-05-25 19:53:58','2017-05-25 19:53:58'),(3876,26,3875,15,0.867769,0.123967,0.15,60.6129,'2017-05-25 19:53:58','2017-05-25 19:53:58'),(3877,22,3878,2,10.9091,0.495868,1,76.3675,'2017-05-25 19:53:58','2017-05-25 19:53:58'),(3878,23,3874,2,8.92562,0.495868,1,42.8598,'2017-05-25 19:53:58','2017-05-25 19:53:58'),(3879,21,3880,15,12.5207,0.123967,0.3,54,'2017-05-25 19:53:58','2017-05-25 19:53:58'),(3880,17,3879,6,20.3306,0.495868,1,85.7197,'2017-05-25 19:53:58','2017-05-25 19:53:58'),(3881,24,3882,2,7.43802,0.495868,1,48.1085,'2017-05-25 19:53:58','2017-05-25 19:53:58'),(3882,25,3881,15,5.70248,0.247934,0.6,76.3675,'2017-05-25 19:53:58','2017-05-25 19:53:58'),(3883,19,3883,6,16.3636,0.495868,1,114.422,'2017-05-25 19:53:58','2017-05-25 19:53:58'),(3884,23,3885,15,9.04959,0.123967,0.3,50.9692,'2017-05-25 19:53:58','2017-05-25 19:53:58'),(3885,22,3888,15,11.0331,0.123967,0.3,76.3675,'2017-05-25 19:53:58','2017-05-25 19:53:58'),(3886,15,3886,15,26.157,0.123967,0.15,60.6129,'2017-05-25 19:53:58','2017-05-25 19:53:58'),(3887,26,3887,2,0.991736,0.495868,1,60.6129,'2017-05-25 19:53:58','2017-05-25 19:53:58'),(3888,20,3884,2,14.3802,0.495868,1,68.0357,'2017-05-25 19:53:58','2017-05-25 19:53:58'),(3889,21,3889,15,12.6446,0.247934,0.6,68.0357,'2017-05-25 19:53:58','2017-05-25 19:53:58'),(3890,17,3890,15,20.4545,0.123967,0.3,114.422,'2017-05-25 19:53:58','2017-05-25 19:53:58'),(3891,24,3891,6,7.43802,0.495868,1,72.0814,'2017-05-25 19:53:58','2017-05-25 19:53:58'),(3892,19,3893,15,16.4876,0.123967,0.3,76.3675,'2017-05-25 19:53:58','2017-05-25 19:53:58'),(3893,25,3892,2,5.95041,0.495868,1,60.6129,'2017-05-25 19:53:58','2017-05-25 19:53:58'),(3894,20,3896,6,14.3802,0.495868,1,108,'2017-05-25 19:53:58','2017-05-25 19:53:58'),(3895,23,3894,12,9.17355,0.247934,0.6,50.9692,'2017-05-25 19:53:59','2017-05-25 19:53:59'),(3896,22,3895,15,11.157,0.247934,0.6,90.8168,'2017-05-25 19:53:59','2017-05-25 19:53:59'),(3897,15,3898,2,26.281,0.495868,1,121.226,'2017-05-25 19:53:59','2017-05-25 19:53:59'),(3898,21,3899,2,12.8926,0.495868,1,54,'2017-05-25 19:53:59','2017-05-25 19:53:59'),(3899,26,3897,15,1.1157,0.123967,0.3,72.0814,'2017-05-25 19:53:59','2017-05-25 19:53:59'),(3900,17,3900,15,20.5785,0.247934,0.6,72.0814,'2017-05-25 19:53:59','2017-05-25 19:53:59'),(3901,24,3901,15,7.43802,0.247934,0.8,288.325,'2017-05-25 19:53:59','2017-05-25 19:53:59'),(3902,25,3903,15,6.07438,0.123967,0.3,121.226,'2017-05-25 19:53:59','2017-05-25 19:53:59'),(3903,19,3902,15,16.6116,0.247934,0.6,96.2171,'2017-05-25 19:53:59','2017-05-25 19:53:59'),(3904,22,3906,15,11.281,0.123967,0.15,114.422,'2017-05-25 19:53:59','2017-05-25 19:53:59'),(3905,15,3907,6,26.281,0.495868,1,96.2171,'2017-05-25 19:53:59','2017-05-25 19:53:59'),(3906,21,3908,15,13.0165,0.123967,0.3,54,'2017-05-25 19:53:59','2017-05-25 19:53:59'),(3907,20,3904,15,14.5041,0.123967,0.3,90.8168,'2017-05-25 19:53:59','2017-05-25 19:53:59'),(3908,23,3905,15,9.29752,0.123967,0.15,42.8598,'2017-05-25 19:53:59','2017-05-25 19:53:59'),(3909,26,3909,15,1.23967,0.247934,0.6,72.0814,'2017-05-25 19:53:59','2017-05-25 19:53:59'),(3910,17,3910,2,20.8264,0.495868,1,57.211,'2017-05-25 19:53:59','2017-05-25 19:53:59'),(3911,24,3911,15,7.56198,0.123967,0.3,48.1085,'2017-05-25 19:53:59','2017-05-25 19:53:59'),(3912,19,3913,2,16.8595,0.495868,1,76.3675,'2017-05-25 19:53:59','2017-05-25 19:53:59'),(3913,25,3912,15,6.19835,0.247934,0.6,76.3675,'2017-05-25 19:53:59','2017-05-25 19:53:59'),(3914,22,3914,2,11.405,0.495868,1,76.3675,'2017-05-25 19:53:59','2017-05-25 19:53:59'),(3915,15,3916,15,26.405,0.123967,0.3,72.0814,'2017-05-25 19:53:59','2017-05-25 19:53:59'),(3916,23,3915,2,9.42149,0.495868,1,42.8598,'2017-05-25 19:53:59','2017-05-25 19:53:59'),(3917,26,3917,15,1.36364,0.123967,0.15,60.6129,'2017-05-25 19:53:59','2017-05-25 19:53:59'),(3918,21,3919,15,13.1405,0.247934,0.6,68.0357,'2017-05-25 19:53:59','2017-05-25 19:53:59'),(3919,20,3918,15,14.6281,0.247934,0.6,90.8168,'2017-05-25 19:53:59','2017-05-25 19:53:59'),(3920,24,3920,15,7.68595,0.247934,0.6,57.211,'2017-05-25 19:53:59','2017-05-25 19:53:59'),(3921,17,3921,15,20.9504,0.123967,0.3,114.422,'2017-05-25 19:53:59','2017-05-25 19:53:59'),(3922,25,3923,15,6.32231,0.123967,0.15,60.6129,'2017-05-25 19:53:59','2017-05-25 19:53:59'),(3923,22,3924,6,11.405,0.495868,1,90.8168,'2017-05-25 19:53:59','2017-05-25 19:53:59'),(3924,19,3922,15,16.9835,0.123967,0.3,76.3675,'2017-05-25 19:53:59','2017-05-25 19:53:59'),(3925,21,3926,4,13.2645,0.123967,0.15,45.4084,'2017-05-25 19:53:59','2017-05-25 19:53:59'),(3926,15,3927,15,26.5289,0.247934,0.6,72.0814,'2017-05-25 19:53:59','2017-05-25 19:53:59'),(3927,23,3925,6,9.42149,0.495868,1,68.0357,'2017-05-25 19:53:59','2017-05-25 19:53:59'),(3928,20,3929,2,14.876,0.495868,1,68.0357,'2017-05-25 19:53:59','2017-05-25 19:53:59'),(3929,26,3928,2,1.4876,0.495868,1,60.6129,'2017-05-25 19:53:59','2017-05-25 19:53:59'),(3930,24,3930,2,7.93388,0.495868,1,48.1085,'2017-05-25 19:53:59','2017-05-25 19:53:59'),(3931,17,3932,15,21.0744,0.247934,0.6,72.0814,'2017-05-25 19:54:00','2017-05-25 19:54:00'),(3932,22,3933,15,11.5289,0.123967,0.3,76.3675,'2017-05-25 19:54:00','2017-05-25 19:54:00'),(3933,19,3934,15,17.1074,0.247934,0.6,96.2171,'2017-05-25 19:54:00','2017-05-25 19:54:00'),(3934,25,3931,2,6.44628,0.495868,1,60.6129,'2017-05-25 19:54:00','2017-05-25 19:54:00'),(3935,23,3937,15,9.54545,0.123967,0.3,50.9692,'2017-05-25 19:54:00','2017-05-25 19:54:00'),(3936,21,3935,2,13.3884,0.495868,1,54,'2017-05-25 19:54:00','2017-05-25 19:54:00'),(3937,26,3936,6,1.4876,0.495868,1,90.8168,'2017-05-25 19:54:00','2017-05-25 19:54:00'),(3938,20,3938,15,15,0.123967,0.3,90.8168,'2017-05-25 19:54:00','2017-05-25 19:54:00'),(3939,15,3939,2,26.7769,0.495868,1,121.226,'2017-05-25 19:54:00','2017-05-25 19:54:00'),(3940,24,3940,15,8.05785,0.123967,0.3,50.9692,'2017-05-25 19:54:00','2017-05-25 19:54:00'),(3941,22,3941,15,11.6529,0.247934,0.6,90.8168,'2017-05-25 19:54:00','2017-05-25 19:54:00'),(3942,19,3942,15,17.2314,0.123967,0.15,76.3675,'2017-05-25 19:54:00','2017-05-25 19:54:00'),(3943,25,3944,6,6.44628,0.495868,1,90.8168,'2017-05-25 19:54:00','2017-05-25 19:54:00'),(3944,17,3943,15,21.1983,0.123967,0.15,57.211,'2017-05-25 19:54:00','2017-05-25 19:54:00'),(3945,21,3946,6,13.3884,0.495868,1,68.0357,'2017-05-25 19:54:00','2017-05-25 19:54:00'),(3946,23,3945,15,9.66942,0.247934,0.6,50.9692,'2017-05-25 19:54:00','2017-05-25 19:54:00'),(3947,26,3947,15,1.61157,0.123967,0.3,72.0814,'2017-05-25 19:54:00','2017-05-25 19:54:00'),(3948,15,3949,15,26.9008,0.123967,0.3,72.0814,'2017-05-25 19:54:00','2017-05-25 19:54:00'),(3949,20,3948,15,15.124,0.247934,0.6,90.8168,'2017-05-25 19:54:00','2017-05-25 19:54:00'),(3950,24,3950,12,8.18182,0.247934,0.6,60.6129,'2017-05-25 19:54:00','2017-05-25 19:54:00'),(3951,22,3951,2,11.9008,0.495868,1,76.3675,'2017-05-25 19:54:01','2017-05-25 19:54:01'),(3952,19,3952,2,17.3554,0.495868,1,76.3675,'2017-05-25 19:54:01','2017-05-25 19:54:01'),(3953,17,3954,2,21.3223,0.495868,1,57.211,'2017-05-25 19:54:01','2017-05-25 19:54:01'),(3954,25,3953,15,6.57025,0.123967,0.3,121.226,'2017-05-25 19:54:01','2017-05-25 19:54:01'),(3955,21,3957,15,13.5124,0.123967,0.3,54,'2017-05-25 19:54:01','2017-05-25 19:54:01'),(3956,23,3955,2,9.91736,0.495868,1,42.8598,'2017-05-25 19:54:01','2017-05-25 19:54:01'),(3957,26,3956,15,1.73554,0.247934,0.6,72.0814,'2017-05-25 19:54:01','2017-05-25 19:54:01'),(3958,15,3958,15,27.0248,0.247934,0.6,72.0814,'2017-05-25 19:54:01','2017-05-25 19:54:01'),(3959,20,3960,15,15.124,0.247934,0.5,432,'2017-05-25 19:54:01','2017-05-25 19:54:01'),(3960,24,3959,15,8.30579,0.123967,0.15,38.1838,'2017-05-25 19:54:01','2017-05-25 19:54:01'),(3961,22,3961,15,12.0248,0.123967,0.3,80.9086,'2017-05-25 19:54:01','2017-05-25 19:54:01'),(3962,17,3963,6,21.3223,0.495868,1,85.7197,'2017-05-25 19:54:01','2017-05-25 19:54:01'),(3963,19,3962,6,17.3554,0.495868,1,114.422,'2017-05-25 19:54:01','2017-05-25 19:54:01'),(3964,25,3964,15,6.69421,0.247934,0.6,76.3675,'2017-05-25 19:54:01','2017-05-25 19:54:01'),(3965,21,3965,16,13.6364,0.247934,0.6,68.0357,'2017-05-25 19:54:01','2017-05-25 19:54:01'),(3966,15,3967,15,27.1488,0.123967,0.15,60.6129,'2017-05-25 19:54:01','2017-05-25 19:54:01'),(3967,23,3966,15,10.0413,0.123967,0.3,50.9692,'2017-05-25 19:54:01','2017-05-25 19:54:01'),(3968,24,3969,2,8.42975,0.495868,1,50.9692,'2017-05-25 19:54:01','2017-05-25 19:54:01'),(3969,22,3970,16,12.1488,0.247934,0.6,80.9086,'2017-05-25 19:54:01','2017-05-25 19:54:01'),(3970,20,3971,15,15.2479,0.123967,0.15,68.0357,'2017-05-25 19:54:01','2017-05-25 19:54:01'),(3971,17,3972,15,21.4463,0.123967,0.3,114.422,'2017-05-25 19:54:01','2017-05-25 19:54:01'),(3972,26,3968,2,1.98347,0.495868,1,60.6129,'2017-05-25 19:54:01','2017-05-25 19:54:01'),(3973,25,3973,2,6.94215,0.495868,1,60.6129,'2017-05-25 19:54:01','2017-05-25 19:54:01'),(3974,19,3974,15,17.4793,0.123967,0.3,76.3675,'2017-05-25 19:54:01','2017-05-25 19:54:01'),(3975,21,3975,2,13.8843,0.495868,1,54,'2017-05-25 19:54:01','2017-05-25 19:54:01'),(3976,24,3978,6,8.42975,0.495868,1,121.226,'2017-05-25 19:54:01','2017-05-25 19:54:01'),(3977,23,3977,15,10.1653,0.247934,0.6,50.9692,'2017-05-25 19:54:01','2017-05-25 19:54:01'),(3978,15,3976,2,27.2727,0.495868,1,121.226,'2017-05-25 19:54:01','2017-05-25 19:54:01'),(3979,22,3979,15,12.2727,0.123967,0.15,121.226,'2017-05-25 19:54:01','2017-05-25 19:54:01'),(3980,20,3980,2,15.3719,0.495868,1,68.0357,'2017-05-25 19:54:01','2017-05-25 19:54:01'),(3981,17,3981,15,21.5702,0.247934,0.6,72.0814,'2017-05-25 19:54:01','2017-05-25 19:54:01'),(3982,19,3982,15,17.6033,0.247934,0.6,96.2171,'2017-05-25 19:54:02','2017-05-25 19:54:02'),(3983,25,3983,15,7.06612,0.123967,0.3,121.226,'2017-05-25 19:54:02','2017-05-25 19:54:02'),(3984,26,3984,15,2.23141,0.247934,0.6,72.0814,'2017-05-25 19:54:02','2017-05-25 19:54:02'),(3985,21,3985,4,14.0083,0.123967,0.3,54,'2017-05-25 19:54:02','2017-05-25 19:54:02'),(3986,15,3986,6,27.2727,0.495868,1,96.2171,'2017-05-25 19:54:02','2017-05-25 19:54:02'),(3987,24,3988,15,8.55372,0.123967,0.3,50.9692,'2017-05-25 19:54:02','2017-05-25 19:54:02'),(3988,23,3987,15,10.2893,0.123967,0.15,42.8598,'2017-05-25 19:54:02','2017-05-25 19:54:02'),(3989,20,3989,6,15.3719,0.495868,1,108,'2017-05-25 19:54:02','2017-05-25 19:54:02'),(3990,22,3990,2,12.3967,0.495868,1,121.226,'2017-05-25 19:54:02','2017-05-25 19:54:02'),(3991,17,3991,2,21.8182,0.495868,1,57.211,'2017-05-25 19:54:02','2017-05-25 19:54:02'),(3992,25,3994,15,7.19008,0.247934,0.6,76.3675,'2017-05-25 19:54:02','2017-05-25 19:54:02'),(3993,26,3993,15,2.35537,0.123967,0.15,60.6129,'2017-05-25 19:54:02','2017-05-25 19:54:02'),(3994,21,3995,15,14.1322,0.247934,0.6,68.0357,'2017-05-25 19:54:02','2017-05-25 19:54:02'),(3995,19,3992,2,17.8512,0.495868,1,76.3675,'2017-05-25 19:54:02','2017-05-25 19:54:02'),(3996,23,3997,2,10.4132,0.495868,1,42.8598,'2017-05-25 19:54:02','2017-05-25 19:54:02'),(3997,24,3998,15,8.67769,0.247934,0.6,60.6129,'2017-05-25 19:54:02','2017-05-25 19:54:02'),(3998,15,3996,15,27.3967,0.123967,0.3,72.0814,'2017-05-25 19:54:02','2017-05-25 19:54:02'),(3999,22,4000,6,12.3967,0.495868,1,96.2171,'2017-05-25 19:54:02','2017-05-25 19:54:02'),(4000,20,3999,15,15.3719,0.247934,1,432,'2017-05-25 19:54:02','2017-05-25 19:54:02'),(4001,17,4001,15,21.9421,0.123967,0.3,114.422,'2017-05-25 19:54:02','2017-05-25 19:54:02'),(4002,25,4002,15,7.19008,0.247934,0.5,726.534,'2017-05-25 19:54:02','2017-05-25 19:54:02'),(4003,26,4003,2,2.47934,0.495868,1,60.6129,'2017-05-25 19:54:02','2017-05-25 19:54:02'),(4004,21,4005,15,14.2562,0.123967,0.15,45.4084,'2017-05-25 19:54:02','2017-05-25 19:54:02'),(4005,19,4004,4,17.9752,0.123967,0.3,76.3675,'2017-05-25 19:54:02','2017-05-25 19:54:02'),(4006,24,4006,2,8.92562,0.495868,1,50.9692,'2017-05-25 19:54:02','2017-05-25 19:54:02'),(4007,23,4008,6,10.4132,0.495868,1,68.0357,'2017-05-25 19:54:02','2017-05-25 19:54:02'),(4008,15,4007,16,27.5207,0.247934,0.6,72.0814,'2017-05-25 19:54:02','2017-05-25 19:54:02'),(4009,22,4009,15,12.5207,0.123967,0.3,80.9086,'2017-05-25 19:54:02','2017-05-25 19:54:02'),(4010,20,4010,15,15.4959,0.123967,0.3,90.8168,'2017-05-25 19:54:02','2017-05-25 19:54:02'),(4011,17,4011,15,22.0661,0.247934,0.6,72.0814,'2017-05-25 19:54:02','2017-05-25 19:54:02'),(4012,21,4014,2,14.3802,0.495868,1,54,'2017-05-25 19:54:03','2017-05-25 19:54:03'),(4013,25,4012,15,7.31405,0.123967,0.15,60.6129,'2017-05-25 19:54:03','2017-05-25 19:54:03'),(4014,19,4015,16,18.0992,0.247934,0.6,96.2171,'2017-05-25 19:54:03','2017-05-25 19:54:03'),(4015,26,4013,6,2.47934,0.495868,1,90.8168,'2017-05-25 19:54:03','2017-05-25 19:54:03'),(4016,24,4016,15,9.04959,0.123967,0.3,50.9692,'2017-05-25 19:54:03','2017-05-25 19:54:03'),(4017,23,4017,15,10.5372,0.123967,0.3,50.9692,'2017-05-25 19:54:03','2017-05-25 19:54:03'),(4018,22,4019,15,12.6446,0.247934,0.6,80.9086,'2017-05-25 19:54:03','2017-05-25 19:54:03'),(4019,15,4018,2,27.7686,0.495868,1,121.226,'2017-05-25 19:54:03','2017-05-25 19:54:03'),(4020,17,4020,15,22.1901,0.123967,0.15,57.211,'2017-05-25 19:54:03','2017-05-25 19:54:03'),(4021,21,4021,6,14.3802,0.495868,1,68.0357,'2017-05-25 19:54:03','2017-05-25 19:54:03'),(4022,25,4022,2,7.43802,0.495868,1,60.6129,'2017-05-25 19:54:03','2017-05-25 19:54:03'),(4023,26,4024,15,2.60331,0.123967,0.3,72.0814,'2017-05-25 19:54:03','2017-05-25 19:54:03'),(4024,19,4023,15,18.2231,0.123967,0.15,76.3675,'2017-05-25 19:54:03','2017-05-25 19:54:03'),(4025,23,4025,16,10.6612,0.247934,0.6,50.9692,'2017-05-25 19:54:03','2017-05-25 19:54:03'),(4026,24,4026,16,9.17355,0.247934,0.6,60.6129,'2017-05-25 19:54:03','2017-05-25 19:54:03'),(4027,15,4027,15,27.8926,0.123967,0.3,68.0357,'2017-05-25 19:54:03','2017-05-25 19:54:03'),(4028,22,4028,2,12.8926,0.495868,1,121.226,'2017-05-25 19:54:03','2017-05-25 19:54:03'),(4029,17,4029,2,22.314,0.495868,1,57.211,'2017-05-25 19:54:03','2017-05-25 19:54:03'),(4030,21,4030,15,14.5041,0.123967,0.3,54,'2017-05-25 19:54:03','2017-05-25 19:54:03'),(4031,25,4033,6,7.43802,0.495868,1,90.8168,'2017-05-25 19:54:03','2017-05-25 19:54:03'),(4032,26,4032,15,2.72727,0.247934,0.6,72.0814,'2017-05-25 19:54:03','2017-05-25 19:54:03'),(4033,19,4031,2,18.3471,0.495868,1,76.3675,'2017-05-25 19:54:03','2017-05-25 19:54:03'),(4034,23,4035,2,10.9091,0.495868,1,42.8598,'2017-05-25 19:54:03','2017-05-25 19:54:03'),(4035,24,4034,15,9.29752,0.123967,0.15,38.1838,'2017-05-25 19:54:03','2017-05-25 19:54:03'),(4036,22,4036,15,13.0165,0.123967,0.3,80.9086,'2017-05-25 19:54:03','2017-05-25 19:54:03'),(4037,15,4037,15,28.0165,0.247934,0.6,85.7197,'2017-05-25 19:54:03','2017-05-25 19:54:03'),(4038,17,4038,6,22.314,0.495868,1,85.7197,'2017-05-25 19:54:03','2017-05-25 19:54:03'),(4039,21,4039,15,14.6281,0.247934,0.6,68.0357,'2017-05-25 19:54:03','2017-05-25 19:54:03'),(4040,26,4041,2,2.97521,0.495868,1,60.6129,'2017-05-25 19:54:03','2017-05-25 19:54:03'),(4041,25,4040,15,7.43802,0.247934,0.8,363.267,'2017-05-25 19:54:03','2017-05-25 19:54:03'),(4042,19,4042,6,18.3471,0.495868,1,114.422,'2017-05-25 19:54:03','2017-05-25 19:54:03'),(4043,23,4043,15,11.0331,0.123967,0.3,50.9692,'2017-05-25 19:54:03','2017-05-25 19:54:03'),(4044,22,4044,15,13.1405,0.247934,0.6,80.9086,'2017-05-25 19:54:03','2017-05-25 19:54:03'),(4045,24,4045,2,9.42149,0.495868,1,50.9692,'2017-05-25 19:54:03','2017-05-25 19:54:03'),(4046,15,4046,15,28.1405,0.123967,0.15,57.211,'2017-05-25 19:54:03','2017-05-25 19:54:03'),(4047,17,4047,15,22.438,0.123967,0.3,114.422,'2017-05-25 19:54:04','2017-05-25 19:54:04'),(4048,21,4048,2,14.876,0.495868,1,54,'2017-05-25 19:54:04','2017-05-25 19:54:04'),(4049,19,4049,15,18.4711,0.123967,0.3,76.3675,'2017-05-25 19:54:04','2017-05-25 19:54:04'),(4050,25,4050,15,7.56198,0.123967,0.3,121.226,'2017-05-25 19:54:04','2017-05-25 19:54:04'),(4051,26,4051,15,3.09917,0.123967,0.3,72.0814,'2017-05-25 19:54:04','2017-05-25 19:54:04'),(4052,22,4053,15,13.2645,0.123967,0.15,121.226,'2017-05-25 19:54:04','2017-05-25 19:54:04'),(4053,23,4052,15,11.157,0.247934,0.6,50.9692,'2017-05-25 19:54:04','2017-05-25 19:54:04'),(4054,24,4054,6,9.42149,0.495868,1,121.226,'2017-05-25 19:54:04','2017-05-25 19:54:04'),(4055,15,4055,2,28.2645,0.495868,1,68.0357,'2017-05-25 19:54:04','2017-05-25 19:54:04'),(4056,17,4056,15,22.562,0.247934,0.6,72.0814,'2017-05-25 19:54:04','2017-05-25 19:54:04'),(4057,21,4057,15,15,0.123967,0.3,54,'2017-05-25 19:54:04','2017-05-25 19:54:04'),(4058,19,4059,12,18.595,0.247934,0.6,96.2171,'2017-05-25 19:54:04','2017-05-25 19:54:04'),(4059,25,4058,16,7.68595,0.247934,0.6,76.3675,'2017-05-25 19:54:04','2017-05-25 19:54:04'),(4060,26,4060,15,3.22314,0.247934,0.6,72.0814,'2017-05-25 19:54:04','2017-05-25 19:54:04'),(4061,23,4061,15,11.281,0.123967,0.15,42.8598,'2017-05-25 19:54:04','2017-05-25 19:54:04'),(4062,24,4063,15,9.54545,0.123967,0.3,50.9692,'2017-05-25 19:54:04','2017-05-25 19:54:04'),(4063,22,4062,2,13.3884,0.495868,1,121.226,'2017-05-25 19:54:04','2017-05-25 19:54:04'),(4064,15,4064,6,28.2645,0.495868,1,85.7197,'2017-05-25 19:54:04','2017-05-25 19:54:04'),(4065,17,4065,2,22.8099,0.495868,1,57.211,'2017-05-25 19:54:04','2017-05-25 19:54:04'),(4066,21,4066,16,15.124,0.247934,0.6,68.0357,'2017-05-25 19:54:04','2017-05-25 19:54:04'),(4067,25,4068,2,7.93388,0.495868,1,60.6129,'2017-05-25 19:54:04','2017-05-25 19:54:04'),(4068,19,4067,2,18.843,0.495868,1,76.3675,'2017-05-25 19:54:04','2017-05-25 19:54:04'),(4069,23,4070,2,11.405,0.495868,1,42.8598,'2017-05-25 19:54:04','2017-05-25 19:54:04'),(4070,26,4069,15,3.34711,0.123967,0.15,60.6129,'2017-05-25 19:54:04','2017-05-25 19:54:04'),(4071,22,4072,6,13.3884,0.495868,1,96.2171,'2017-05-25 19:54:04','2017-05-25 19:54:04'),(4072,15,4073,15,28.3884,0.123967,0.3,68.0357,'2017-05-25 19:54:04','2017-05-25 19:54:04'),(4073,17,4074,15,22.9339,0.123967,0.3,114.422,'2017-05-25 19:54:04','2017-05-25 19:54:04'),(4074,24,4071,15,9.66942,0.247934,0.6,60.6129,'2017-05-25 19:54:04','2017-05-25 19:54:04'),(4075,21,4075,15,15.124,0.247934,0.5,272.143,'2017-05-25 19:54:04','2017-05-25 19:54:04'),(4076,19,4077,15,18.9669,0.123967,0.3,76.3675,'2017-05-25 19:54:04','2017-05-25 19:54:04'),(4077,25,4076,15,8.05785,0.123967,0.3,68.0357,'2017-05-25 19:54:04','2017-05-25 19:54:04'),(4078,26,4078,2,3.47107,0.495868,1,60.6129,'2017-05-25 19:54:04','2017-05-25 19:54:04'),(4079,22,4079,15,13.5124,0.123967,0.3,80.9086,'2017-05-25 19:54:04','2017-05-25 19:54:04'),(4080,23,4080,6,11.405,0.495868,1,68.0357,'2017-05-25 19:54:04','2017-05-25 19:54:04'),(4081,15,4081,16,28.5124,0.247934,0.6,85.7197,'2017-05-25 19:54:04','2017-05-25 19:54:04'),(4082,17,4082,12,23.0579,0.247934,0.6,72.0814,'2017-05-25 19:54:04','2017-05-25 19:54:04'),(4083,24,4083,2,9.91736,0.495868,1,50.9692,'2017-05-25 19:54:05','2017-05-25 19:54:05'),(4084,21,4084,15,15.2479,0.123967,0.15,45.4084,'2017-05-25 19:54:05','2017-05-25 19:54:05'),(4085,19,4085,16,19.0909,0.247934,0.6,96.2171,'2017-05-25 19:54:05','2017-05-25 19:54:05'),(4086,26,4088,6,3.47107,0.495868,1,90.8168,'2017-05-25 19:54:05','2017-05-25 19:54:05'),(4087,25,4086,15,8.18182,0.247934,0.6,68.0357,'2017-05-25 19:54:05','2017-05-25 19:54:05'),(4088,22,4087,15,13.6364,0.247934,0.6,80.9086,'2017-05-25 19:54:05','2017-05-25 19:54:05'),(4089,17,4091,15,23.0579,0.247934,0.5,342.879,'2017-05-25 19:54:05','2017-05-25 19:54:05'),(4090,23,4089,15,11.5289,0.123967,0.3,50.9692,'2017-05-25 19:54:05','2017-05-25 19:54:05'),(4091,15,4090,2,28.7603,0.495868,1,68.0357,'2017-05-25 19:54:05','2017-05-25 19:54:05'),(4092,24,4092,15,10.0413,0.123967,0.3,50.9692,'2017-05-25 19:54:05','2017-05-25 19:54:05'),(4093,19,4094,15,19.2149,0.123967,0.15,76.3675,'2017-05-25 19:54:05','2017-05-25 19:54:05'),(4094,21,4093,2,15.3719,0.495868,1,54,'2017-05-25 19:54:05','2017-05-25 19:54:05'),(4095,26,4095,15,3.59504,0.123967,0.3,72.0814,'2017-05-25 19:54:05','2017-05-25 19:54:05'),(4096,25,4096,15,8.30579,0.123967,0.15,57.211,'2017-05-25 19:54:05','2017-05-25 19:54:05'),(4097,23,4097,15,11.6529,0.247934,0.6,50.9692,'2017-05-25 19:54:05','2017-05-25 19:54:05'),(4098,22,4098,2,13.8843,0.495868,1,121.226,'2017-05-25 19:54:05','2017-05-25 19:54:05'),(4099,15,4100,4,28.8843,0.123967,0.3,68.0357,'2017-05-25 19:54:05','2017-05-25 19:54:05'),(4100,17,4099,15,23.1818,0.123967,0.15,57.211,'2017-05-25 19:54:05','2017-05-25 19:54:05'),(4101,24,4101,16,10.1653,0.247934,0.6,60.6129,'2017-05-25 19:54:05','2017-05-25 19:54:05'),(4102,21,4102,6,15.3719,0.495868,1,68.0357,'2017-05-25 19:54:05','2017-05-25 19:54:05'),(4103,26,4104,16,3.71901,0.247934,0.6,72.0814,'2017-05-25 19:54:05','2017-05-25 19:54:05'),(4104,19,4103,2,19.3388,0.495868,1,76.3675,'2017-05-25 19:54:05','2017-05-25 19:54:05'),(4105,23,4106,2,11.9008,0.495868,1,42.8598,'2017-05-25 19:54:05','2017-05-25 19:54:05'),(4106,25,4105,2,8.42975,0.495868,1,57.211,'2017-05-25 19:54:05','2017-05-25 19:54:05'),(4107,17,4109,2,23.3058,0.495868,1,57.211,'2017-05-25 19:54:06','2017-05-25 19:54:06'),(4108,22,4107,15,14.0083,0.123967,0.3,80.9086,'2017-05-25 19:54:06','2017-05-25 19:54:06'),(4109,15,4108,15,29.0083,0.247934,0.6,85.7197,'2017-05-25 19:54:06','2017-05-25 19:54:06'),(4110,24,4110,15,10.2893,0.123967,0.15,38.1838,'2017-05-25 19:54:06','2017-05-25 19:54:06'),(4111,19,4112,6,19.3388,0.495868,1,114.422,'2017-05-25 19:54:06','2017-05-25 19:54:06'),(4112,21,4111,4,15.3719,0.247934,1,272.143,'2017-05-25 19:54:06','2017-05-25 19:54:06'),(4113,25,4113,6,8.42975,0.495868,1,90.8168,'2017-05-25 19:54:06','2017-05-25 19:54:06'),(4114,23,4114,15,12.0248,0.123967,0.3,48.1085,'2017-05-25 19:54:06','2017-05-25 19:54:06'),(4115,26,4115,2,3.96694,0.495868,1,60.6129,'2017-05-25 19:54:06','2017-05-25 19:54:06'),(4116,17,4117,6,23.3058,0.495868,1,85.7197,'2017-05-25 19:54:06','2017-05-25 19:54:06'),(4117,24,4119,2,10.4132,0.495868,1,50.9692,'2017-05-25 19:54:06','2017-05-25 19:54:06'),(4118,22,4116,15,14.1322,0.247934,0.6,80.9086,'2017-05-25 19:54:06','2017-05-25 19:54:06'),(4119,15,4118,15,29.1322,0.123967,0.15,57.211,'2017-05-25 19:54:06','2017-05-25 19:54:06'),(4120,25,4121,15,8.55372,0.123967,0.3,68.0357,'2017-05-25 19:54:06','2017-05-25 19:54:06'),(4121,19,4120,15,19.4628,0.123967,0.3,76.3675,'2017-05-25 19:54:06','2017-05-25 19:54:06'),(4122,26,4124,15,4.09091,0.123967,0.3,64.2172,'2017-05-25 19:54:06','2017-05-25 19:54:06'),(4123,23,4122,15,12.1488,0.247934,0.6,60.6129,'2017-05-25 19:54:06','2017-05-25 19:54:06'),(4124,21,4123,15,15.4959,0.123967,0.3,54,'2017-05-25 19:54:06','2017-05-25 19:54:06'),(4125,24,4125,6,10.4132,0.495868,1,121.226,'2017-05-25 19:54:06','2017-05-25 19:54:06'),(4126,15,4128,2,29.2562,0.495868,1,68.0357,'2017-05-25 19:54:06','2017-05-25 19:54:06'),(4127,17,4127,15,23.3058,0.247934,1,342.879,'2017-05-25 19:54:06','2017-05-25 19:54:06'),(4128,22,4126,15,14.2562,0.123967,0.15,121.226,'2017-05-25 19:54:06','2017-05-25 19:54:06'),(4129,25,4129,15,8.67769,0.247934,0.6,68.0357,'2017-05-25 19:54:06','2017-05-25 19:54:06'),(4130,23,4130,15,12.2727,0.123967,0.15,40.4543,'2017-05-25 19:54:06','2017-05-25 19:54:06'),(4131,26,4132,15,4.21488,0.247934,0.6,76.3675,'2017-05-25 19:54:06','2017-05-25 19:54:06'),(4132,19,4131,15,19.5868,0.247934,0.6,96.2171,'2017-05-25 19:54:06','2017-05-25 19:54:06'),(4133,21,4133,15,15.6198,0.247934,0.6,68.0357,'2017-05-25 19:54:06','2017-05-25 19:54:06'),(4134,24,4134,15,10.5372,0.123967,0.3,50.9692,'2017-05-25 19:54:06','2017-05-25 19:54:06'),(4135,17,4135,15,23.4298,0.123967,0.3,114.422,'2017-05-25 19:54:06','2017-05-25 19:54:06'),(4136,15,4137,6,29.2562,0.495868,1,85.7197,'2017-05-25 19:54:06','2017-05-25 19:54:06'),(4137,22,4136,2,14.3802,0.495868,1,121.226,'2017-05-25 19:54:06','2017-05-25 19:54:06'),(4138,25,4138,2,8.92562,0.495868,1,57.211,'2017-05-25 19:54:07','2017-05-25 19:54:07'),(4139,19,4141,2,19.8347,0.495868,1,76.3675,'2017-05-25 19:54:07','2017-05-25 19:54:07'),(4140,23,4139,2,12.3967,0.495868,1,48.1085,'2017-05-25 19:54:07','2017-05-25 19:54:07'),(4141,21,4140,2,15.8678,0.495868,1,54,'2017-05-25 19:54:07','2017-05-25 19:54:07'),(4142,26,4142,15,4.33884,0.123967,0.15,32.1086,'2017-05-25 19:54:07','2017-05-25 19:54:07'),(4143,22,4144,6,14.3802,0.495868,1,96.2171,'2017-05-25 19:54:07','2017-05-25 19:54:07'),(4144,15,4145,15,29.3802,0.123967,0.3,68.0357,'2017-05-25 19:54:07','2017-05-25 19:54:07'),(4145,17,4143,15,23.5537,0.247934,0.6,72.0814,'2017-05-25 19:54:07','2017-05-25 19:54:07'),(4146,24,4146,15,10.6612,0.247934,0.6,60.6129,'2017-05-25 19:54:07','2017-05-25 19:54:07'),(4147,25,4150,15,9.04959,0.123967,0.3,68.0357,'2017-05-25 19:54:07','2017-05-25 19:54:07'),(4148,23,4147,6,12.3967,0.495868,1,121.226,'2017-05-25 19:54:07','2017-05-25 19:54:07'),(4149,19,4149,15,19.9587,0.123967,0.3,76.3675,'2017-05-25 19:54:07','2017-05-25 19:54:07'),(4150,21,4148,15,15.9917,0.123967,0.3,50.9692,'2017-05-25 19:54:07','2017-05-25 19:54:07'),(4151,26,4151,2,4.46281,0.495868,1,32.1086,'2017-05-25 19:54:07','2017-05-25 19:54:07'),(4152,17,4154,2,23.8017,0.495868,1,57.211,'2017-05-25 19:54:07','2017-05-25 19:54:07'),(4153,22,4152,15,14.5041,0.123967,0.3,80.9086,'2017-05-25 19:54:07','2017-05-25 19:54:07'),(4154,15,4153,15,29.5041,0.247934,0.6,85.7197,'2017-05-25 19:54:07','2017-05-25 19:54:07'),(4155,24,4155,2,10.9091,0.495868,1,50.9692,'2017-05-25 19:54:07','2017-05-25 19:54:07'),(4156,19,4157,15,20.0826,0.247934,0.6,96.2171,'2017-05-25 19:54:07','2017-05-25 19:54:07'),(4157,25,4159,16,9.17355,0.247934,0.6,68.0357,'2017-05-25 19:54:07','2017-05-25 19:54:07'),(4158,26,4160,6,4.46281,0.495868,1,96.2171,'2017-05-25 19:54:07','2017-05-25 19:54:07'),(4159,21,4158,15,16.1157,0.247934,0.6,64.2172,'2017-05-25 19:54:07','2017-05-25 19:54:07'),(4160,23,4156,15,12.5207,0.123967,0.3,48.1085,'2017-05-25 19:54:07','2017-05-25 19:54:07'),(4161,22,4163,15,14.6281,0.247934,0.6,80.9086,'2017-05-25 19:54:07','2017-05-25 19:54:07'),(4162,15,4162,2,29.7521,0.495868,1,68.0357,'2017-05-25 19:54:07','2017-05-25 19:54:07'),(4163,17,4161,15,23.9256,0.123967,0.3,64.2172,'2017-05-25 19:54:07','2017-05-25 19:54:07'),(4164,24,4164,15,11.0331,0.123967,0.3,50.9692,'2017-05-25 19:54:07','2017-05-25 19:54:07'),(4165,26,4166,15,4.58678,0.123967,0.3,64.2172,'2017-05-25 19:54:07','2017-05-25 19:54:07'),(4166,25,4165,15,9.29752,0.123967,0.15,57.211,'2017-05-25 19:54:07','2017-05-25 19:54:07'),(4167,21,4169,15,16.2397,0.123967,0.15,50.9692,'2017-05-25 19:54:07','2017-05-25 19:54:07'),(4168,23,4168,15,12.6446,0.247934,0.6,60.6129,'2017-05-25 19:54:07','2017-05-25 19:54:07'),(4169,19,4167,15,20.2066,0.123967,0.15,76.3675,'2017-05-25 19:54:07','2017-05-25 19:54:07'),(4170,15,4171,15,29.876,0.123967,0.3,72.0814,'2017-05-25 19:54:08','2017-05-25 19:54:08'),(4171,24,4173,15,11.157,0.247934,0.6,60.6129,'2017-05-25 19:54:08','2017-05-25 19:54:08'),(4172,22,4170,2,14.876,0.495868,1,121.226,'2017-05-25 19:54:08','2017-05-25 19:54:08'),(4173,17,4172,15,24.0496,0.247934,0.6,64.2172,'2017-05-25 19:54:08','2017-05-25 19:54:08'),(4174,26,4174,12,4.71074,0.247934,0.6,76.3675,'2017-05-25 19:54:08','2017-05-25 19:54:08'),(4175,25,4175,2,9.42149,0.495868,1,57.211,'2017-05-25 19:54:08','2017-05-25 19:54:08'),(4176,23,4177,2,12.8926,0.495868,1,48.1085,'2017-05-25 19:54:08','2017-05-25 19:54:08'),(4177,21,4176,2,16.3636,0.495868,1,50.9692,'2017-05-25 19:54:08','2017-05-25 19:54:08'),(4178,19,4178,2,20.3306,0.495868,1,76.3675,'2017-05-25 19:54:08','2017-05-25 19:54:08'),(4179,17,4181,15,24.1736,0.123967,0.15,54,'2017-05-25 19:54:08','2017-05-25 19:54:08'),(4180,15,4179,15,30,0.247934,0.6,72.0814,'2017-05-25 19:54:08','2017-05-25 19:54:08'),(4181,22,4180,15,15,0.123967,0.3,80.9086,'2017-05-25 19:54:08','2017-05-25 19:54:08'),(4182,24,4182,15,11.281,0.123967,0.15,38.1838,'2017-05-25 19:54:08','2017-05-25 19:54:08'),(4183,26,4183,2,4.95868,0.495868,1,32.1086,'2017-05-25 19:54:08','2017-05-25 19:54:08'),(4184,21,4186,6,16.3636,0.495868,1,76.3675,'2017-05-25 19:54:08','2017-05-25 19:54:08'),(4185,19,4187,6,20.3306,0.495868,1,114.422,'2017-05-25 19:54:08','2017-05-25 19:54:08'),(4186,23,4185,15,13.0165,0.123967,0.3,48.1085,'2017-05-25 19:54:08','2017-05-25 19:54:08'),(4187,25,4184,6,9.42149,0.495868,1,90.8168,'2017-05-25 19:54:08','2017-05-25 19:54:08'),(4188,17,4188,2,24.2975,0.495868,1,54,'2017-05-25 19:54:08','2017-05-25 19:54:08'),(4189,22,4190,15,15.124,0.247934,0.6,80.9086,'2017-05-25 19:54:08','2017-05-25 19:54:08'),(4190,15,4189,15,30.124,0.123967,0.15,57.211,'2017-05-25 19:54:08','2017-05-25 19:54:08'),(4191,24,4191,2,11.405,0.495868,1,50.9692,'2017-05-25 19:54:08','2017-05-25 19:54:08'),(4192,26,4192,15,5.08264,0.123967,0.3,64.2172,'2017-05-25 19:54:08','2017-05-25 19:54:08'),(4193,21,4193,15,16.4876,0.123967,0.3,50.9692,'2017-05-25 19:54:08','2017-05-25 19:54:08'),(4194,23,4194,15,13.1405,0.247934,0.6,60.6129,'2017-05-25 19:54:08','2017-05-25 19:54:08'),(4195,25,4196,15,9.54545,0.123967,0.3,68.0357,'2017-05-25 19:54:08','2017-05-25 19:54:08'),(4196,19,4195,15,20.4545,0.123967,0.3,76.3675,'2017-05-25 19:54:08','2017-05-25 19:54:08'),(4197,22,4199,15,15.124,0.247934,0.5,384.868,'2017-05-25 19:54:08','2017-05-25 19:54:08'),(4198,17,4197,6,24.2975,0.495868,1,85.7197,'2017-05-25 19:54:08','2017-05-25 19:54:08'),(4199,15,4198,2,30.2479,0.495868,1,114.422,'2017-05-25 19:54:08','2017-05-25 19:54:08'),(4200,24,4201,6,11.405,0.495868,1,121.226,'2017-05-25 19:54:09','2017-05-25 19:54:09'),(4201,26,4200,15,5.20661,0.247934,0.6,76.3675,'2017-05-25 19:54:09','2017-05-25 19:54:09'),(4202,23,4205,15,13.2645,0.123967,0.15,40.4543,'2017-05-25 19:54:09','2017-05-25 19:54:09'),(4203,21,4203,12,16.6116,0.247934,0.6,64.2172,'2017-05-25 19:54:09','2017-05-25 19:54:09'),(4204,25,4204,16,9.66942,0.247934,0.6,68.0357,'2017-05-25 19:54:09','2017-05-25 19:54:09'),(4205,19,4202,16,20.5785,0.247934,0.6,96.2171,'2017-05-25 19:54:09','2017-05-25 19:54:09'),(4206,15,4208,6,30.2479,0.495868,1,96.2171,'2017-05-25 19:54:09','2017-05-25 19:54:09'),(4207,22,4206,15,15.2479,0.123967,0.15,121.226,'2017-05-25 19:54:09','2017-05-25 19:54:09'),(4208,17,4207,15,24.4215,0.123967,0.3,64.2172,'2017-05-25 19:54:09','2017-05-25 19:54:09'),(4209,24,4209,4,11.5289,0.123967,0.3,50.9692,'2017-05-25 19:54:09','2017-05-25 19:54:09'),(4210,26,4210,15,5.33058,0.123967,0.15,32.1086,'2017-05-25 19:54:09','2017-05-25 19:54:09'),(4211,19,4214,2,20.8264,0.495868,1,76.3675,'2017-05-25 19:54:09','2017-05-25 19:54:09'),(4212,21,4213,2,16.8595,0.495868,1,50.9692,'2017-05-25 19:54:09','2017-05-25 19:54:09'),(4213,25,4212,2,9.91736,0.495868,1,57.211,'2017-05-25 19:54:09','2017-05-25 19:54:09'),(4214,15,4215,15,30.3719,0.123967,0.3,72.0814,'2017-05-25 19:54:09','2017-05-25 19:54:09'),(4215,23,4211,2,13.3884,0.495868,1,48.1085,'2017-05-25 19:54:09','2017-05-25 19:54:09'),(4216,17,4216,15,24.5455,0.247934,0.6,64.2172,'2017-05-25 19:54:09','2017-05-25 19:54:09'),(4217,22,4217,2,15.3719,0.495868,1,121.226,'2017-05-25 19:54:09','2017-05-25 19:54:09'),(4218,26,4219,2,5.45455,0.495868,1,32.1086,'2017-05-25 19:54:09','2017-05-25 19:54:09'),(4219,24,4218,15,11.6529,0.247934,0.6,60.6129,'2017-05-25 19:54:09','2017-05-25 19:54:09'),(4220,19,4220,15,20.9504,0.123967,0.3,76.3675,'2017-05-25 19:54:09','2017-05-25 19:54:09'),(4221,21,4221,15,16.9835,0.123967,0.3,50.9692,'2017-05-25 19:54:09','2017-05-25 19:54:09'),(4222,25,4222,15,10.0413,0.123967,0.3,68.0357,'2017-05-25 19:54:09','2017-05-25 19:54:09'),(4223,15,4223,15,30.4959,0.247934,0.6,72.0814,'2017-05-25 19:54:09','2017-05-25 19:54:09'),(4224,17,4225,2,24.7934,0.495868,1,54,'2017-05-25 19:54:09','2017-05-25 19:54:09'),(4225,23,4224,6,13.3884,0.495868,1,121.226,'2017-05-25 19:54:09','2017-05-25 19:54:09'),(4226,22,4226,6,15.3719,0.495868,1,96.2171,'2017-05-25 19:54:09','2017-05-25 19:54:09'),(4227,24,4227,2,11.9008,0.495868,1,50.9692,'2017-05-25 19:54:09','2017-05-25 19:54:09'),(4228,26,4228,6,5.45455,0.495868,1,96.2171,'2017-05-25 19:54:09','2017-05-25 19:54:09'),(4229,21,4229,15,17.1074,0.247934,0.6,64.2172,'2017-05-25 19:54:10','2017-05-25 19:54:10'),(4230,19,4230,15,21.0744,0.247934,0.6,96.2171,'2017-05-25 19:54:10','2017-05-25 19:54:10'),(4231,25,4232,15,10.1653,0.247934,0.6,68.0357,'2017-05-25 19:54:10','2017-05-25 19:54:10'),(4232,15,4231,2,30.7438,0.495868,1,114.422,'2017-05-25 19:54:10','2017-05-25 19:54:10'),(4233,23,4233,4,13.5124,0.123967,0.3,48.1085,'2017-05-25 19:54:10','2017-05-25 19:54:10'),(4234,17,4234,15,24.9174,0.123967,0.3,64.2172,'2017-05-25 19:54:10','2017-05-25 19:54:10'),(4235,22,4235,15,15.3719,0.247934,1,384.868,'2017-05-25 19:54:10','2017-05-25 19:54:10'),(4236,24,4236,15,12.0248,0.123967,0.3,54,'2017-05-25 19:54:10','2017-05-25 19:54:10'),(4237,26,4237,15,5.57851,0.123967,0.3,64.2172,'2017-05-25 19:54:10','2017-05-25 19:54:10'),(4238,21,4238,15,17.2314,0.123967,0.15,50.9692,'2017-05-25 19:54:10','2017-05-25 19:54:10'),(4239,25,4240,15,10.2893,0.123967,0.15,57.211,'2017-05-25 19:54:10','2017-05-25 19:54:10'),(4240,15,4241,15,30.8678,0.123967,0.3,72.0814,'2017-05-25 19:54:10','2017-05-25 19:54:10'),(4241,19,4239,15,21.1983,0.123967,0.15,76.3675,'2017-05-25 19:54:10','2017-05-25 19:54:10'),(4242,17,4243,16,25.0413,0.247934,0.6,64.2172,'2017-05-25 19:54:10','2017-05-25 19:54:10'),(4243,23,4242,15,13.6364,0.247934,0.6,60.6129,'2017-05-25 19:54:10','2017-05-25 19:54:10'),(4244,22,4245,15,15.4959,0.123967,0.3,80.9086,'2017-05-25 19:54:10','2017-05-25 19:54:10'),(4245,24,4244,15,12.1488,0.247934,0.6,54,'2017-05-25 19:54:10','2017-05-25 19:54:10'),(4246,26,4246,15,5.70248,0.247934,0.6,76.3675,'2017-05-25 19:54:10','2017-05-25 19:54:10'),(4247,25,4248,2,10.4132,0.495868,1,57.211,'2017-05-25 19:54:10','2017-05-25 19:54:10'),(4248,21,4247,2,17.3554,0.495868,1,50.9692,'2017-05-25 19:54:10','2017-05-25 19:54:10'),(4249,19,4249,2,21.3223,0.495868,1,76.3675,'2017-05-25 19:54:10','2017-05-25 19:54:10'),(4250,15,4250,16,30.9917,0.247934,0.6,72.0814,'2017-05-25 19:54:10','2017-05-25 19:54:10'),(4251,23,4251,2,13.8843,0.495868,1,48.1085,'2017-05-25 19:54:10','2017-05-25 19:54:10'),(4252,17,4252,15,25.1653,0.123967,0.15,54,'2017-05-25 19:54:10','2017-05-25 19:54:10'),(4253,24,4253,15,12.2727,0.123967,0.15,40.4543,'2017-05-25 19:54:10','2017-05-25 19:54:10'),(4254,26,4254,2,5.95041,0.495868,1,32.1086,'2017-05-25 19:54:10','2017-05-25 19:54:10'),(4255,25,4255,6,10.4132,0.495868,1,90.8168,'2017-05-25 19:54:10','2017-05-25 19:54:10'),(4256,19,4256,6,21.3223,0.495868,1,114.422,'2017-05-25 19:54:10','2017-05-25 19:54:10'),(4257,21,4257,6,17.3554,0.495868,1,76.3675,'2017-05-25 19:54:10','2017-05-25 19:54:10'),(4258,23,4259,15,14.0083,0.123967,0.3,48.1085,'2017-05-25 19:54:10','2017-05-25 19:54:10'),(4259,17,4260,2,25.2893,0.495868,1,54,'2017-05-25 19:54:10','2017-05-25 19:54:10'),(4260,15,4258,15,30.9917,0.247934,0.5,384.868,'2017-05-25 19:54:10','2017-05-25 19:54:10'),(4261,24,4261,2,12.3967,0.495868,1,40.4543,'2017-05-25 19:54:11','2017-05-25 19:54:11'),(4262,26,4262,15,6.07438,0.123967,0.3,64.2172,'2017-05-25 19:54:11','2017-05-25 19:54:11'),(4263,25,4263,15,10.5372,0.123967,0.3,68.0357,'2017-05-25 19:54:11','2017-05-25 19:54:11'),(4264,19,4264,15,21.4463,0.123967,0.3,76.3675,'2017-05-25 19:54:11','2017-05-25 19:54:11'),(4265,15,4268,2,31.2397,0.495868,1,114.422,'2017-05-25 19:54:11','2017-05-25 19:54:11'),(4266,17,4266,6,25.2893,0.495868,1,85.7197,'2017-05-25 19:54:11','2017-05-25 19:54:11'),(4267,24,4269,6,12.3967,0.495868,1,64.2172,'2017-05-25 19:54:11','2017-05-25 19:54:11'),(4268,23,4267,15,14.1322,0.247934,0.6,60.6129,'2017-05-25 19:54:11','2017-05-25 19:54:11'),(4269,21,4265,15,17.4793,0.123967,0.3,50.9692,'2017-05-25 19:54:11','2017-05-25 19:54:11'),(4270,26,4270,15,6.19835,0.247934,0.6,76.3675,'2017-05-25 19:54:11','2017-05-25 19:54:11'),(4271,19,4271,16,21.5702,0.247934,0.6,96.2171,'2017-05-25 19:54:11','2017-05-25 19:54:11'),(4272,25,4272,15,10.6612,0.247934,0.6,68.0357,'2017-05-25 19:54:11','2017-05-25 19:54:11'),(4273,24,4275,15,12.5207,0.123967,0.3,54,'2017-05-25 19:54:11','2017-05-25 19:54:11'),(4274,17,4273,15,25.4132,0.123967,0.3,64.2172,'2017-05-25 19:54:11','2017-05-25 19:54:11'),(4275,23,4276,15,14.2562,0.123967,0.15,40.4543,'2017-05-25 19:54:11','2017-05-25 19:54:11'),(4276,21,4277,15,17.6033,0.247934,0.6,64.2172,'2017-05-25 19:54:11','2017-05-25 19:54:11'),(4277,15,4274,6,31.2397,0.495868,1,96.2171,'2017-05-25 19:54:11','2017-05-25 19:54:11'),(4278,26,4278,15,6.32231,0.123967,0.15,32.1086,'2017-05-25 19:54:11','2017-05-25 19:54:11'),(4279,25,4280,2,10.9091,0.495868,1,57.211,'2017-05-25 19:54:11','2017-05-25 19:54:11'),(4280,19,4279,2,21.8182,0.495868,1,76.3675,'2017-05-25 19:54:11','2017-05-25 19:54:11'),(4281,24,4281,15,12.6446,0.247934,0.6,54,'2017-05-25 19:54:11','2017-05-25 19:54:11'),(4282,17,4282,15,25.5372,0.247934,0.6,64.2172,'2017-05-25 19:54:11','2017-05-25 19:54:11'),(4283,15,4284,15,31.2397,0.247934,1,384.868,'2017-05-25 19:54:11','2017-05-25 19:54:11'),(4284,23,4285,2,14.3802,0.495868,1,48.1085,'2017-05-25 19:54:11','2017-05-25 19:54:11'),(4285,21,4283,2,17.8512,0.495868,1,50.9692,'2017-05-25 19:54:11','2017-05-25 19:54:11'),(4286,26,4286,2,6.44628,0.495868,1,32.1086,'2017-05-25 19:54:11','2017-05-25 19:54:11'),(4287,19,4288,15,21.9421,0.123967,0.3,76.3675,'2017-05-25 19:54:12','2017-05-25 19:54:12'),(4288,25,4287,15,11.0331,0.123967,0.3,68.0357,'2017-05-25 19:54:12','2017-05-25 19:54:12'),(4289,24,4289,2,12.8926,0.495868,1,40.4543,'2017-05-25 19:54:12','2017-05-25 19:54:12'),(4290,17,4290,2,25.7851,0.495868,1,54,'2017-05-25 19:54:12','2017-05-25 19:54:12'),(4291,23,4291,6,14.3802,0.495868,1,121.226,'2017-05-25 19:54:12','2017-05-25 19:54:12'),(4292,21,4292,15,17.9752,0.123967,0.3,50.9692,'2017-05-25 19:54:12','2017-05-25 19:54:12'),(4293,26,4293,6,6.44628,0.495868,1,96.2171,'2017-05-25 19:54:12','2017-05-25 19:54:12'),(4294,19,4294,15,22.0661,0.247934,0.6,96.2171,'2017-05-25 19:54:12','2017-05-25 19:54:12'),(4295,25,4295,16,11.157,0.247934,0.6,68.0357,'2017-05-25 19:54:12','2017-05-25 19:54:12'),(4296,17,4297,15,25.9091,0.123967,0.3,64.2172,'2017-05-25 19:54:12','2017-05-25 19:54:12'),(4297,23,4298,15,14.5041,0.123967,0.3,48.1085,'2017-05-25 19:54:12','2017-05-25 19:54:12'),(4298,24,4296,15,13.0165,0.123967,0.3,54,'2017-05-25 19:54:12','2017-05-25 19:54:12'),(4299,26,4300,15,6.57025,0.123967,0.3,64.2172,'2017-05-25 19:54:12','2017-05-25 19:54:12'),(4300,21,4299,15,18.0992,0.247934,0.6,64.2172,'2017-05-25 19:54:12','2017-05-25 19:54:12'),(4301,19,4301,4,22.1901,0.123967,0.15,76.3675,'2017-05-25 19:54:12','2017-05-25 19:54:12'),(4302,25,4302,15,11.281,0.123967,0.15,57.211,'2017-05-25 19:54:12','2017-05-25 19:54:12'),(4303,17,4303,16,26.0331,0.247934,0.6,64.2172,'2017-05-25 19:54:12','2017-05-25 19:54:12'),(4304,24,4305,15,13.1405,0.247934,0.6,54,'2017-05-25 19:54:12','2017-05-25 19:54:12'),(4305,23,4304,16,14.6281,0.247934,0.6,60.6129,'2017-05-25 19:54:12','2017-05-25 19:54:12'),(4306,26,4306,12,6.69421,0.247934,0.6,76.3675,'2017-05-25 19:54:12','2017-05-25 19:54:12'),(4307,21,4307,15,18.2231,0.123967,0.15,50.9692,'2017-05-25 19:54:12','2017-05-25 19:54:12'),(4308,19,4308,2,22.314,0.495868,1,76.3675,'2017-05-25 19:54:12','2017-05-25 19:54:12'),(4309,25,4309,2,11.405,0.495868,1,57.211,'2017-05-25 19:54:12','2017-05-25 19:54:12'),(4310,23,4311,2,14.876,0.495868,1,48.1085,'2017-05-25 19:54:12','2017-05-25 19:54:12'),(4311,17,4310,15,26.157,0.123967,0.15,54,'2017-05-25 19:54:12','2017-05-25 19:54:12'),(4312,24,4312,15,13.2645,0.123967,0.15,40.4543,'2017-05-25 19:54:12','2017-05-25 19:54:12'),(4313,21,4313,2,18.3471,0.495868,1,50.9692,'2017-05-25 19:54:12','2017-05-25 19:54:12'),(4314,26,4314,2,6.94215,0.495868,1,32.1086,'2017-05-25 19:54:12','2017-05-25 19:54:12'),(4315,19,4315,6,22.314,0.495868,1,114.422,'2017-05-25 19:54:12','2017-05-25 19:54:12'),(4316,24,4317,2,13.3884,0.495868,1,40.4543,'2017-05-25 19:54:13','2017-05-25 19:54:13'),(4317,23,4318,15,15,0.123967,0.3,48.1085,'2017-05-25 19:54:13','2017-05-25 19:54:13'),(4318,17,4319,2,26.281,0.495868,1,54,'2017-05-25 19:54:13','2017-05-25 19:54:13'),(4319,25,4316,6,11.405,0.495868,1,90.8168,'2017-05-25 19:54:13','2017-05-25 19:54:13'),(4320,21,4320,6,18.3471,0.495868,1,76.3675,'2017-05-25 19:54:13','2017-05-25 19:54:13'),(4321,26,4321,15,7.06612,0.123967,0.3,64.2172,'2017-05-25 19:54:13','2017-05-25 19:54:13'),(4322,19,4322,15,22.438,0.123967,0.3,76.3675,'2017-05-25 19:54:13','2017-05-25 19:54:13'),(4323,24,4323,6,13.3884,0.495868,1,64.2172,'2017-05-25 19:54:13','2017-05-25 19:54:13'),(4324,17,4326,6,26.281,0.495868,1,85.7197,'2017-05-25 19:54:13','2017-05-25 19:54:13'),(4325,25,4324,15,11.5289,0.123967,0.3,68.0357,'2017-05-25 19:54:13','2017-05-25 19:54:13'),(4326,23,4325,16,15.124,0.247934,0.6,60.6129,'2017-05-25 19:54:13','2017-05-25 19:54:13'),(4327,21,4327,15,18.4711,0.123967,0.3,50.9692,'2017-05-25 19:54:13','2017-05-25 19:54:13'),(4328,26,4328,12,7.19008,0.247934,0.6,76.3675,'2017-05-25 19:54:13','2017-05-25 19:54:13'),(4329,19,4329,16,22.562,0.247934,0.6,96.2171,'2017-05-25 19:54:13','2017-05-25 19:54:13'),(4330,24,4330,15,13.5124,0.123967,0.3,54,'2017-05-25 19:54:13','2017-05-25 19:54:13'),(4331,25,4332,12,11.6529,0.247934,0.6,68.0357,'2017-05-25 19:54:13','2017-05-25 19:54:13'),(4332,23,4333,15,15.124,0.247934,0.5,484.904,'2017-05-25 19:54:13','2017-05-25 19:54:13'),(4333,17,4331,15,26.405,0.123967,0.3,64.2172,'2017-05-25 19:54:13','2017-05-25 19:54:13'),(4334,21,4334,15,18.595,0.247934,0.6,64.2172,'2017-05-25 19:54:13','2017-05-25 19:54:13'),(4335,26,4335,15,7.19008,0.247934,0.5,769.737,'2017-05-25 19:54:13','2017-05-25 19:54:13'),(4336,19,4336,2,22.8099,0.495868,1,76.3675,'2017-05-25 19:54:13','2017-05-25 19:54:13'),(4337,24,4337,15,13.6364,0.247934,0.6,54,'2017-05-25 19:54:13','2017-05-25 19:54:13'),(4338,25,4339,2,11.9008,0.495868,1,57.211,'2017-05-25 19:54:13','2017-05-25 19:54:13'),(4339,23,4340,15,15.2479,0.123967,0.15,40.4543,'2017-05-25 19:54:13','2017-05-25 19:54:13'),(4340,17,4338,15,26.5289,0.247934,0.6,64.2172,'2017-05-25 19:54:13','2017-05-25 19:54:13'),(4341,21,4341,2,18.843,0.495868,1,50.9692,'2017-05-25 19:54:13','2017-05-25 19:54:13'),(4342,26,4342,15,7.31405,0.123967,0.15,32.1086,'2017-05-25 19:54:13','2017-05-25 19:54:13'),(4343,19,4343,15,22.9339,0.123967,0.3,76.3675,'2017-05-25 19:54:13','2017-05-25 19:54:13'),(4344,24,4344,2,13.8843,0.495868,1,40.4543,'2017-05-25 19:54:14','2017-05-25 19:54:14'),(4345,23,4345,2,15.3719,0.495868,1,48.1085,'2017-05-25 19:54:14','2017-05-25 19:54:14'),(4346,25,4346,15,12.0248,0.123967,0.3,64.2172,'2017-05-25 19:54:14','2017-05-25 19:54:14'),(4347,21,4348,15,18.9669,0.123967,0.3,50.9692,'2017-05-25 19:54:14','2017-05-25 19:54:14'),(4348,17,4349,2,26.7769,0.495868,1,54,'2017-05-25 19:54:14','2017-05-25 19:54:14'),(4349,26,4347,2,7.43802,0.495868,1,32.1086,'2017-05-25 19:54:14','2017-05-25 19:54:14'),(4350,19,4350,15,23.0579,0.247934,0.6,96.2171,'2017-05-25 19:54:14','2017-05-25 19:54:14'),(4351,23,4352,6,15.3719,0.495868,1,121.226,'2017-05-25 19:54:14','2017-05-25 19:54:14'),(4352,25,4353,15,12.1488,0.247934,0.6,80.9086,'2017-05-25 19:54:14','2017-05-25 19:54:14'),(4353,24,4351,15,14.0083,0.123967,0.3,54,'2017-05-25 19:54:14','2017-05-25 19:54:14'),(4354,26,4356,6,7.43802,0.495868,1,96.2171,'2017-05-25 19:54:14','2017-05-25 19:54:14'),(4355,21,4354,15,19.0909,0.247934,0.6,64.2172,'2017-05-25 19:54:14','2017-05-25 19:54:14'),(4356,17,4355,15,26.9008,0.123967,0.3,64.2172,'2017-05-25 19:54:14','2017-05-25 19:54:14'),(4357,23,4358,15,15.3719,0.247934,1,484.904,'2017-05-25 19:54:14','2017-05-25 19:54:14'),(4358,19,4357,15,23.0579,0.247934,0.5,457.688,'2017-05-25 19:54:14','2017-05-25 19:54:14'),(4359,25,4360,4,12.2727,0.123967,0.15,54,'2017-05-25 19:54:14','2017-05-25 19:54:14'),(4360,24,4359,12,14.1322,0.247934,0.6,54,'2017-05-25 19:54:14','2017-05-25 19:54:14'),(4361,21,4361,15,19.2149,0.123967,0.15,50.9692,'2017-05-25 19:54:14','2017-05-25 19:54:14'),(4362,26,4362,15,7.43802,0.247934,0.8,384.868,'2017-05-25 19:54:14','2017-05-25 19:54:14'),(4363,17,4363,12,27.0248,0.247934,0.6,64.2172,'2017-05-25 19:54:14','2017-05-25 19:54:14'),(4364,19,4366,15,23.1818,0.123967,0.15,76.3675,'2017-05-25 19:54:14','2017-05-25 19:54:14'),(4365,25,4365,2,12.3967,0.495868,1,32.1086,'2017-05-25 19:54:14','2017-05-25 19:54:14'),(4366,24,4367,15,14.2562,0.123967,0.15,40.4543,'2017-05-25 19:54:14','2017-05-25 19:54:14'),(4367,23,4364,15,15.4959,0.123967,0.3,48.1085,'2017-05-25 19:54:14','2017-05-25 19:54:14'),(4368,21,4368,2,19.3388,0.495868,1,50.9692,'2017-05-25 19:54:14','2017-05-25 19:54:14'),(4369,17,4369,15,27.1488,0.123967,0.15,54,'2017-05-25 19:54:14','2017-05-25 19:54:14'),(4370,26,4370,15,7.56198,0.123967,0.3,64.2172,'2017-05-25 19:54:14','2017-05-25 19:54:14'),(4371,25,4371,6,12.3967,0.495868,1,80.9086,'2017-05-25 19:54:14','2017-05-25 19:54:14'),(4372,24,4372,2,14.3802,0.495868,1,40.4543,'2017-05-25 19:54:14','2017-05-25 19:54:14'),(4373,19,4373,2,23.3058,0.495868,1,76.3675,'2017-05-25 19:54:14','2017-05-25 19:54:14'),(4374,23,4374,15,15.6198,0.247934,0.6,60.6129,'2017-05-25 19:54:14','2017-05-25 19:54:14'),(4375,17,4375,2,27.2727,0.495868,1,54,'2017-05-25 19:54:15','2017-05-25 19:54:15'),(4376,21,4377,6,19.3388,0.495868,1,76.3675,'2017-05-25 19:54:15','2017-05-25 19:54:15'),(4377,26,4376,15,7.68595,0.247934,0.6,76.3675,'2017-05-25 19:54:15','2017-05-25 19:54:15'),(4378,25,4378,15,12.5207,0.123967,0.3,64.2172,'2017-05-25 19:54:15','2017-05-25 19:54:15'),(4379,24,4380,6,14.3802,0.495868,1,64.2172,'2017-05-25 19:54:15','2017-05-25 19:54:15'),(4380,19,4379,6,23.3058,0.495868,1,114.422,'2017-05-25 19:54:15','2017-05-25 19:54:15'),(4381,23,4381,2,15.8678,0.495868,1,48.1085,'2017-05-25 19:54:15','2017-05-25 19:54:15'),(4382,21,4382,15,19.4628,0.123967,0.3,50.9692,'2017-05-25 19:54:15','2017-05-25 19:54:15'),(4383,26,4384,2,7.93388,0.495868,1,32.1086,'2017-05-25 19:54:15','2017-05-25 19:54:15'),(4384,17,4383,6,27.2727,0.495868,1,85.7197,'2017-05-25 19:54:15','2017-05-25 19:54:15'),(4385,25,4385,15,12.6446,0.247934,0.6,80.9086,'2017-05-25 19:54:15','2017-05-25 19:54:15'),(4386,23,4386,15,15.9917,0.123967,0.3,45.4084,'2017-05-25 19:54:15','2017-05-25 19:54:15'),(4387,19,4387,15,23.3058,0.247934,1,457.688,'2017-05-25 19:54:15','2017-05-25 19:54:15'),(4388,24,4388,15,14.5041,0.123967,0.3,54,'2017-05-25 19:54:15','2017-05-25 19:54:15'),(4389,21,4389,15,19.5868,0.247934,0.6,64.2172,'2017-05-25 19:54:15','2017-05-25 19:54:15'),(4390,17,4391,15,27.3967,0.123967,0.3,64.2172,'2017-05-25 19:54:15','2017-05-25 19:54:15'),(4391,26,4390,15,8.05785,0.123967,0.3,68.0357,'2017-05-25 19:54:15','2017-05-25 19:54:15'),(4392,24,4394,15,14.6281,0.247934,0.6,54,'2017-05-25 19:54:15','2017-05-25 19:54:15'),(4393,23,4393,15,16.1157,0.247934,0.6,57.211,'2017-05-25 19:54:15','2017-05-25 19:54:15'),(4394,19,4395,15,23.4298,0.123967,0.3,76.3675,'2017-05-25 19:54:15','2017-05-25 19:54:15'),(4395,25,4392,2,12.8926,0.495868,1,32.1086,'2017-05-25 19:54:15','2017-05-25 19:54:15'),(4396,21,4396,2,19.8347,0.495868,1,50.9692,'2017-05-25 19:54:15','2017-05-25 19:54:15'),(4397,26,4398,15,8.18182,0.247934,0.6,80.9086,'2017-05-25 19:54:15','2017-05-25 19:54:15'),(4398,17,4397,16,27.5207,0.247934,0.6,64.2172,'2017-05-25 19:54:15','2017-05-25 19:54:15'),(4399,24,4399,2,14.876,0.495868,1,40.4543,'2017-05-25 19:54:15','2017-05-25 19:54:15'),(4400,19,4401,15,23.5537,0.247934,0.6,96.2171,'2017-05-25 19:54:15','2017-05-25 19:54:15'),(4401,23,4400,15,16.2397,0.123967,0.15,45.4084,'2017-05-25 19:54:15','2017-05-25 19:54:15'),(4402,25,4402,15,13.0165,0.123967,0.3,64.2172,'2017-05-25 19:54:15','2017-05-25 19:54:15'),(4403,21,4403,15,19.9587,0.123967,0.3,50.9692,'2017-05-25 19:54:15','2017-05-25 19:54:15'),(4404,26,4405,15,8.30579,0.123967,0.15,50.9692,'2017-05-25 19:54:15','2017-05-25 19:54:15'),(4405,17,4404,2,27.7686,0.495868,1,54,'2017-05-25 19:54:16','2017-05-25 19:54:16'),(4406,24,4407,15,15,0.123967,0.3,54,'2017-05-25 19:54:16','2017-05-25 19:54:16'),(4407,19,4406,2,23.8017,0.495868,1,76.3675,'2017-05-25 19:54:16','2017-05-25 19:54:16'),(4408,23,4408,2,16.3636,0.495868,1,45.4084,'2017-05-25 19:54:16','2017-05-25 19:54:16'),(4409,25,4409,15,13.1405,0.247934,0.6,80.9086,'2017-05-25 19:54:16','2017-05-25 19:54:16'),(4410,26,4411,2,8.42975,0.495868,1,34.0179,'2017-05-25 19:54:16','2017-05-25 19:54:16'),(4411,21,4410,15,20.0826,0.247934,0.6,64.2172,'2017-05-25 19:54:16','2017-05-25 19:54:16'),(4412,17,4412,15,27.8926,0.123967,0.3,121.226,'2017-05-25 19:54:16','2017-05-25 19:54:16'),(4413,19,4413,15,23.9256,0.123967,0.3,85.7197,'2017-05-25 19:54:16','2017-05-25 19:54:16'),(4414,24,4414,12,15.124,0.247934,0.6,54,'2017-05-25 19:54:16','2017-05-25 19:54:16'),(4415,23,4415,6,16.3636,0.495868,1,68.0357,'2017-05-25 19:54:16','2017-05-25 19:54:16'),(4416,25,4416,15,13.2645,0.123967,0.15,54,'2017-05-25 19:54:16','2017-05-25 19:54:16'),(4417,21,4418,15,20.2066,0.123967,0.15,50.9692,'2017-05-25 19:54:16','2017-05-25 19:54:16'),(4418,26,4417,6,8.42975,0.495868,1,80.9086,'2017-05-25 19:54:16','2017-05-25 19:54:16'),(4419,17,4419,16,28.0165,0.247934,0.6,76.3675,'2017-05-25 19:54:16','2017-05-25 19:54:16'),(4420,23,4423,15,16.4876,0.123967,0.3,45.4084,'2017-05-25 19:54:16','2017-05-25 19:54:16'),(4421,25,4422,2,13.3884,0.495868,1,32.1086,'2017-05-25 19:54:16','2017-05-25 19:54:16'),(4422,19,4420,15,24.0496,0.247934,0.6,85.7197,'2017-05-25 19:54:16','2017-05-25 19:54:16'),(4423,24,4421,15,15.124,0.247934,0.5,256.869,'2017-05-25 19:54:16','2017-05-25 19:54:16'),(4424,26,4424,15,8.55372,0.123967,0.3,68.0357,'2017-05-25 19:54:16','2017-05-25 19:54:16'),(4425,21,4425,2,20.3306,0.495868,1,50.9692,'2017-05-25 19:54:16','2017-05-25 19:54:16'),(4426,17,4426,15,28.1405,0.123967,0.15,50.9692,'2017-05-25 19:54:16','2017-05-25 19:54:16'),(4427,23,4427,15,16.6116,0.247934,0.6,57.211,'2017-05-25 19:54:16','2017-05-25 19:54:16'),(4428,25,4428,6,13.3884,0.495868,1,80.9086,'2017-05-25 19:54:16','2017-05-25 19:54:16'),(4429,19,4429,15,24.1736,0.123967,0.15,72.0814,'2017-05-25 19:54:16','2017-05-25 19:54:16'),(4430,24,4430,15,15.2479,0.123967,0.15,40.4543,'2017-05-25 19:54:16','2017-05-25 19:54:16'),(4431,21,4431,6,20.3306,0.495868,1,76.3675,'2017-05-25 19:54:16','2017-05-25 19:54:16'),(4432,26,4432,16,8.67769,0.247934,0.6,80.9086,'2017-05-25 19:54:16','2017-05-25 19:54:16'),(4433,17,4433,2,28.2645,0.495868,1,60.6129,'2017-05-25 19:54:16','2017-05-25 19:54:16'),(4434,25,4435,15,13.5124,0.123967,0.3,64.2172,'2017-05-25 19:54:17','2017-05-25 19:54:17'),(4435,23,4434,2,16.8595,0.495868,1,45.4084,'2017-05-25 19:54:17','2017-05-25 19:54:17'),(4436,19,4436,2,24.2975,0.495868,1,72.0814,'2017-05-25 19:54:17','2017-05-25 19:54:17'),(4437,24,4437,2,15.3719,0.495868,1,40.4543,'2017-05-25 19:54:17','2017-05-25 19:54:17'),(4438,26,4438,2,8.92562,0.495868,1,34.0179,'2017-05-25 19:54:17','2017-05-25 19:54:17'),(4439,21,4439,15,20.4545,0.123967,0.3,50.9692,'2017-05-25 19:54:17','2017-05-25 19:54:17'),(4440,17,4440,6,28.2645,0.495868,1,76.3675,'2017-05-25 19:54:17','2017-05-25 19:54:17'),(4441,23,4441,15,16.9835,0.123967,0.3,45.4084,'2017-05-25 19:54:17','2017-05-25 19:54:17'),(4442,25,4443,15,13.6364,0.247934,0.6,80.9086,'2017-05-25 19:54:17','2017-05-25 19:54:17'),(4443,19,4442,6,24.2975,0.495868,1,114.422,'2017-05-25 19:54:17','2017-05-25 19:54:17'),(4444,26,4444,15,9.04959,0.123967,0.3,68.0357,'2017-05-25 19:54:17','2017-05-25 19:54:17'),(4445,24,4445,6,15.3719,0.495868,1,64.2172,'2017-05-25 19:54:17','2017-05-25 19:54:17'),(4446,21,4446,15,20.5785,0.247934,0.6,64.2172,'2017-05-25 19:54:17','2017-05-25 19:54:17'),(4447,17,4447,15,28.3884,0.123967,0.3,121.226,'2017-05-25 19:54:17','2017-05-25 19:54:17'),(4448,25,4448,2,13.8843,0.495868,1,32.1086,'2017-05-25 19:54:17','2017-05-25 19:54:17'),(4449,23,4450,16,17.1074,0.247934,0.6,57.211,'2017-05-25 19:54:17','2017-05-25 19:54:17'),(4450,19,4449,15,24.4215,0.123967,0.3,85.7197,'2017-05-25 19:54:17','2017-05-25 19:54:17'),(4451,26,4451,15,9.17355,0.247934,0.6,80.9086,'2017-05-25 19:54:17','2017-05-25 19:54:17'),(4452,21,4453,2,20.8264,0.495868,1,50.9692,'2017-05-25 19:54:17','2017-05-25 19:54:17'),(4453,24,4452,15,15.3719,0.247934,1,256.869,'2017-05-25 19:54:17','2017-05-25 19:54:17'),(4454,17,4454,16,28.5124,0.247934,0.6,76.3675,'2017-05-25 19:54:17','2017-05-25 19:54:17'),(4455,25,4456,15,14.0083,0.123967,0.3,64.2172,'2017-05-25 19:54:17','2017-05-25 19:54:17'),(4456,19,4455,15,24.5455,0.247934,0.6,85.7197,'2017-05-25 19:54:17','2017-05-25 19:54:17'),(4457,23,4457,15,17.2314,0.123967,0.15,45.4084,'2017-05-25 19:54:17','2017-05-25 19:54:17'),(4458,26,4458,15,9.29752,0.123967,0.15,50.9692,'2017-05-25 19:54:17','2017-05-25 19:54:17'),(4459,21,4459,15,20.9504,0.123967,0.3,50.9692,'2017-05-25 19:54:17','2017-05-25 19:54:17'),(4460,24,4460,15,15.4959,0.123967,0.3,54,'2017-05-25 19:54:17','2017-05-25 19:54:17'),(4461,17,4461,2,28.7603,0.495868,1,60.6129,'2017-05-25 19:54:17','2017-05-25 19:54:17'),(4462,19,4463,2,24.7934,0.495868,1,72.0814,'2017-05-25 19:54:17','2017-05-25 19:54:17'),(4463,23,4464,2,17.3554,0.495868,1,45.4084,'2017-05-25 19:54:17','2017-05-25 19:54:17'),(4464,25,4462,15,14.1322,0.247934,0.6,80.9086,'2017-05-25 19:54:18','2017-05-25 19:54:18'),(4465,21,4466,16,21.0744,0.247934,0.6,64.2172,'2017-05-25 19:54:18','2017-05-25 19:54:18'),(4466,26,4465,2,9.42149,0.495868,1,34.0179,'2017-05-25 19:54:18','2017-05-25 19:54:18'),(4467,17,4467,15,28.8843,0.123967,0.3,121.226,'2017-05-25 19:54:18','2017-05-25 19:54:18'),(4468,19,4468,15,24.9174,0.123967,0.3,85.7197,'2017-05-25 19:54:18','2017-05-25 19:54:18'),(4469,25,4470,15,14.2562,0.123967,0.15,54,'2017-05-25 19:54:18','2017-05-25 19:54:18'),(4470,23,4469,6,17.3554,0.495868,1,68.0357,'2017-05-25 19:54:18','2017-05-25 19:54:18'),(4471,21,4471,15,21.1983,0.123967,0.15,50.9692,'2017-05-25 19:54:18','2017-05-25 19:54:18'),(4472,26,4472,6,9.42149,0.495868,1,80.9086,'2017-05-25 19:54:18','2017-05-25 19:54:18'),(4473,17,4473,15,29.0083,0.247934,0.6,76.3675,'2017-05-25 19:54:18','2017-05-25 19:54:18'),(4474,23,4475,15,17.4793,0.123967,0.3,45.4084,'2017-05-25 19:54:18','2017-05-25 19:54:18'),(4475,19,4474,15,25.0413,0.247934,0.6,85.7197,'2017-05-25 19:54:18','2017-05-25 19:54:18'),(4476,25,4476,2,14.3802,0.495868,1,32.1086,'2017-05-25 19:54:18','2017-05-25 19:54:18'),(4477,21,4477,2,21.3223,0.495868,1,50.9692,'2017-05-25 19:54:18','2017-05-25 19:54:18'),(4478,26,4478,15,9.54545,0.123967,0.3,68.0357,'2017-05-25 19:54:18','2017-05-25 19:54:18'),(4479,17,4479,15,29.1322,0.123967,0.15,50.9692,'2017-05-25 19:54:18','2017-05-25 19:54:18'),(4480,23,4480,15,17.6033,0.247934,0.6,57.211,'2017-05-25 19:54:18','2017-05-25 19:54:18'),(4481,19,4482,15,25.1653,0.123967,0.15,72.0814,'2017-05-25 19:54:18','2017-05-25 19:54:18'),(4482,25,4481,6,14.3802,0.495868,1,80.9086,'2017-05-25 19:54:18','2017-05-25 19:54:18'),(4483,26,4483,15,9.66942,0.247934,0.6,80.9086,'2017-05-25 19:54:18','2017-05-25 19:54:18'),(4484,21,4484,6,21.3223,0.495868,1,76.3675,'2017-05-25 19:54:18','2017-05-25 19:54:18'),(4485,17,4485,2,29.2562,0.495868,1,60.6129,'2017-05-25 19:54:18','2017-05-25 19:54:18'),(4486,23,4486,2,17.8512,0.495868,1,45.4084,'2017-05-25 19:54:18','2017-05-25 19:54:18'),(4487,25,4488,4,14.5041,0.123967,0.3,64.2172,'2017-05-25 19:54:18','2017-05-25 19:54:18'),(4488,19,4487,2,25.2893,0.495868,1,72.0814,'2017-05-25 19:54:18','2017-05-25 19:54:18'),(4489,26,4489,2,9.91736,0.495868,1,34.0179,'2017-05-25 19:54:18','2017-05-25 19:54:18'),(4490,21,4490,15,21.4463,0.123967,0.3,50.9692,'2017-05-25 19:54:18','2017-05-25 19:54:18'),(4491,17,4491,6,29.2562,0.495868,1,76.3675,'2017-05-25 19:54:18','2017-05-25 19:54:18'),(4492,23,4492,15,17.9752,0.123967,0.3,45.4084,'2017-05-25 19:54:19','2017-05-25 19:54:19'),(4493,25,4493,16,14.6281,0.247934,0.6,80.9086,'2017-05-25 19:54:19','2017-05-25 19:54:19'),(4494,19,4494,6,25.2893,0.495868,1,114.422,'2017-05-25 19:54:19','2017-05-25 19:54:19'),(4495,26,4495,15,10.0413,0.123967,0.3,68.0357,'2017-05-25 19:54:19','2017-05-25 19:54:19'),(4496,21,4496,15,21.5702,0.247934,0.6,64.2172,'2017-05-25 19:54:19','2017-05-25 19:54:19'),(4497,17,4497,15,29.3802,0.123967,0.3,121.226,'2017-05-25 19:54:19','2017-05-25 19:54:19'),(4498,23,4500,15,18.0992,0.247934,0.6,57.211,'2017-05-25 19:54:19','2017-05-25 19:54:19'),(4499,19,4499,15,25.4132,0.123967,0.3,85.7197,'2017-05-25 19:54:19','2017-05-25 19:54:19'),(4500,25,4498,2,14.876,0.495868,1,32.1086,'2017-05-25 19:54:19','2017-05-25 19:54:19'),(4501,26,4501,15,10.1653,0.247934,0.6,80.9086,'2017-05-25 19:54:19','2017-05-25 19:54:19'),(4502,21,4502,2,21.8182,0.495868,1,50.9692,'2017-05-25 19:54:19','2017-05-25 19:54:19'),(4503,17,4503,15,29.5041,0.247934,0.6,76.3675,'2017-05-25 19:54:19','2017-05-25 19:54:19'),(4504,23,4504,15,18.2231,0.123967,0.15,45.4084,'2017-05-25 19:54:19','2017-05-25 19:54:19'),(4505,25,4506,15,15,0.123967,0.3,64.2172,'2017-05-25 19:54:19','2017-05-25 19:54:19'),(4506,19,4505,15,25.5372,0.247934,0.6,85.7197,'2017-05-25 19:54:19','2017-05-25 19:54:19'),(4507,26,4507,15,10.2893,0.123967,0.15,50.9692,'2017-05-25 19:54:19','2017-05-25 19:54:19'),(4508,21,4508,15,21.9421,0.123967,0.3,50.9692,'2017-05-25 19:54:19','2017-05-25 19:54:19'),(4509,17,4509,2,29.7521,0.495868,1,60.6129,'2017-05-25 19:54:19','2017-05-25 19:54:19'),(4510,23,4510,2,18.3471,0.495868,1,45.4084,'2017-05-25 19:54:19','2017-05-25 19:54:19'),(4511,25,4511,15,15.124,0.247934,0.6,80.9086,'2017-05-25 19:54:19','2017-05-25 19:54:19'),(4512,21,4513,15,22.0661,0.247934,0.6,64.2172,'2017-05-25 19:54:19','2017-05-25 19:54:19'),(4513,19,4512,2,25.7851,0.495868,1,72.0814,'2017-05-25 19:54:19','2017-05-25 19:54:19'),(4514,26,4515,2,10.4132,0.495868,1,34.0179,'2017-05-25 19:54:19','2017-05-25 19:54:19'),(4515,17,4514,15,29.876,0.123967,0.3,64.2172,'2017-05-25 19:54:19','2017-05-25 19:54:19'),(4516,23,4516,6,18.3471,0.495868,1,68.0357,'2017-05-25 19:54:19','2017-05-25 19:54:19'),(4517,25,4517,15,15.124,0.247934,0.5,323.634,'2017-05-25 19:54:19','2017-05-25 19:54:19'),(4518,21,4518,15,22.1901,0.123967,0.15,50.9692,'2017-05-25 19:54:20','2017-05-25 19:54:20'),(4519,26,4520,6,10.4132,0.495868,1,80.9086,'2017-05-25 19:54:20','2017-05-25 19:54:20'),(4520,19,4519,4,25.9091,0.123967,0.3,85.7197,'2017-05-25 19:54:20','2017-05-25 19:54:20'),(4521,17,4521,12,30,0.247934,0.6,64.2172,'2017-05-25 19:54:20','2017-05-25 19:54:20'),(4522,23,4522,15,18.4711,0.123967,0.3,45.4084,'2017-05-25 19:54:20','2017-05-25 19:54:20'),(4523,25,4523,15,15.2479,0.123967,0.15,54,'2017-05-25 19:54:20','2017-05-25 19:54:20'),(4524,21,4526,2,22.314,0.495868,1,50.9692,'2017-05-25 19:54:20','2017-05-25 19:54:20'),(4525,19,4525,15,26.0331,0.247934,0.6,85.7197,'2017-05-25 19:54:20','2017-05-25 19:54:20'),(4526,26,4524,15,10.5372,0.123967,0.3,68.0357,'2017-05-25 19:54:20','2017-05-25 19:54:20'),(4527,17,4527,15,30.124,0.123967,0.15,50.9692,'2017-05-25 19:54:20','2017-05-25 19:54:20'),(4528,23,4528,15,18.595,0.247934,0.6,57.211,'2017-05-25 19:54:20','2017-05-25 19:54:20'),(4529,25,4529,2,15.3719,0.495868,1,32.1086,'2017-05-25 19:54:20','2017-05-25 19:54:20'),(4530,19,4530,15,26.157,0.123967,0.15,72.0814,'2017-05-25 19:54:20','2017-05-25 19:54:20'),(4531,21,4532,6,22.314,0.495868,1,76.3675,'2017-05-25 19:54:20','2017-05-25 19:54:20'),(4532,17,4531,2,30.2479,0.495868,1,50.9692,'2017-05-25 19:54:20','2017-05-25 19:54:20'),(4533,26,4533,15,10.6612,0.247934,0.6,80.9086,'2017-05-25 19:54:20','2017-05-25 19:54:20'),(4534,23,4534,2,18.843,0.495868,1,45.4084,'2017-05-25 19:54:20','2017-05-25 19:54:20'),(4535,25,4535,6,15.3719,0.495868,1,80.9086,'2017-05-25 19:54:20','2017-05-25 19:54:20'),(4536,21,4536,15,22.438,0.123967,0.3,50.9692,'2017-05-25 19:54:21','2017-05-25 19:54:21'),(4537,19,4537,2,26.281,0.495868,1,72.0814,'2017-05-25 19:54:21','2017-05-25 19:54:21'),(4538,26,4539,2,10.9091,0.495868,1,34.0179,'2017-05-25 19:54:21','2017-05-25 19:54:21'),(4539,17,4538,6,30.2479,0.495868,1,85.7197,'2017-05-25 19:54:21','2017-05-25 19:54:21'),(4540,23,4541,15,18.9669,0.123967,0.3,45.4084,'2017-05-25 19:54:21','2017-05-25 19:54:21'),(4541,25,4540,15,15.3719,0.247934,1,323.634,'2017-05-25 19:54:21','2017-05-25 19:54:21'),(4542,19,4543,6,26.281,0.495868,1,114.422,'2017-05-25 19:54:21','2017-05-25 19:54:21'),(4543,21,4542,16,22.562,0.247934,0.6,64.2172,'2017-05-25 19:54:21','2017-05-25 19:54:21'),(4544,26,4544,15,11.0331,0.123967,0.3,68.0357,'2017-05-25 19:54:21','2017-05-25 19:54:21'),(4545,17,4545,15,30.3719,0.123967,0.3,64.2172,'2017-05-25 19:54:21','2017-05-25 19:54:21'),(4546,23,4546,15,19.0909,0.247934,0.6,57.211,'2017-05-25 19:54:21','2017-05-25 19:54:21'),(4547,25,4547,15,15.4959,0.123967,0.3,64.2172,'2017-05-25 19:54:21','2017-05-25 19:54:21'),(4548,21,4548,2,22.8099,0.495868,1,50.9692,'2017-05-25 19:54:21','2017-05-25 19:54:21'),(4549,26,4550,15,11.157,0.247934,0.6,80.9086,'2017-05-25 19:54:21','2017-05-25 19:54:21'),(4550,19,4551,15,26.405,0.123967,0.3,85.7197,'2017-05-25 19:54:21','2017-05-25 19:54:21'),(4551,17,4549,15,30.4959,0.247934,0.6,64.2172,'2017-05-25 19:54:21','2017-05-25 19:54:21'),(4552,23,4552,15,19.2149,0.123967,0.15,45.4084,'2017-05-25 19:54:21','2017-05-25 19:54:21'),(4553,25,4553,15,15.6198,0.247934,0.6,80.9086,'2017-05-25 19:54:21','2017-05-25 19:54:21'),(4554,19,4555,16,26.5289,0.247934,0.6,85.7197,'2017-05-25 19:54:21','2017-05-25 19:54:21'),(4555,26,4556,15,11.281,0.123967,0.15,50.9692,'2017-05-25 19:54:21','2017-05-25 19:54:21'),(4556,17,4557,2,30.7438,0.495868,1,50.9692,'2017-05-25 19:54:21','2017-05-25 19:54:21'),(4557,21,4554,15,22.9339,0.123967,0.3,50.9692,'2017-05-25 19:54:21','2017-05-25 19:54:21'),(4558,23,4558,2,19.3388,0.495868,1,45.4084,'2017-05-25 19:54:21','2017-05-25 19:54:21'),(4559,25,4559,2,15.8678,0.495868,1,32.1086,'2017-05-25 19:54:21','2017-05-25 19:54:21'),(4560,19,4560,2,26.7769,0.495868,1,72.0814,'2017-05-25 19:54:21','2017-05-25 19:54:21'),(4561,21,4562,15,23.0579,0.247934,0.6,64.2172,'2017-05-25 19:54:21','2017-05-25 19:54:21'),(4562,17,4563,15,30.8678,0.123967,0.3,64.2172,'2017-05-25 19:54:21','2017-05-25 19:54:21'),(4563,26,4561,2,11.405,0.495868,1,34.0179,'2017-05-25 19:54:21','2017-05-25 19:54:21'),(4564,25,4565,15,15.9917,0.123967,0.3,121.226,'2017-05-25 19:54:22','2017-05-25 19:54:22'),(4565,23,4564,6,19.3388,0.495868,1,68.0357,'2017-05-25 19:54:22','2017-05-25 19:54:22'),(4566,19,4566,15,26.9008,0.123967,0.3,85.7197,'2017-05-25 19:54:22','2017-05-25 19:54:22'),(4567,17,4567,15,30.9917,0.247934,0.6,64.2172,'2017-05-25 19:54:22','2017-05-25 19:54:22'),(4568,21,4568,15,23.0579,0.247934,0.5,305.47,'2017-05-25 19:54:22','2017-05-25 19:54:22'),(4569,26,4569,6,11.405,0.495868,1,80.9086,'2017-05-25 19:54:22','2017-05-25 19:54:22'),(4570,25,4570,15,16.1157,0.247934,0.6,76.3675,'2017-05-25 19:54:22','2017-05-25 19:54:22'),(4571,23,4571,15,19.4628,0.123967,0.3,45.4084,'2017-05-25 19:54:22','2017-05-25 19:54:22'),(4572,17,4573,15,30.9917,0.247934,0.5,342.879,'2017-05-25 19:54:22','2017-05-25 19:54:22'),(4573,19,4572,15,27.0248,0.247934,0.6,85.7197,'2017-05-25 19:54:22','2017-05-25 19:54:22'),(4574,21,4574,15,23.1818,0.123967,0.15,50.9692,'2017-05-25 19:54:22','2017-05-25 19:54:22'),(4575,26,4575,15,11.5289,0.123967,0.3,68.0357,'2017-05-25 19:54:22','2017-05-25 19:54:22'),(4576,25,4576,15,16.2397,0.123967,0.15,60.6129,'2017-05-25 19:54:22','2017-05-25 19:54:22'),(4577,23,4577,15,19.5868,0.247934,0.6,57.211,'2017-05-25 19:54:22','2017-05-25 19:54:22'),(4578,21,4580,2,23.3058,0.495868,1,50.9692,'2017-05-25 19:54:22','2017-05-25 19:54:22'),(4579,17,4579,2,31.2397,0.495868,1,50.9692,'2017-05-25 19:54:22','2017-05-25 19:54:22'),(4580,26,4581,12,11.6529,0.247934,0.6,80.9086,'2017-05-25 19:54:22','2017-05-25 19:54:22'),(4581,19,4578,15,27.1488,0.123967,0.15,72.0814,'2017-05-25 19:54:22','2017-05-25 19:54:22'),(4582,25,4582,2,16.3636,0.495868,1,60.6129,'2017-05-25 19:54:22','2017-05-25 19:54:22'),(4583,23,4583,2,19.8347,0.495868,1,45.4084,'2017-05-25 19:54:22','2017-05-25 19:54:22'),(4584,21,4584,6,23.3058,0.495868,1,76.3675,'2017-05-25 19:54:22','2017-05-25 19:54:22'),(4585,17,4585,6,31.2397,0.495868,1,85.7197,'2017-05-25 19:54:22','2017-05-25 19:54:22'),(4586,19,4586,2,27.2727,0.495868,1,72.0814,'2017-05-25 19:54:22','2017-05-25 19:54:22'),(4587,26,4587,2,11.9008,0.495868,1,34.0179,'2017-05-25 19:54:22','2017-05-25 19:54:22'),(4588,25,4588,6,16.3636,0.495868,1,90.8168,'2017-05-25 19:54:22','2017-05-25 19:54:22'),(4589,23,4590,15,19.9587,0.123967,0.3,45.4084,'2017-05-25 19:54:22','2017-05-25 19:54:22'),(4590,21,4589,15,23.3058,0.247934,1,305.47,'2017-05-25 19:54:22','2017-05-25 19:54:22'),(4591,17,4591,15,31.2397,0.247934,1,342.879,'2017-05-25 19:54:22','2017-05-25 19:54:22'),(4592,26,4592,15,12.0248,0.123967,0.3,72.0814,'2017-05-25 19:54:22','2017-05-25 19:54:22'),(4593,19,4593,6,27.2727,0.495868,1,114.422,'2017-05-25 19:54:22','2017-05-25 19:54:22'),(4594,25,4594,15,16.4876,0.123967,0.3,121.226,'2017-05-25 19:54:22','2017-05-25 19:54:22'),(4595,21,4596,15,23.4298,0.123967,0.3,50.9692,'2017-05-25 19:54:23','2017-05-25 19:54:23'),(4596,23,4595,16,20.0826,0.247934,0.6,57.211,'2017-05-25 19:54:23','2017-05-25 19:54:23'),(4597,26,4598,15,12.1488,0.247934,0.6,72.0814,'2017-05-25 19:54:23','2017-05-25 19:54:23'),(4598,19,4597,15,27.3967,0.123967,0.3,85.7197,'2017-05-25 19:54:23','2017-05-25 19:54:23'),(4599,25,4599,15,16.6116,0.247934,0.6,76.3675,'2017-05-25 19:54:23','2017-05-25 19:54:23'),(4600,21,4600,12,23.5537,0.247934,0.6,64.2172,'2017-05-25 19:54:23','2017-05-25 19:54:23'),(4601,23,4601,15,20.2066,0.123967,0.15,45.4084,'2017-05-25 19:54:23','2017-05-25 19:54:23'),(4602,19,4603,15,27.5207,0.247934,0.6,85.7197,'2017-05-25 19:54:23','2017-05-25 19:54:23'),(4603,26,4602,15,12.2727,0.123967,0.15,54,'2017-05-25 19:54:23','2017-05-25 19:54:23'),(4604,25,4604,2,16.8595,0.495868,1,60.6129,'2017-05-25 19:54:23','2017-05-25 19:54:23'),(4605,23,4606,2,20.3306,0.495868,1,45.4084,'2017-05-25 19:54:23','2017-05-25 19:54:23'),(4606,21,4605,2,23.8017,0.495868,1,50.9692,'2017-05-25 19:54:23','2017-05-25 19:54:23'),(4607,19,4607,2,27.7686,0.495868,1,72.0814,'2017-05-25 19:54:23','2017-05-25 19:54:23'),(4608,26,4608,2,12.3967,0.495868,1,54,'2017-05-25 19:54:23','2017-05-25 19:54:23'),(4609,25,4609,15,16.9835,0.123967,0.3,121.226,'2017-05-25 19:54:23','2017-05-25 19:54:23'),(4610,21,4611,15,23.9256,0.123967,0.3,57.211,'2017-05-25 19:54:23','2017-05-25 19:54:23'),(4611,23,4610,6,20.3306,0.495868,1,68.0357,'2017-05-25 19:54:23','2017-05-25 19:54:23'),(4612,19,4612,15,27.8926,0.123967,0.3,80.9086,'2017-05-25 19:54:23','2017-05-25 19:54:23'),(4613,26,4613,6,12.3967,0.495868,1,85.7197,'2017-05-25 19:54:23','2017-05-25 19:54:23'),(4614,25,4614,15,17.1074,0.247934,0.6,76.3675,'2017-05-25 19:54:23','2017-05-25 19:54:23'),(4615,21,4615,15,24.0496,0.247934,0.6,114.422,'2017-05-25 19:54:23','2017-05-25 19:54:23'),(4616,23,4616,15,20.4545,0.123967,0.3,45.4084,'2017-05-25 19:54:23','2017-05-25 19:54:23'),(4617,19,4617,15,28.0165,0.247934,0.6,101.938,'2017-05-25 19:54:23','2017-05-25 19:54:23'),(4618,26,4618,15,12.5207,0.123967,0.3,72.0814,'2017-05-25 19:54:23','2017-05-25 19:54:23'),(4619,25,4619,15,17.2314,0.123967,0.15,60.6129,'2017-05-25 19:54:23','2017-05-25 19:54:23'),(4620,23,4621,16,20.5785,0.247934,0.6,57.211,'2017-05-25 19:54:24','2017-05-25 19:54:24'),(4621,21,4620,15,24.1736,0.123967,0.15,48.1085,'2017-05-25 19:54:24','2017-05-25 19:54:24'),(4622,19,4622,15,28.1405,0.123967,0.15,68.0357,'2017-05-25 19:54:24','2017-05-25 19:54:24'),(4623,26,4623,15,12.6446,0.247934,0.6,72.0814,'2017-05-25 19:54:24','2017-05-25 19:54:24'),(4624,25,4624,2,17.3554,0.495868,1,60.6129,'2017-05-25 19:54:24','2017-05-25 19:54:24'),(4625,23,4625,2,20.8264,0.495868,1,45.4084,'2017-05-25 19:54:24','2017-05-25 19:54:24'),(4626,21,4626,2,24.2975,0.495868,1,48.1085,'2017-05-25 19:54:24','2017-05-25 19:54:24'),(4627,19,4627,2,28.2645,0.495868,1,80.9086,'2017-05-25 19:54:24','2017-05-25 19:54:24'),(4628,26,4628,2,12.8926,0.495868,1,54,'2017-05-25 19:54:24','2017-05-25 19:54:24'),(4629,25,4629,6,17.3554,0.495868,1,90.8168,'2017-05-25 19:54:24','2017-05-25 19:54:24'),(4630,21,4631,6,24.2975,0.495868,1,76.3675,'2017-05-25 19:54:24','2017-05-25 19:54:24'),(4631,23,4630,15,20.9504,0.123967,0.3,45.4084,'2017-05-25 19:54:24','2017-05-25 19:54:24'),(4632,26,4632,15,13.0165,0.123967,0.3,72.0814,'2017-05-25 19:54:24','2017-05-25 19:54:24'),(4633,19,4633,6,28.2645,0.495868,1,101.938,'2017-05-25 19:54:24','2017-05-25 19:54:24'),(4634,25,4634,15,17.4793,0.123967,0.3,121.226,'2017-05-25 19:54:24','2017-05-25 19:54:24'),(4635,21,4635,15,24.4215,0.123967,0.3,57.211,'2017-05-25 19:54:24','2017-05-25 19:54:24'),(4636,23,4636,16,21.0744,0.247934,0.6,57.211,'2017-05-25 19:54:24','2017-05-25 19:54:24'),(4637,19,4638,15,28.3884,0.123967,0.3,80.9086,'2017-05-25 19:54:24','2017-05-25 19:54:24'),(4638,26,4637,15,13.1405,0.247934,0.6,72.0814,'2017-05-25 19:54:24','2017-05-25 19:54:24'),(4639,25,4639,16,17.6033,0.247934,0.6,76.3675,'2017-05-25 19:54:24','2017-05-25 19:54:24'),(4640,21,4640,15,24.5455,0.247934,0.6,114.422,'2017-05-25 19:54:24','2017-05-25 19:54:24'),(4641,23,4641,15,21.1983,0.123967,0.15,45.4084,'2017-05-25 19:54:24','2017-05-25 19:54:24'),(4642,26,4642,15,13.2645,0.123967,0.15,54,'2017-05-25 19:54:24','2017-05-25 19:54:24'),(4643,19,4643,15,28.5124,0.247934,0.6,101.938,'2017-05-25 19:54:24','2017-05-25 19:54:24'),(4644,25,4644,2,17.8512,0.495868,1,60.6129,'2017-05-25 19:54:24','2017-05-25 19:54:24'),(4645,21,4645,2,24.7934,0.495868,1,48.1085,'2017-05-25 19:54:24','2017-05-25 19:54:24'),(4646,23,4646,2,21.3223,0.495868,1,45.4084,'2017-05-25 19:54:24','2017-05-25 19:54:24'),(4647,19,4648,2,28.7603,0.495868,1,80.9086,'2017-05-25 19:54:24','2017-05-25 19:54:24'),(4648,26,4647,2,13.3884,0.495868,1,54,'2017-05-25 19:54:24','2017-05-25 19:54:24'),(4649,25,4649,15,17.9752,0.123967,0.3,121.226,'2017-05-25 19:54:24','2017-05-25 19:54:24'),(4650,23,4651,6,21.3223,0.495868,1,68.0357,'2017-05-25 19:54:24','2017-05-25 19:54:24'),(4651,21,4650,15,24.9174,0.123967,0.3,57.211,'2017-05-25 19:54:24','2017-05-25 19:54:24'),(4652,19,4653,15,28.8843,0.123967,0.3,80.9086,'2017-05-25 19:54:24','2017-05-25 19:54:24'),(4653,26,4652,6,13.3884,0.495868,1,85.7197,'2017-05-25 19:54:24','2017-05-25 19:54:24'),(4654,25,4654,15,18.0992,0.247934,0.6,76.3675,'2017-05-25 19:54:25','2017-05-25 19:54:25'),(4655,21,4655,15,25.0413,0.247934,0.6,114.422,'2017-05-25 19:54:25','2017-05-25 19:54:25'),(4656,23,4656,15,21.4463,0.123967,0.3,45.4084,'2017-05-25 19:54:25','2017-05-25 19:54:25'),(4657,26,4658,15,13.5124,0.123967,0.3,72.0814,'2017-05-25 19:54:25','2017-05-25 19:54:25'),(4658,19,4657,16,29.0083,0.247934,0.6,101.938,'2017-05-25 19:54:25','2017-05-25 19:54:25'),(4659,25,4659,15,18.2231,0.123967,0.15,60.6129,'2017-05-25 19:54:25','2017-05-25 19:54:25'),(4660,21,4661,15,25.1653,0.123967,0.15,48.1085,'2017-05-25 19:54:25','2017-05-25 19:54:25'),(4661,23,4660,15,21.5702,0.247934,0.6,57.211,'2017-05-25 19:54:25','2017-05-25 19:54:25'),(4662,26,4662,15,13.6364,0.247934,0.6,72.0814,'2017-05-25 19:54:25','2017-05-25 19:54:25'),(4663,19,4663,15,29.1322,0.123967,0.15,68.0357,'2017-05-25 19:54:25','2017-05-25 19:54:25'),(4664,25,4664,2,18.3471,0.495868,1,60.6129,'2017-05-25 19:54:25','2017-05-25 19:54:25'),(4665,23,4666,2,21.8182,0.495868,1,45.4084,'2017-05-25 19:54:25','2017-05-25 19:54:25'),(4666,21,4665,2,25.2893,0.495868,1,48.1085,'2017-05-25 19:54:25','2017-05-25 19:54:25'),(4667,19,4668,2,29.2562,0.495868,1,80.9086,'2017-05-25 19:54:25','2017-05-25 19:54:25'),(4668,26,4667,2,13.8843,0.495868,1,54,'2017-05-25 19:54:25','2017-05-25 19:54:25'),(4669,25,4669,6,18.3471,0.495868,1,90.8168,'2017-05-25 19:54:25','2017-05-25 19:54:25'),(4670,23,4670,15,21.9421,0.123967,0.3,45.4084,'2017-05-25 19:54:25','2017-05-25 19:54:25'),(4671,21,4671,6,25.2893,0.495868,1,76.3675,'2017-05-25 19:54:25','2017-05-25 19:54:25'),(4672,26,4672,15,14.0083,0.123967,0.3,72.0814,'2017-05-25 19:54:25','2017-05-25 19:54:25'),(4673,19,4673,6,29.2562,0.495868,1,101.938,'2017-05-25 19:54:25','2017-05-25 19:54:25'),(4674,25,4674,15,18.4711,0.123967,0.3,121.226,'2017-05-25 19:54:25','2017-05-25 19:54:25'),(4675,21,4676,15,25.4132,0.123967,0.3,57.211,'2017-05-25 19:54:25','2017-05-25 19:54:25'),(4676,23,4675,16,22.0661,0.247934,0.6,57.211,'2017-05-25 19:54:25','2017-05-25 19:54:25'),(4677,26,4677,15,14.1322,0.247934,0.6,72.0814,'2017-05-25 19:54:25','2017-05-25 19:54:25'),(4678,19,4678,15,29.3802,0.123967,0.3,80.9086,'2017-05-25 19:54:25','2017-05-25 19:54:25'),(4679,25,4679,16,18.595,0.247934,0.6,76.3675,'2017-05-25 19:54:25','2017-05-25 19:54:25'),(4680,21,4681,15,25.5372,0.247934,0.6,114.422,'2017-05-25 19:54:25','2017-05-25 19:54:25'),(4681,23,4680,15,22.1901,0.123967,0.15,45.4084,'2017-05-25 19:54:25','2017-05-25 19:54:25'),(4682,19,4683,15,29.5041,0.247934,0.6,101.938,'2017-05-25 19:54:25','2017-05-25 19:54:25'),(4683,26,4682,15,14.2562,0.123967,0.15,54,'2017-05-25 19:54:25','2017-05-25 19:54:25'),(4684,25,4684,2,18.843,0.495868,1,60.6129,'2017-05-25 19:54:25','2017-05-25 19:54:25'),(4685,23,4685,2,22.314,0.495868,1,45.4084,'2017-05-25 19:54:25','2017-05-25 19:54:25'),(4686,21,4686,2,25.7851,0.495868,1,48.1085,'2017-05-25 19:54:25','2017-05-25 19:54:25'),(4687,19,4687,2,29.7521,0.495868,1,80.9086,'2017-05-25 19:54:25','2017-05-25 19:54:25'),(4688,26,4688,2,14.3802,0.495868,1,54,'2017-05-25 19:54:25','2017-05-25 19:54:25'),(4689,25,4689,15,18.9669,0.123967,0.3,121.226,'2017-05-25 19:54:26','2017-05-25 19:54:26'),(4690,21,4691,15,25.9091,0.123967,0.3,57.211,'2017-05-25 19:54:26','2017-05-25 19:54:26'),(4691,23,4690,6,22.314,0.495868,1,68.0357,'2017-05-25 19:54:26','2017-05-25 19:54:26'),(4692,26,4693,6,14.3802,0.495868,1,85.7197,'2017-05-25 19:54:26','2017-05-25 19:54:26'),(4693,19,4692,15,29.876,0.123967,0.3,85.7197,'2017-05-25 19:54:26','2017-05-25 19:54:26'),(4694,25,4694,15,19.0909,0.247934,0.6,76.3675,'2017-05-25 19:54:26','2017-05-25 19:54:26'),(4695,21,4695,15,26.0331,0.247934,0.6,114.422,'2017-05-25 19:54:26','2017-05-25 19:54:26'),(4696,23,4696,15,22.438,0.123967,0.3,45.4084,'2017-05-25 19:54:26','2017-05-25 19:54:26'),(4697,26,4697,15,14.5041,0.123967,0.3,72.0814,'2017-05-25 19:54:26','2017-05-25 19:54:26'),(4698,19,4698,15,30,0.247934,0.6,85.7197,'2017-05-25 19:54:26','2017-05-25 19:54:26'),(4699,25,4699,4,19.2149,0.123967,0.15,60.6129,'2017-05-25 19:54:26','2017-05-25 19:54:26'),(4700,21,4701,4,26.157,0.123967,0.15,48.1085,'2017-05-25 19:54:26','2017-05-25 19:54:26'),(4701,23,4700,15,22.562,0.247934,0.6,57.211,'2017-05-25 19:54:26','2017-05-25 19:54:26'),(4702,19,4703,15,30.124,0.123967,0.15,68.0357,'2017-05-25 19:54:26','2017-05-25 19:54:26'),(4703,26,4702,15,14.6281,0.247934,0.6,72.0814,'2017-05-25 19:54:26','2017-05-25 19:54:26'),(4704,25,4704,2,19.3388,0.495868,1,60.6129,'2017-05-25 19:54:26','2017-05-25 19:54:26'),(4705,23,4705,2,22.8099,0.495868,1,45.4084,'2017-05-25 19:54:26','2017-05-25 19:54:26'),(4706,21,4706,2,26.281,0.495868,1,48.1085,'2017-05-25 19:54:26','2017-05-25 19:54:26'),(4707,26,4707,2,14.876,0.495868,1,54,'2017-05-25 19:54:26','2017-05-25 19:54:26'),(4708,19,4708,2,30.2479,0.495868,1,68.0357,'2017-05-25 19:54:26','2017-05-25 19:54:26'),(4709,25,4709,6,19.3388,0.495868,1,90.8168,'2017-05-25 19:54:26','2017-05-25 19:54:26'),(4710,23,4710,15,22.9339,0.123967,0.3,45.4084,'2017-05-25 19:54:26','2017-05-25 19:54:26'),(4711,21,4711,6,26.281,0.495868,1,76.3675,'2017-05-25 19:54:26','2017-05-25 19:54:26'),(4712,26,4712,15,15,0.123967,0.3,72.0814,'2017-05-25 19:54:26','2017-05-25 19:54:26'),(4713,19,4713,6,30.2479,0.495868,1,114.422,'2017-05-25 19:54:26','2017-05-25 19:54:26'),(4714,25,4714,15,19.4628,0.123967,0.3,121.226,'2017-05-25 19:54:26','2017-05-25 19:54:26'),(4715,23,4715,12,23.0579,0.247934,0.6,57.211,'2017-05-25 19:54:26','2017-05-25 19:54:26'),(4716,21,4716,15,26.405,0.123967,0.3,57.211,'2017-05-25 19:54:26','2017-05-25 19:54:26'),(4717,19,4718,15,30.3719,0.123967,0.3,85.7197,'2017-05-25 19:54:26','2017-05-25 19:54:26'),(4718,26,4717,15,15.124,0.247934,0.6,72.0814,'2017-05-25 19:54:26','2017-05-25 19:54:26'),(4719,25,4719,15,19.5868,0.247934,0.6,76.3675,'2017-05-25 19:54:26','2017-05-25 19:54:26'),(4720,23,4720,15,23.0579,0.247934,0.5,272.143,'2017-05-25 19:54:26','2017-05-25 19:54:26'),(4721,21,4721,16,26.5289,0.247934,0.6,114.422,'2017-05-25 19:54:26','2017-05-25 19:54:26'),(4722,26,4722,15,15.124,0.247934,0.5,342.879,'2017-05-25 19:54:26','2017-05-25 19:54:26'),(4723,19,4723,15,30.4959,0.247934,0.6,85.7197,'2017-05-25 19:54:26','2017-05-25 19:54:26'),(4724,25,4724,2,19.8347,0.495868,1,60.6129,'2017-05-25 19:54:27','2017-05-25 19:54:27'),(4725,21,4726,2,26.7769,0.495868,1,48.1085,'2017-05-25 19:54:27','2017-05-25 19:54:27'),(4726,23,4725,15,23.1818,0.123967,0.15,45.4084,'2017-05-25 19:54:27','2017-05-25 19:54:27'),(4727,26,4727,15,15.2479,0.123967,0.15,54,'2017-05-25 19:54:27','2017-05-25 19:54:27'),(4728,19,4728,2,30.7438,0.495868,1,68.0357,'2017-05-25 19:54:27','2017-05-25 19:54:27'),(4729,25,4729,15,19.9587,0.123967,0.3,121.226,'2017-05-25 19:54:27','2017-05-25 19:54:27'),(4730,21,4730,15,26.9008,0.123967,0.3,57.211,'2017-05-25 19:54:27','2017-05-25 19:54:27'),(4731,23,4731,2,23.3058,0.495868,1,45.4084,'2017-05-25 19:54:27','2017-05-25 19:54:27'),(4732,26,4732,2,15.3719,0.495868,1,54,'2017-05-25 19:54:27','2017-05-25 19:54:27'),(4733,19,4733,15,30.8678,0.123967,0.3,85.7197,'2017-05-25 19:54:27','2017-05-25 19:54:27'),(4734,25,4734,16,20.0826,0.247934,0.6,76.3675,'2017-05-25 19:54:27','2017-05-25 19:54:27'),(4735,21,4735,15,27.0248,0.247934,0.6,114.422,'2017-05-25 19:54:27','2017-05-25 19:54:27'),(4736,23,4736,6,23.3058,0.495868,1,68.0357,'2017-05-25 19:54:27','2017-05-25 19:54:27'),(4737,19,4738,15,30.9917,0.247934,0.6,85.7197,'2017-05-25 19:54:27','2017-05-25 19:54:27'),(4738,26,4737,6,15.3719,0.495868,1,85.7197,'2017-05-25 19:54:27','2017-05-25 19:54:27'),(4739,25,4739,15,20.2066,0.123967,0.15,60.6129,'2017-05-25 19:54:27','2017-05-25 19:54:27'),(4740,21,4741,15,27.1488,0.123967,0.15,48.1085,'2017-05-25 19:54:27','2017-05-25 19:54:27'),(4741,23,4740,15,23.3058,0.247934,1,272.143,'2017-05-25 19:54:27','2017-05-25 19:54:27'),(4742,19,4742,15,30.9917,0.247934,0.5,457.688,'2017-05-25 19:54:27','2017-05-25 19:54:27'),(4743,26,4743,15,15.3719,0.247934,1,342.879,'2017-05-25 19:54:27','2017-05-25 19:54:27'),(4744,25,4744,2,20.3306,0.495868,1,60.6129,'2017-05-25 19:54:27','2017-05-25 19:54:27'),(4745,21,4745,2,27.2727,0.495868,1,48.1085,'2017-05-25 19:54:27','2017-05-25 19:54:27'),(4746,23,4746,15,23.4298,0.123967,0.3,45.4084,'2017-05-25 19:54:27','2017-05-25 19:54:27'),(4747,19,4747,2,31.2397,0.495868,1,68.0357,'2017-05-25 19:54:27','2017-05-25 19:54:27'),(4748,26,4748,15,15.4959,0.123967,0.3,72.0814,'2017-05-25 19:54:27','2017-05-25 19:54:27'),(4749,25,4749,6,20.3306,0.495868,1,90.8168,'2017-05-25 19:54:27','2017-05-25 19:54:27'),(4750,23,4750,15,23.5537,0.247934,0.6,57.211,'2017-05-25 19:54:27','2017-05-25 19:54:27'),(4751,21,4751,6,27.2727,0.495868,1,76.3675,'2017-05-25 19:54:27','2017-05-25 19:54:27'),(4752,19,4752,6,31.2397,0.495868,1,114.422,'2017-05-25 19:54:27','2017-05-25 19:54:27'),(4753,25,4753,15,20.4545,0.123967,0.3,121.226,'2017-05-25 19:54:27','2017-05-25 19:54:27'),(4754,23,4754,2,23.8017,0.495868,1,45.4084,'2017-05-25 19:54:27','2017-05-25 19:54:27'),(4755,21,4755,15,27.3967,0.123967,0.3,57.211,'2017-05-25 19:54:27','2017-05-25 19:54:27'),(4756,19,4756,15,31.2397,0.247934,1,457.688,'2017-05-25 19:54:27','2017-05-25 19:54:27'),(4757,25,4757,16,20.5785,0.247934,0.6,76.3675,'2017-05-25 19:54:27','2017-05-25 19:54:27'),(4758,23,4758,15,23.9256,0.123967,0.3,50.9692,'2017-05-25 19:54:28','2017-05-25 19:54:28'),(4759,21,4759,15,27.5207,0.247934,0.6,114.422,'2017-05-25 19:54:28','2017-05-25 19:54:28'),(4760,25,4760,2,20.8264,0.495868,1,60.6129,'2017-05-25 19:54:28','2017-05-25 19:54:28'),(4761,21,4762,2,27.7686,0.495868,1,48.1085,'2017-05-25 19:54:28','2017-05-25 19:54:28'),(4762,23,4761,12,24.0496,0.247934,0.6,50.9692,'2017-05-25 19:54:28','2017-05-25 19:54:28'),(4763,25,4763,15,20.9504,0.123967,0.3,121.226,'2017-05-25 19:54:28','2017-05-25 19:54:28'),(4764,21,4764,15,27.8926,0.123967,0.3,54,'2017-05-25 19:54:28','2017-05-25 19:54:28'),(4765,23,4765,15,24.1736,0.123967,0.15,42.8598,'2017-05-25 19:54:28','2017-05-25 19:54:28'),(4766,25,4766,15,21.0744,0.247934,0.6,76.3675,'2017-05-25 19:54:28','2017-05-25 19:54:28'),(4767,21,4767,15,28.0165,0.247934,0.6,68.0357,'2017-05-25 19:54:28','2017-05-25 19:54:28'),(4768,23,4768,2,24.2975,0.495868,1,42.8598,'2017-05-25 19:54:28','2017-05-25 19:54:28'),(4769,25,4769,15,21.1983,0.123967,0.15,60.6129,'2017-05-25 19:54:28','2017-05-25 19:54:28'),(4770,23,4771,6,24.2975,0.495868,1,68.0357,'2017-05-25 19:54:28','2017-05-25 19:54:28'),(4771,21,4770,15,28.1405,0.123967,0.15,45.4084,'2017-05-25 19:54:28','2017-05-25 19:54:28'),(4772,25,4772,2,21.3223,0.495868,1,60.6129,'2017-05-25 19:54:28','2017-05-25 19:54:28'),(4773,21,4774,2,28.2645,0.495868,1,54,'2017-05-25 19:54:28','2017-05-25 19:54:28'),(4774,23,4773,15,24.4215,0.123967,0.3,50.9692,'2017-05-25 19:54:28','2017-05-25 19:54:28'),(4775,25,4775,6,21.3223,0.495868,1,90.8168,'2017-05-25 19:54:28','2017-05-25 19:54:28'),(4776,21,4776,6,28.2645,0.495868,1,68.0357,'2017-05-25 19:54:28','2017-05-25 19:54:28'),(4777,23,4777,16,24.5455,0.247934,0.6,50.9692,'2017-05-25 19:54:28','2017-05-25 19:54:28'),(4778,25,4778,15,21.4463,0.123967,0.3,121.226,'2017-05-25 19:54:28','2017-05-25 19:54:28'),(4779,21,4779,15,28.3884,0.123967,0.3,54,'2017-05-25 19:54:28','2017-05-25 19:54:28'),(4780,23,4780,2,24.7934,0.495868,1,42.8598,'2017-05-25 19:54:28','2017-05-25 19:54:28'),(4781,25,4781,15,21.5702,0.247934,0.6,76.3675,'2017-05-25 19:54:28','2017-05-25 19:54:28'),(4782,21,4782,15,28.5124,0.247934,0.6,68.0357,'2017-05-25 19:54:28','2017-05-25 19:54:28'),(4783,23,4783,15,24.9174,0.123967,0.3,50.9692,'2017-05-25 19:54:28','2017-05-25 19:54:28'),(4784,25,4784,2,21.8182,0.495868,1,60.6129,'2017-05-25 19:54:28','2017-05-25 19:54:28'),(4785,23,4785,15,25.0413,0.247934,0.6,50.9692,'2017-05-25 19:54:28','2017-05-25 19:54:28'),(4786,21,4786,2,28.7603,0.495868,1,54,'2017-05-25 19:54:28','2017-05-25 19:54:28'),(4787,25,4787,15,21.9421,0.123967,0.3,121.226,'2017-05-25 19:54:28','2017-05-25 19:54:28'),(4788,23,4788,15,25.1653,0.123967,0.15,42.8598,'2017-05-25 19:54:28','2017-05-25 19:54:28'),(4789,21,4789,15,28.8843,0.123967,0.3,54,'2017-05-25 19:54:28','2017-05-25 19:54:28'),(4790,25,4790,15,22.0661,0.247934,0.6,76.3675,'2017-05-25 19:54:29','2017-05-25 19:54:29'),(4791,23,4791,2,25.2893,0.495868,1,42.8598,'2017-05-25 19:54:29','2017-05-25 19:54:29'),(4792,21,4792,15,29.0083,0.247934,0.6,68.0357,'2017-05-25 19:54:29','2017-05-25 19:54:29'),(4793,25,4793,15,22.1901,0.123967,0.15,60.6129,'2017-05-25 19:54:29','2017-05-25 19:54:29'),(4794,23,4794,6,25.2893,0.495868,1,68.0357,'2017-05-25 19:54:29','2017-05-25 19:54:29'),(4795,21,4795,15,29.1322,0.123967,0.15,45.4084,'2017-05-25 19:54:29','2017-05-25 19:54:29'),(4796,25,4796,2,22.314,0.495868,1,60.6129,'2017-05-25 19:54:29','2017-05-25 19:54:29'),(4797,23,4797,15,25.4132,0.123967,0.3,50.9692,'2017-05-25 19:54:29','2017-05-25 19:54:29'),(4798,21,4798,2,29.2562,0.495868,1,54,'2017-05-25 19:54:29','2017-05-25 19:54:29'),(4799,25,4799,6,22.314,0.495868,1,90.8168,'2017-05-25 19:54:29','2017-05-25 19:54:29'),(4800,23,4800,15,25.5372,0.247934,0.6,50.9692,'2017-05-25 19:54:29','2017-05-25 19:54:29'),(4801,21,4801,6,29.2562,0.495868,1,68.0357,'2017-05-25 19:54:29','2017-05-25 19:54:29'),(4802,25,4802,15,22.438,0.123967,0.3,121.226,'2017-05-25 19:54:29','2017-05-25 19:54:29'),(4803,23,4803,2,25.7851,0.495868,1,42.8598,'2017-05-25 19:54:29','2017-05-25 19:54:29'),(4804,21,4804,15,29.3802,0.123967,0.3,54,'2017-05-25 19:54:29','2017-05-25 19:54:29'),(4805,25,4805,15,22.562,0.247934,0.6,76.3675,'2017-05-25 19:54:29','2017-05-25 19:54:29'),(4806,23,4806,15,25.9091,0.123967,0.3,50.9692,'2017-05-25 19:54:29','2017-05-25 19:54:29'),(4807,21,4807,12,29.5041,0.247934,0.6,68.0357,'2017-05-25 19:54:29','2017-05-25 19:54:29'),(4808,25,4808,2,22.8099,0.495868,1,60.6129,'2017-05-25 19:54:29','2017-05-25 19:54:29'),(4809,23,4809,15,26.0331,0.247934,0.6,50.9692,'2017-05-25 19:54:29','2017-05-25 19:54:29'),(4810,21,4810,2,29.7521,0.495868,1,54,'2017-05-25 19:54:29','2017-05-25 19:54:29'),(4811,25,4811,15,22.9339,0.123967,0.3,121.226,'2017-05-25 19:54:29','2017-05-25 19:54:29'),(4812,23,4812,15,26.157,0.123967,0.15,42.8598,'2017-05-25 19:54:29','2017-05-25 19:54:29'),(4813,21,4813,15,29.876,0.123967,0.3,57.211,'2017-05-25 19:54:29','2017-05-25 19:54:29'),(4814,25,4814,15,23.0579,0.247934,0.6,76.3675,'2017-05-25 19:54:29','2017-05-25 19:54:29'),(4815,23,4815,2,26.281,0.495868,1,42.8598,'2017-05-25 19:54:29','2017-05-25 19:54:29'),(4816,21,4816,15,30,0.247934,0.6,114.422,'2017-05-25 19:54:29','2017-05-25 19:54:29'),(4817,25,4817,15,23.0579,0.247934,0.5,363.267,'2017-05-25 19:54:29','2017-05-25 19:54:29'),(4818,23,4818,6,26.281,0.495868,1,68.0357,'2017-05-25 19:54:29','2017-05-25 19:54:29'),(4819,21,4819,15,30.124,0.123967,0.15,45.4084,'2017-05-25 19:54:29','2017-05-25 19:54:29'),(4820,25,4820,15,23.1818,0.123967,0.15,60.6129,'2017-05-25 19:54:29','2017-05-25 19:54:29'),(4821,21,4822,2,30.2479,0.495868,1,45.4084,'2017-05-25 19:54:29','2017-05-25 19:54:29'),(4822,23,4821,15,26.405,0.123967,0.3,50.9692,'2017-05-25 19:54:29','2017-05-25 19:54:29'),(4823,25,4823,2,23.3058,0.495868,1,60.6129,'2017-05-25 19:54:30','2017-05-25 19:54:30'),(4824,21,4824,6,30.2479,0.495868,1,76.3675,'2017-05-25 19:54:30','2017-05-25 19:54:30'),(4825,23,4825,16,26.5289,0.247934,0.6,50.9692,'2017-05-25 19:54:30','2017-05-25 19:54:30'),(4826,25,4826,6,23.3058,0.495868,1,90.8168,'2017-05-25 19:54:30','2017-05-25 19:54:30'),(4827,23,4828,2,26.7769,0.495868,1,42.8598,'2017-05-25 19:54:30','2017-05-25 19:54:30'),(4828,21,4827,15,30.3719,0.123967,0.3,57.211,'2017-05-25 19:54:30','2017-05-25 19:54:30'),(4829,25,4829,15,23.3058,0.247934,1,363.267,'2017-05-25 19:54:30','2017-05-25 19:54:30'),(4830,21,4831,12,30.4959,0.247934,0.6,114.422,'2017-05-25 19:54:30','2017-05-25 19:54:30'),(4831,23,4830,15,26.9008,0.123967,0.3,50.9692,'2017-05-25 19:54:30','2017-05-25 19:54:30'),(4832,25,4832,15,23.4298,0.123967,0.3,121.226,'2017-05-25 19:54:30','2017-05-25 19:54:30'),(4833,23,4834,4,27.0248,0.247934,0.6,50.9692,'2017-05-25 19:54:30','2017-05-25 19:54:30'),(4834,21,4833,2,30.7438,0.495868,1,45.4084,'2017-05-25 19:54:30','2017-05-25 19:54:30'),(4835,25,4835,12,23.5537,0.247934,0.6,76.3675,'2017-05-25 19:54:30','2017-05-25 19:54:30'),(4836,23,4837,15,27.1488,0.123967,0.15,42.8598,'2017-05-25 19:54:30','2017-05-25 19:54:30'),(4837,21,4836,15,30.8678,0.123967,0.3,57.211,'2017-05-25 19:54:30','2017-05-25 19:54:30'),(4838,25,4838,2,23.8017,0.495868,1,60.6129,'2017-05-25 19:54:30','2017-05-25 19:54:30'),(4839,23,4839,2,27.2727,0.495868,1,42.8598,'2017-05-25 19:54:30','2017-05-25 19:54:30'),(4840,21,4840,15,30.9917,0.247934,0.6,114.422,'2017-05-25 19:54:30','2017-05-25 19:54:30'),(4841,25,4841,15,23.9256,0.123967,0.3,68.0357,'2017-05-25 19:54:30','2017-05-25 19:54:30'),(4842,23,4842,6,27.2727,0.495868,1,68.0357,'2017-05-25 19:54:30','2017-05-25 19:54:30'),(4843,21,4843,15,30.9917,0.247934,0.5,305.47,'2017-05-25 19:54:30','2017-05-25 19:54:30'),(4844,25,4844,16,24.0496,0.247934,0.6,68.0357,'2017-05-25 19:54:30','2017-05-25 19:54:30'),(4845,23,4845,15,27.3967,0.123967,0.3,50.9692,'2017-05-25 19:54:30','2017-05-25 19:54:30'),(4846,21,4846,2,31.2397,0.495868,1,45.4084,'2017-05-25 19:54:30','2017-05-25 19:54:30'),(4847,25,4847,15,24.1736,0.123967,0.15,57.211,'2017-05-25 19:54:30','2017-05-25 19:54:30'),(4848,23,4848,15,27.5207,0.247934,0.6,50.9692,'2017-05-25 19:54:30','2017-05-25 19:54:30'),(4849,21,4849,6,31.2397,0.495868,1,76.3675,'2017-05-25 19:54:30','2017-05-25 19:54:30'),(4850,25,4850,2,24.2975,0.495868,1,57.211,'2017-05-25 19:54:30','2017-05-25 19:54:30'),(4851,23,4851,2,27.7686,0.495868,1,42.8598,'2017-05-25 19:54:30','2017-05-25 19:54:30'),(4852,21,4852,15,31.2397,0.247934,1,305.47,'2017-05-25 19:54:30','2017-05-25 19:54:30'),(4853,25,4853,6,24.2975,0.495868,1,90.8168,'2017-05-25 19:54:30','2017-05-25 19:54:30'),(4854,23,4854,15,27.8926,0.123967,0.3,48.1085,'2017-05-25 19:54:31','2017-05-25 19:54:31'),(4855,25,4855,15,24.4215,0.123967,0.3,68.0357,'2017-05-25 19:54:31','2017-05-25 19:54:31'),(4856,23,4856,15,28.0165,0.247934,0.6,60.6129,'2017-05-25 19:54:31','2017-05-25 19:54:31'),(4857,25,4857,15,24.5455,0.247934,0.6,68.0357,'2017-05-25 19:54:31','2017-05-25 19:54:31'),(4858,23,4858,15,28.1405,0.123967,0.15,40.4543,'2017-05-25 19:54:31','2017-05-25 19:54:31'),(4859,25,4859,2,24.7934,0.495868,1,57.211,'2017-05-25 19:54:31','2017-05-25 19:54:31'),(4860,23,4860,2,28.2645,0.495868,1,48.1085,'2017-05-25 19:54:31','2017-05-25 19:54:31'),(4861,25,4861,15,24.9174,0.123967,0.3,68.0357,'2017-05-25 19:54:31','2017-05-25 19:54:31'),(4862,23,4862,6,28.2645,0.495868,1,121.226,'2017-05-25 19:54:31','2017-05-25 19:54:31'),(4863,25,4863,16,25.0413,0.247934,0.6,68.0357,'2017-05-25 19:54:31','2017-05-25 19:54:31'),(4864,23,4864,15,28.3884,0.123967,0.3,48.1085,'2017-05-25 19:54:31','2017-05-25 19:54:31'),(4865,25,4865,15,25.1653,0.123967,0.15,57.211,'2017-05-25 19:54:31','2017-05-25 19:54:31'),(4866,23,4866,12,28.5124,0.247934,0.6,60.6129,'2017-05-25 19:54:31','2017-05-25 19:54:31'),(4867,25,4867,2,25.2893,0.495868,1,57.211,'2017-05-25 19:54:31','2017-05-25 19:54:31'),(4868,23,4868,2,28.7603,0.495868,1,48.1085,'2017-05-25 19:54:31','2017-05-25 19:54:31'),(4869,25,4869,6,25.2893,0.495868,1,90.8168,'2017-05-25 19:54:31','2017-05-25 19:54:31'),(4870,23,4870,15,28.8843,0.123967,0.3,48.1085,'2017-05-25 19:54:31','2017-05-25 19:54:31'),(4871,25,4871,15,25.4132,0.123967,0.3,68.0357,'2017-05-25 19:54:31','2017-05-25 19:54:31'),(4872,23,4872,15,29.0083,0.247934,0.6,60.6129,'2017-05-25 19:54:32','2017-05-25 19:54:32'),(4873,25,4873,12,25.5372,0.247934,0.6,68.0357,'2017-05-25 19:54:32','2017-05-25 19:54:32'),(4874,23,4874,15,29.1322,0.123967,0.15,40.4543,'2017-05-25 19:54:32','2017-05-25 19:54:32'),(4875,25,4875,2,25.7851,0.495868,1,57.211,'2017-05-25 19:54:32','2017-05-25 19:54:32'),(4876,23,4876,2,29.2562,0.495868,1,48.1085,'2017-05-25 19:54:32','2017-05-25 19:54:32'),(4877,25,4877,15,25.9091,0.123967,0.3,68.0357,'2017-05-25 19:54:32','2017-05-25 19:54:32'),(4878,23,4878,6,29.2562,0.495868,1,121.226,'2017-05-25 19:54:32','2017-05-25 19:54:32'),(4879,25,4879,15,26.0331,0.247934,0.6,68.0357,'2017-05-25 19:54:32','2017-05-25 19:54:32'),(4880,23,4880,15,29.3802,0.123967,0.3,48.1085,'2017-05-25 19:54:32','2017-05-25 19:54:32'),(4881,25,4881,15,26.157,0.123967,0.15,57.211,'2017-05-25 19:54:32','2017-05-25 19:54:32'),(4882,23,4882,15,29.5041,0.247934,0.6,60.6129,'2017-05-25 19:54:32','2017-05-25 19:54:32'),(4883,25,4883,2,26.281,0.495868,1,57.211,'2017-05-25 19:54:32','2017-05-25 19:54:32'),(4884,23,4884,2,29.7521,0.495868,1,48.1085,'2017-05-25 19:54:32','2017-05-25 19:54:32'),(4885,25,4885,6,26.281,0.495868,1,90.8168,'2017-05-25 19:54:32','2017-05-25 19:54:32'),(4886,23,4886,15,29.876,0.123967,0.3,50.9692,'2017-05-25 19:54:32','2017-05-25 19:54:32'),(4887,25,4887,15,26.405,0.123967,0.3,68.0357,'2017-05-25 19:54:32','2017-05-25 19:54:32'),(4888,23,4888,15,30,0.247934,0.6,50.9692,'2017-05-25 19:54:32','2017-05-25 19:54:32'),(4889,25,4889,15,26.5289,0.247934,0.6,68.0357,'2017-05-25 19:54:32','2017-05-25 19:54:32'),(4890,23,4890,15,30.124,0.123967,0.15,40.4543,'2017-05-25 19:54:32','2017-05-25 19:54:32'),(4891,25,4891,2,26.7769,0.495868,1,57.211,'2017-05-25 19:54:32','2017-05-25 19:54:32'),(4892,23,4892,2,30.2479,0.495868,1,40.4543,'2017-05-25 19:54:32','2017-05-25 19:54:32'),(4893,25,4893,15,26.9008,0.123967,0.3,68.0357,'2017-05-25 19:54:32','2017-05-25 19:54:32'),(4894,23,4894,6,30.2479,0.495868,1,68.0357,'2017-05-25 19:54:32','2017-05-25 19:54:32'),(4895,25,4895,12,27.0248,0.247934,0.6,68.0357,'2017-05-25 19:54:32','2017-05-25 19:54:32'),(4896,23,4896,15,30.3719,0.123967,0.3,50.9692,'2017-05-25 19:54:32','2017-05-25 19:54:32'),(4897,25,4897,15,27.1488,0.123967,0.15,57.211,'2017-05-25 19:54:33','2017-05-25 19:54:33'),(4898,23,4898,16,30.4959,0.247934,0.6,50.9692,'2017-05-25 19:54:33','2017-05-25 19:54:33'),(4899,25,4899,2,27.2727,0.495868,1,57.211,'2017-05-25 19:54:33','2017-05-25 19:54:33'),(4900,23,4900,2,30.7438,0.495868,1,40.4543,'2017-05-25 19:54:33','2017-05-25 19:54:33'),(4901,25,4901,6,27.2727,0.495868,1,90.8168,'2017-05-25 19:54:33','2017-05-25 19:54:33'),(4902,23,4902,15,30.8678,0.123967,0.3,50.9692,'2017-05-25 19:54:33','2017-05-25 19:54:33'),(4903,25,4903,15,27.3967,0.123967,0.3,68.0357,'2017-05-25 19:54:33','2017-05-25 19:54:33'),(4904,23,4904,15,30.9917,0.247934,0.6,50.9692,'2017-05-25 19:54:33','2017-05-25 19:54:33'),(4905,25,4905,15,27.5207,0.247934,0.6,68.0357,'2017-05-25 19:54:33','2017-05-25 19:54:33'),(4906,23,4906,15,30.9917,0.247934,0.5,272.143,'2017-05-25 19:54:33','2017-05-25 19:54:33'),(4907,25,4907,2,27.7686,0.495868,1,57.211,'2017-05-25 19:54:33','2017-05-25 19:54:33'),(4908,23,4908,2,31.2397,0.495868,1,40.4543,'2017-05-25 19:54:33','2017-05-25 19:54:33'),(4909,25,4909,15,27.8926,0.123967,0.3,64.2172,'2017-05-25 19:54:33','2017-05-25 19:54:33'),(4910,23,4910,6,31.2397,0.495868,1,68.0357,'2017-05-25 19:54:33','2017-05-25 19:54:33'),(4911,25,4911,12,28.0165,0.247934,0.6,80.9086,'2017-05-25 19:54:33','2017-05-25 19:54:33'),(4912,23,4912,15,31.2397,0.247934,1,272.143,'2017-05-25 19:54:33','2017-05-25 19:54:33'),(4913,25,4913,15,28.1405,0.123967,0.15,54,'2017-05-25 19:54:33','2017-05-25 19:54:33'),(4914,25,4914,2,28.2645,0.495868,1,32.1086,'2017-05-25 19:54:33','2017-05-25 19:54:33'),(4915,25,4915,6,28.2645,0.495868,1,80.9086,'2017-05-25 19:54:33','2017-05-25 19:54:33'),(4916,25,4916,15,28.3884,0.123967,0.3,64.2172,'2017-05-25 19:54:33','2017-05-25 19:54:33'),(4917,25,4917,15,28.5124,0.247934,0.6,80.9086,'2017-05-25 19:54:33','2017-05-25 19:54:33'),(4918,25,4918,2,28.7603,0.495868,1,32.1086,'2017-05-25 19:54:33','2017-05-25 19:54:33'),(4919,25,4919,15,28.8843,0.123967,0.3,64.2172,'2017-05-25 19:54:34','2017-05-25 19:54:34'),(4920,25,4920,15,29.0083,0.247934,0.6,80.9086,'2017-05-25 19:54:34','2017-05-25 19:54:34'),(4921,25,4921,15,29.1322,0.123967,0.15,54,'2017-05-25 19:54:34','2017-05-25 19:54:34'),(4922,25,4922,2,29.2562,0.495868,1,32.1086,'2017-05-25 19:54:34','2017-05-25 19:54:34'),(4923,25,4923,6,29.2562,0.495868,1,80.9086,'2017-05-25 19:54:34','2017-05-25 19:54:34'),(4924,25,4924,15,29.3802,0.123967,0.3,64.2172,'2017-05-25 19:54:34','2017-05-25 19:54:34'),(4925,25,4925,15,29.5041,0.247934,0.6,80.9086,'2017-05-25 19:54:34','2017-05-25 19:54:34'),(4926,25,4926,2,29.7521,0.495868,1,32.1086,'2017-05-25 19:54:34','2017-05-25 19:54:34'),(4927,25,4927,15,29.876,0.123967,0.3,68.0357,'2017-05-25 19:54:34','2017-05-25 19:54:34'),(4928,25,4928,15,30,0.247934,0.6,68.0357,'2017-05-25 19:54:34','2017-05-25 19:54:34'),(4929,25,4929,15,30.124,0.123967,0.15,54,'2017-05-25 19:54:34','2017-05-25 19:54:34'),(4930,25,4930,2,30.2479,0.495868,1,54,'2017-05-25 19:54:34','2017-05-25 19:54:34'),(4931,25,4931,6,30.2479,0.495868,1,90.8168,'2017-05-25 19:54:34','2017-05-25 19:54:34'),(4932,25,4932,15,30.3719,0.123967,0.3,68.0357,'2017-05-25 19:54:35','2017-05-25 19:54:35'),(4933,25,4933,16,30.4959,0.247934,0.6,68.0357,'2017-05-25 19:54:35','2017-05-25 19:54:35'),(4934,25,4934,2,30.7438,0.495868,1,54,'2017-05-25 19:54:35','2017-05-25 19:54:35'),(4935,25,4935,15,30.8678,0.123967,0.3,68.0357,'2017-05-25 19:54:35','2017-05-25 19:54:35'),(4936,25,4936,15,30.9917,0.247934,0.6,68.0357,'2017-05-25 19:54:35','2017-05-25 19:54:35'),(4937,25,4937,15,30.9917,0.247934,0.5,363.267,'2017-05-25 19:54:35','2017-05-25 19:54:35'),(4938,25,4938,2,31.2397,0.495868,1,54,'2017-05-25 19:54:35','2017-05-25 19:54:35'),(4939,25,4939,6,31.2397,0.495868,1,90.8168,'2017-05-25 19:54:35','2017-05-25 19:54:35'),(4940,25,4940,15,31.2397,0.247934,1,363.267,'2017-05-25 19:54:35','2017-05-25 19:54:35');
/*!40000 ALTER TABLE `pick` ENABLE KEYS */;
UNLOCK TABLES;

--
-- Table structure for table `point`
--

DROP TABLE IF EXISTS `point`;
/*!40101 SET @saved_cs_client     = @@character_set_client */;
/*!40101 SET character_set_client = utf8 */;
CREATE TABLE `point` (
  `id` bigint(20) unsigned NOT NULL AUTO_INCREMENT,
  `morph_id` bigint(20) unsigned NOT NULL,
  `voice_event_id` bigint(20) unsigned NOT NULL,
  `position` float unsigned NOT NULL,
  `note` varchar(63) NOT NULL,
  `duration` float unsigned NOT NULL,
  `created_at` timestamp NULL DEFAULT CURRENT_TIMESTAMP,
  `updated_at` timestamp NULL DEFAULT CURRENT_TIMESTAMP ON UPDATE CURRENT_TIMESTAMP,
  PRIMARY KEY (`id`),
  UNIQUE KEY `id_UNIQUE` (`id`),
  KEY `point_fk_morph_idx` (`morph_id`),
  KEY `point_fk_voice_event_idx` (`voice_event_id`),
  CONSTRAINT `point_fk_morph` FOREIGN KEY (`morph_id`) REFERENCES `morph` (`id`) ON DELETE NO ACTION ON UPDATE NO ACTION,
  CONSTRAINT `point_fk_voice_event` FOREIGN KEY (`voice_event_id`) REFERENCES `voice_event` (`id`) ON DELETE NO ACTION ON UPDATE NO ACTION
) ENGINE=InnoDB AUTO_INCREMENT=4941 DEFAULT CHARSET=latin1;
/*!40101 SET character_set_client = @saved_cs_client */;

--
-- Dumping data for table `point`
--

LOCK TABLES `point` WRITE;
/*!40000 ALTER TABLE `point` DISABLE KEYS */;
INSERT INTO `point` VALUES (2471,2471,1,0,'G1',1,'2017-05-25 19:53:09','2017-05-25 19:53:09'),(2472,2472,168,0,'G1',4,'2017-05-25 19:53:09','2017-05-25 19:53:09'),(2473,2473,164,0,'Bb1',0.25,'2017-05-25 19:53:09','2017-05-25 19:53:09'),(2474,2474,100,0,'Bb1',0.5,'2017-05-25 19:53:09','2017-05-25 19:53:09'),(2475,2475,64,0,'G1',1,'2017-05-25 19:53:09','2017-05-25 19:53:09'),(2476,2476,68,0,'D2',1,'2017-05-25 19:53:09','2017-05-25 19:53:09'),(2477,2477,101,0,'Bb1',0.5,'2017-05-25 19:53:09','2017-05-25 19:53:09'),(2478,2478,228,0,'G1',0.25,'2017-05-25 19:53:09','2017-05-25 19:53:09'),(2479,2479,2,0,'G1',1,'2017-05-25 19:53:09','2017-05-25 19:53:09'),(2480,2480,166,0,'Bb1',0.25,'2017-05-25 19:53:09','2017-05-25 19:53:09'),(2481,2481,102,0,'Bb1',0.5,'2017-05-25 19:53:09','2017-05-25 19:53:09'),(2482,2482,229,0,'G1',0.25,'2017-05-25 19:53:10','2017-05-25 19:53:10'),(2483,2483,3,0,'G1',1,'2017-05-25 19:53:10','2017-05-25 19:53:10'),(2484,2484,69,0,'D2',1,'2017-05-25 19:53:10','2017-05-25 19:53:10'),(2485,2485,167,0,'Bb1',0.25,'2017-05-25 19:53:10','2017-05-25 19:53:10'),(2486,2486,103,0,'Bb1',0.5,'2017-05-25 19:53:10','2017-05-25 19:53:10'),(2487,2487,4,0,'G1',1,'2017-05-25 19:53:10','2017-05-25 19:53:10'),(2488,2488,104,0,'Bb1',0.5,'2017-05-25 19:53:10','2017-05-25 19:53:10'),(2489,2489,230,0,'G1',0.25,'2017-05-25 19:53:10','2017-05-25 19:53:10'),(2490,2490,5,0,'G1',1,'2017-05-25 19:53:10','2017-05-25 19:53:10'),(2491,2491,70,0,'D2',1,'2017-05-25 19:53:10','2017-05-25 19:53:10'),(2492,2492,169,0,'Bb1',0.25,'2017-05-25 19:53:10','2017-05-25 19:53:10'),(2493,2493,105,0,'Bb1',0.5,'2017-05-25 19:53:10','2017-05-25 19:53:10'),(2494,2494,6,0,'G1',1,'2017-05-25 19:53:10','2017-05-25 19:53:10'),(2495,2495,170,0,'Bb1',0.25,'2017-05-25 19:53:10','2017-05-25 19:53:10'),(2496,2496,106,0,'Bb1',0.5,'2017-05-25 19:53:10','2017-05-25 19:53:10'),(2497,2497,231,0,'G1',0.25,'2017-05-25 19:53:11','2017-05-25 19:53:11'),(2498,2498,7,0,'G1',1,'2017-05-25 19:53:11','2017-05-25 19:53:11'),(2499,2499,71,0,'D2',1,'2017-05-25 19:53:11','2017-05-25 19:53:11'),(2500,2500,171,0,'Bb1',0.25,'2017-05-25 19:53:11','2017-05-25 19:53:11'),(2501,2501,107,0,'Bb1',0.5,'2017-05-25 19:53:11','2017-05-25 19:53:11'),(2502,2502,1,0,'C2',1,'2017-05-25 19:53:11','2017-05-25 19:53:11'),(2503,2503,8,0,'G1',1,'2017-05-25 19:53:11','2017-05-25 19:53:11'),(2504,2504,168,0,'C2',4,'2017-05-25 19:53:11','2017-05-25 19:53:11'),(2505,2505,172,0,'Ab1',0.25,'2017-05-25 19:53:11','2017-05-25 19:53:11'),(2506,2506,164,0,'C2',0.25,'2017-05-25 19:53:11','2017-05-25 19:53:11'),(2507,2507,108,0,'B1',0.5,'2017-05-25 19:53:11','2017-05-25 19:53:11'),(2508,2508,100,0,'E2',0.5,'2017-05-25 19:53:11','2017-05-25 19:53:11'),(2509,2509,232,0,'Ab1',0.25,'2017-05-25 19:53:11','2017-05-25 19:53:11'),(2510,2510,64,0,'C2',1,'2017-05-25 19:53:11','2017-05-25 19:53:11'),(2511,2511,9,0,'Ab1',1,'2017-05-25 19:53:11','2017-05-25 19:53:11'),(2512,2512,68,0,'G2',1,'2017-05-25 19:53:11','2017-05-25 19:53:11'),(2513,2513,72,0,'Eb2',1,'2017-05-25 19:53:11','2017-05-25 19:53:11'),(2514,2514,101,0,'E2',0.5,'2017-05-25 19:53:11','2017-05-25 19:53:11'),(2515,2515,173,0,'Ab1',0.25,'2017-05-25 19:53:11','2017-05-25 19:53:11'),(2516,2516,228,0,'C1',0.25,'2017-05-25 19:53:12','2017-05-25 19:53:12'),(2517,2517,109,0,'B1',0.5,'2017-05-25 19:53:12','2017-05-25 19:53:12'),(2518,2518,2,0,'C2',1,'2017-05-25 19:53:12','2017-05-25 19:53:12'),(2519,2519,10,0,'Ab1',1,'2017-05-25 19:53:12','2017-05-25 19:53:12'),(2520,2520,166,0,'C2',0.25,'2017-05-25 19:53:12','2017-05-25 19:53:12'),(2521,2521,174,0,'Ab1',0.25,'2017-05-25 19:53:12','2017-05-25 19:53:12'),(2522,2522,102,0,'E2',0.5,'2017-05-25 19:53:12','2017-05-25 19:53:12'),(2523,2523,110,0,'B1',0.5,'2017-05-25 19:53:12','2017-05-25 19:53:12'),(2524,2524,229,0,'C1',0.25,'2017-05-25 19:53:12','2017-05-25 19:53:12'),(2525,2525,233,0,'Ab1',0.25,'2017-05-25 19:53:12','2017-05-25 19:53:12'),(2526,2526,3,0,'C2',1,'2017-05-25 19:53:12','2017-05-25 19:53:12'),(2527,2527,11,0,'Ab1',1,'2017-05-25 19:53:12','2017-05-25 19:53:12'),(2528,2528,69,0,'G2',1,'2017-05-25 19:53:12','2017-05-25 19:53:12'),(2529,2529,73,0,'Eb2',1,'2017-05-25 19:53:12','2017-05-25 19:53:12'),(2530,2530,175,0,'Ab1',0.25,'2017-05-25 19:53:12','2017-05-25 19:53:12'),(2531,2531,167,0,'C2',0.25,'2017-05-25 19:53:12','2017-05-25 19:53:12'),(2532,2532,111,0,'B1',0.5,'2017-05-25 19:53:12','2017-05-25 19:53:12'),(2533,2533,103,0,'E2',0.5,'2017-05-25 19:53:12','2017-05-25 19:53:12'),(2534,2534,12,0,'Ab1',1,'2017-05-25 19:53:12','2017-05-25 19:53:12'),(2535,2535,4,0,'C2',1,'2017-05-25 19:53:12','2017-05-25 19:53:12'),(2536,2536,176,0,'Ab1',0.25,'2017-05-25 19:53:12','2017-05-25 19:53:12'),(2537,2537,104,0,'E2',0.5,'2017-05-25 19:53:12','2017-05-25 19:53:12'),(2538,2538,112,0,'B1',0.5,'2017-05-25 19:53:12','2017-05-25 19:53:12'),(2539,2539,230,0,'C1',0.25,'2017-05-25 19:53:12','2017-05-25 19:53:12'),(2540,2540,234,0,'Ab1',0.25,'2017-05-25 19:53:13','2017-05-25 19:53:13'),(2541,2541,5,0,'C2',1,'2017-05-25 19:53:13','2017-05-25 19:53:13'),(2542,2542,13,0,'Ab1',1,'2017-05-25 19:53:13','2017-05-25 19:53:13'),(2543,2543,70,0,'G2',1,'2017-05-25 19:53:13','2017-05-25 19:53:13'),(2544,2544,74,0,'Eb2',1,'2017-05-25 19:53:13','2017-05-25 19:53:13'),(2545,2545,169,0,'C2',0.25,'2017-05-25 19:53:13','2017-05-25 19:53:13'),(2546,2546,177,0,'Ab1',0.25,'2017-05-25 19:53:13','2017-05-25 19:53:13'),(2547,2547,105,0,'E2',0.5,'2017-05-25 19:53:13','2017-05-25 19:53:13'),(2548,2548,113,0,'B1',0.5,'2017-05-25 19:53:13','2017-05-25 19:53:13'),(2549,2549,6,0,'C2',1,'2017-05-25 19:53:13','2017-05-25 19:53:13'),(2550,2550,14,0,'Ab1',1,'2017-05-25 19:53:13','2017-05-25 19:53:13'),(2551,2551,170,0,'C2',0.25,'2017-05-25 19:53:13','2017-05-25 19:53:13'),(2552,2552,106,0,'E2',0.5,'2017-05-25 19:53:13','2017-05-25 19:53:13'),(2553,2553,178,0,'Ab1',0.25,'2017-05-25 19:53:13','2017-05-25 19:53:13'),(2554,2555,231,0,'C1',0.25,'2017-05-25 19:53:13','2017-05-25 19:53:13'),(2555,2554,114,0,'B1',0.5,'2017-05-25 19:53:13','2017-05-25 19:53:13'),(2556,2556,1,0,'F2',1,'2017-05-25 19:53:13','2017-05-25 19:53:13'),(2557,2557,7,0,'C2',1,'2017-05-25 19:53:13','2017-05-25 19:53:13'),(2558,2558,260,0,'Eb5',0.5,'2017-05-25 19:53:13','2017-05-25 19:53:13'),(2559,2559,168,0,'F2',4,'2017-05-25 19:53:13','2017-05-25 19:53:13'),(2560,2560,235,0,'Ab1',0.25,'2017-05-25 19:53:13','2017-05-25 19:53:13'),(2561,2561,71,0,'G2',1,'2017-05-25 19:53:13','2017-05-25 19:53:13'),(2562,2562,164,0,'Ab2',0.25,'2017-05-25 19:53:13','2017-05-25 19:53:13'),(2563,2563,15,0,'Ab1',1,'2017-05-25 19:53:14','2017-05-25 19:53:14'),(2564,2564,171,0,'C2',0.25,'2017-05-25 19:53:14','2017-05-25 19:53:14'),(2565,2565,100,0,'Ab2',0.5,'2017-05-25 19:53:14','2017-05-25 19:53:14'),(2566,2567,107,0,'E2',0.5,'2017-05-25 19:53:14','2017-05-25 19:53:14'),(2567,2566,75,0,'Eb2',1,'2017-05-25 19:53:14','2017-05-25 19:53:14'),(2568,2568,64,0,'F2',1,'2017-05-25 19:53:14','2017-05-25 19:53:14'),(2569,2569,8,0,'C2',1,'2017-05-25 19:53:14','2017-05-25 19:53:14'),(2570,2570,261,0,'Eb4',0.5,'2017-05-25 19:53:14','2017-05-25 19:53:14'),(2571,2571,68,0,'C3',1,'2017-05-25 19:53:14','2017-05-25 19:53:14'),(2572,2573,179,0,'Ab1',0.25,'2017-05-25 19:53:14','2017-05-25 19:53:14'),(2573,2572,172,0,'C2',0.25,'2017-05-25 19:53:14','2017-05-25 19:53:14'),(2574,2574,101,0,'Ab2',0.5,'2017-05-25 19:53:14','2017-05-25 19:53:14'),(2575,2575,115,0,'B1',0.5,'2017-05-25 19:53:14','2017-05-25 19:53:14'),(2576,2576,108,0,'E2',0.5,'2017-05-25 19:53:14','2017-05-25 19:53:14'),(2577,2577,228,0,'F2',0.25,'2017-05-25 19:53:14','2017-05-25 19:53:14'),(2578,2578,16,0,'Ab1',1,'2017-05-25 19:53:14','2017-05-25 19:53:14'),(2579,2579,232,0,'C1',0.25,'2017-05-25 19:53:14','2017-05-25 19:53:14'),(2580,2580,2,0,'F2',1,'2017-05-25 19:53:14','2017-05-25 19:53:14'),(2581,2581,9,0,'C2',1,'2017-05-25 19:53:14','2017-05-25 19:53:14'),(2582,2582,180,0,'A1',0.25,'2017-05-25 19:53:14','2017-05-25 19:53:14'),(2583,2583,166,0,'Ab2',0.25,'2017-05-25 19:53:14','2017-05-25 19:53:14'),(2584,2584,72,0,'G2',1,'2017-05-25 19:53:14','2017-05-25 19:53:14'),(2585,2585,116,0,'C1',0.5,'2017-05-25 19:53:14','2017-05-25 19:53:14'),(2586,2586,102,0,'Ab2',0.5,'2017-05-25 19:53:14','2017-05-25 19:53:14'),(2587,2587,236,0,'E1',0.25,'2017-05-25 19:53:14','2017-05-25 19:53:14'),(2588,2588,173,0,'C2',0.25,'2017-05-25 19:53:14','2017-05-25 19:53:14'),(2589,2589,229,0,'F2',0.25,'2017-05-25 19:53:14','2017-05-25 19:53:14'),(2590,2590,17,0,'A1',1,'2017-05-25 19:53:14','2017-05-25 19:53:14'),(2591,2591,109,0,'E2',0.5,'2017-05-25 19:53:14','2017-05-25 19:53:14'),(2592,2592,3,0,'F2',1,'2017-05-25 19:53:14','2017-05-25 19:53:14'),(2593,2593,10,0,'C2',1,'2017-05-25 19:53:15','2017-05-25 19:53:15'),(2594,2594,76,0,'C2',1,'2017-05-25 19:53:15','2017-05-25 19:53:15'),(2595,2595,69,0,'C3',1,'2017-05-25 19:53:15','2017-05-25 19:53:15'),(2596,2596,181,0,'A1',0.25,'2017-05-25 19:53:15','2017-05-25 19:53:15'),(2597,2597,174,0,'C2',0.25,'2017-05-25 19:53:15','2017-05-25 19:53:15'),(2598,2598,167,0,'Ab2',0.25,'2017-05-25 19:53:15','2017-05-25 19:53:15'),(2599,2599,117,0,'C1',0.5,'2017-05-25 19:53:15','2017-05-25 19:53:15'),(2600,2600,110,0,'E2',0.5,'2017-05-25 19:53:15','2017-05-25 19:53:15'),(2601,2601,103,0,'Ab2',0.5,'2017-05-25 19:53:15','2017-05-25 19:53:15'),(2602,2602,18,0,'A1',1,'2017-05-25 19:53:15','2017-05-25 19:53:15'),(2603,2603,233,0,'C1',0.25,'2017-05-25 19:53:15','2017-05-25 19:53:15'),(2604,2604,4,0,'F2',1,'2017-05-25 19:53:15','2017-05-25 19:53:15'),(2605,2605,182,0,'A1',0.25,'2017-05-25 19:53:15','2017-05-25 19:53:15'),(2606,2606,11,0,'C2',1,'2017-05-25 19:53:15','2017-05-25 19:53:15'),(2607,2607,104,0,'Ab2',0.5,'2017-05-25 19:53:15','2017-05-25 19:53:15'),(2608,2608,118,0,'C1',0.5,'2017-05-25 19:53:15','2017-05-25 19:53:15'),(2609,2609,73,0,'G2',1,'2017-05-25 19:53:15','2017-05-25 19:53:15'),(2610,2610,230,0,'F2',0.25,'2017-05-25 19:53:15','2017-05-25 19:53:15'),(2611,2611,237,0,'E1',0.25,'2017-05-25 19:53:15','2017-05-25 19:53:15'),(2612,2612,175,0,'C2',0.25,'2017-05-25 19:53:15','2017-05-25 19:53:15'),(2613,2613,5,0,'F2',1,'2017-05-25 19:53:15','2017-05-25 19:53:15'),(2614,2614,19,0,'A1',1,'2017-05-25 19:53:15','2017-05-25 19:53:15'),(2615,2615,111,0,'E2',0.5,'2017-05-25 19:53:15','2017-05-25 19:53:15'),(2616,2616,70,0,'C3',1,'2017-05-25 19:53:15','2017-05-25 19:53:15'),(2617,2618,12,0,'C2',1,'2017-05-25 19:53:15','2017-05-25 19:53:15'),(2618,2617,77,0,'C2',1,'2017-05-25 19:53:15','2017-05-25 19:53:15'),(2619,2620,169,0,'Ab2',0.25,'2017-05-25 19:53:16','2017-05-25 19:53:16'),(2620,2619,1,0,'A#1',1,'2017-05-25 19:53:16','2017-05-25 19:53:16'),(2621,2622,183,0,'A1',0.25,'2017-05-25 19:53:16','2017-05-25 19:53:16'),(2622,2621,176,0,'C2',0.25,'2017-05-25 19:53:16','2017-05-25 19:53:16'),(2623,2623,105,0,'Ab2',0.5,'2017-05-25 19:53:16','2017-05-25 19:53:16'),(2624,2624,168,0,'A#1',4,'2017-05-25 19:53:16','2017-05-25 19:53:16'),(2625,2625,119,0,'C1',0.5,'2017-05-25 19:53:16','2017-05-25 19:53:16'),(2626,2626,112,0,'E2',0.5,'2017-05-25 19:53:16','2017-05-25 19:53:16'),(2627,2627,6,0,'F2',1,'2017-05-25 19:53:16','2017-05-25 19:53:16'),(2628,2628,164,0,'A#2',0.25,'2017-05-25 19:53:16','2017-05-25 19:53:16'),(2629,2629,20,0,'A1',1,'2017-05-25 19:53:16','2017-05-25 19:53:16'),(2630,2630,234,0,'C1',0.25,'2017-05-25 19:53:16','2017-05-25 19:53:16'),(2631,2631,170,0,'Ab2',0.25,'2017-05-25 19:53:16','2017-05-25 19:53:16'),(2632,2632,100,0,'D2',0.5,'2017-05-25 19:53:16','2017-05-25 19:53:16'),(2633,2633,184,0,'A1',0.25,'2017-05-25 19:53:16','2017-05-25 19:53:16'),(2634,2634,13,0,'C2',1,'2017-05-25 19:53:16','2017-05-25 19:53:16'),(2635,2635,106,0,'Ab2',0.5,'2017-05-25 19:53:16','2017-05-25 19:53:16'),(2636,2636,64,0,'A#1',1,'2017-05-25 19:53:16','2017-05-25 19:53:16'),(2637,2637,120,0,'C1',0.5,'2017-05-25 19:53:16','2017-05-25 19:53:16'),(2638,2638,74,0,'G2',1,'2017-05-25 19:53:16','2017-05-25 19:53:16'),(2639,2639,231,0,'F2',0.25,'2017-05-25 19:53:16','2017-05-25 19:53:16'),(2640,2640,68,0,'F2',1,'2017-05-25 19:53:16','2017-05-25 19:53:16'),(2641,2641,238,0,'E1',0.25,'2017-05-25 19:53:17','2017-05-25 19:53:17'),(2642,2642,177,0,'C2',0.25,'2017-05-25 19:53:17','2017-05-25 19:53:17'),(2643,2643,101,0,'D2',0.5,'2017-05-25 19:53:17','2017-05-25 19:53:17'),(2644,2644,7,0,'F2',1,'2017-05-25 19:53:17','2017-05-25 19:53:17'),(2645,2645,21,0,'A1',1,'2017-05-25 19:53:17','2017-05-25 19:53:17'),(2646,2646,113,0,'E2',0.5,'2017-05-25 19:53:17','2017-05-25 19:53:17'),(2647,2647,71,0,'C3',1,'2017-05-25 19:53:17','2017-05-25 19:53:17'),(2648,2648,228,0,'A#1',0.25,'2017-05-25 19:53:17','2017-05-25 19:53:17'),(2649,2649,78,0,'C2',1,'2017-05-25 19:53:17','2017-05-25 19:53:17'),(2650,2650,14,0,'C2',1,'2017-05-25 19:53:17','2017-05-25 19:53:17'),(2651,2652,2,0,'A#1',1,'2017-05-25 19:53:17','2017-05-25 19:53:17'),(2652,2651,171,0,'Ab2',0.25,'2017-05-25 19:53:17','2017-05-25 19:53:17'),(2653,2653,185,0,'A1',0.25,'2017-05-25 19:53:17','2017-05-25 19:53:17'),(2654,2654,178,0,'C2',0.25,'2017-05-25 19:53:17','2017-05-25 19:53:17'),(2655,2655,166,0,'A#2',0.25,'2017-05-25 19:53:17','2017-05-25 19:53:17'),(2656,2656,107,0,'Ab2',0.5,'2017-05-25 19:53:17','2017-05-25 19:53:17'),(2657,2657,121,0,'C1',0.5,'2017-05-25 19:53:17','2017-05-25 19:53:17'),(2658,2658,114,0,'E2',0.5,'2017-05-25 19:53:17','2017-05-25 19:53:17'),(2659,2660,8,0,'F2',1,'2017-05-25 19:53:17','2017-05-25 19:53:17'),(2660,2659,102,0,'D2',0.5,'2017-05-25 19:53:17','2017-05-25 19:53:17'),(2661,2661,22,0,'A1',1,'2017-05-25 19:53:17','2017-05-25 19:53:17'),(2662,2662,260,0,'G5',0.5,'2017-05-25 19:53:17','2017-05-25 19:53:17'),(2663,2663,172,0,'Gb2',0.25,'2017-05-25 19:53:17','2017-05-25 19:53:17'),(2664,2664,229,0,'A#1',0.25,'2017-05-25 19:53:17','2017-05-25 19:53:17'),(2665,2665,186,0,'A1',0.25,'2017-05-25 19:53:18','2017-05-25 19:53:18'),(2666,2666,235,0,'C1',0.25,'2017-05-25 19:53:18','2017-05-25 19:53:18'),(2667,2667,108,0,'A2',0.5,'2017-05-25 19:53:18','2017-05-25 19:53:18'),(2668,2668,3,0,'A#1',1,'2017-05-25 19:53:18','2017-05-25 19:53:18'),(2669,2669,122,0,'C1',0.5,'2017-05-25 19:53:18','2017-05-25 19:53:18'),(2670,2670,15,0,'C2',1,'2017-05-25 19:53:18','2017-05-25 19:53:18'),(2671,2671,232,0,'Gb2',0.25,'2017-05-25 19:53:18','2017-05-25 19:53:18'),(2672,2672,69,0,'F2',1,'2017-05-25 19:53:18','2017-05-25 19:53:18'),(2673,2673,239,0,'E1',0.25,'2017-05-25 19:53:18','2017-05-25 19:53:18'),(2674,2674,75,0,'G2',1,'2017-05-25 19:53:18','2017-05-25 19:53:18'),(2675,2675,9,0,'Gb2',1,'2017-05-25 19:53:18','2017-05-25 19:53:18'),(2676,2676,167,0,'A#2',0.25,'2017-05-25 19:53:18','2017-05-25 19:53:18'),(2677,2677,23,0,'A1',1,'2017-05-25 19:53:18','2017-05-25 19:53:18'),(2678,2678,261,0,'G4',0.5,'2017-05-25 19:53:18','2017-05-25 19:53:18'),(2679,2679,103,0,'D2',0.5,'2017-05-25 19:53:18','2017-05-25 19:53:18'),(2680,2680,72,0,'Db3',1,'2017-05-25 19:53:18','2017-05-25 19:53:18'),(2681,2681,79,0,'C2',1,'2017-05-25 19:53:18','2017-05-25 19:53:18'),(2682,2682,179,0,'C2',0.25,'2017-05-25 19:53:18','2017-05-25 19:53:18'),(2683,2685,1,0,'Bb1',1,'2017-05-25 19:53:18','2017-05-25 19:53:18'),(2684,2683,173,0,'Gb2',0.25,'2017-05-25 19:53:18','2017-05-25 19:53:18'),(2685,2684,4,0,'A#1',1,'2017-05-25 19:53:18','2017-05-25 19:53:18'),(2686,2686,187,0,'A1',0.25,'2017-05-25 19:53:18','2017-05-25 19:53:18'),(2687,2687,115,0,'E2',0.5,'2017-05-25 19:53:18','2017-05-25 19:53:18'),(2688,2688,109,0,'A2',0.5,'2017-05-25 19:53:18','2017-05-25 19:53:18'),(2689,2690,104,0,'D2',0.5,'2017-05-25 19:53:18','2017-05-25 19:53:18'),(2690,2689,168,0,'Bb1',4,'2017-05-25 19:53:18','2017-05-25 19:53:18'),(2691,2691,123,0,'C1',0.5,'2017-05-25 19:53:19','2017-05-25 19:53:19'),(2692,2692,16,0,'C2',1,'2017-05-25 19:53:19','2017-05-25 19:53:19'),(2693,2693,10,0,'Gb2',1,'2017-05-25 19:53:19','2017-05-25 19:53:19'),(2694,2694,230,0,'A#1',0.25,'2017-05-25 19:53:19','2017-05-25 19:53:19'),(2695,2695,164,0,'Db2',0.25,'2017-05-25 19:53:19','2017-05-25 19:53:19'),(2696,2696,24,0,'A1',1,'2017-05-25 19:53:19','2017-05-25 19:53:19'),(2697,2697,180,0,'D2',0.25,'2017-05-25 19:53:19','2017-05-25 19:53:19'),(2698,2698,174,0,'Gb2',0.25,'2017-05-25 19:53:19','2017-05-25 19:53:19'),(2699,2700,100,0,'Db2',0.5,'2017-05-25 19:53:19','2017-05-25 19:53:19'),(2700,2699,5,0,'A#1',1,'2017-05-25 19:53:19','2017-05-25 19:53:19'),(2701,2701,188,0,'Bb1',0.25,'2017-05-25 19:53:19','2017-05-25 19:53:19'),(2702,2702,116,0,'D2',0.5,'2017-05-25 19:53:19','2017-05-25 19:53:19'),(2703,2703,110,0,'A2',0.5,'2017-05-25 19:53:19','2017-05-25 19:53:19'),(2704,2704,64,0,'Bb1',1,'2017-05-25 19:53:19','2017-05-25 19:53:19'),(2705,2705,70,0,'F2',1,'2017-05-25 19:53:19','2017-05-25 19:53:19'),(2706,2706,124,0,'Bb1',0.5,'2017-05-25 19:53:19','2017-05-25 19:53:19'),(2707,2707,236,0,'B1',0.25,'2017-05-25 19:53:19','2017-05-25 19:53:19'),(2708,2708,233,0,'Gb2',0.25,'2017-05-25 19:53:19','2017-05-25 19:53:19'),(2709,2710,169,0,'A#2',0.25,'2017-05-25 19:53:19','2017-05-25 19:53:19'),(2710,2709,68,0,'F2',1,'2017-05-25 19:53:19','2017-05-25 19:53:19'),(2711,2711,240,0,'F1',0.25,'2017-05-25 19:53:19','2017-05-25 19:53:19'),(2712,2712,17,0,'B2',1,'2017-05-25 19:53:19','2017-05-25 19:53:19'),(2713,2714,105,0,'D2',0.5,'2017-05-25 19:53:19','2017-05-25 19:53:19'),(2714,2713,11,0,'Gb2',1,'2017-05-25 19:53:19','2017-05-25 19:53:19'),(2715,2715,101,0,'Db2',0.5,'2017-05-25 19:53:19','2017-05-25 19:53:19'),(2716,2716,76,0,'G2',1,'2017-05-25 19:53:19','2017-05-25 19:53:19'),(2717,2717,25,0,'F1',1,'2017-05-25 19:53:19','2017-05-25 19:53:19'),(2718,2718,6,0,'A#1',1,'2017-05-25 19:53:19','2017-05-25 19:53:19'),(2719,2719,73,0,'Db3',1,'2017-05-25 19:53:19','2017-05-25 19:53:19'),(2720,2720,228,0,'Bb1',0.25,'2017-05-25 19:53:19','2017-05-25 19:53:19'),(2721,2721,80,0,'Db2',1,'2017-05-25 19:53:19','2017-05-25 19:53:19'),(2722,2722,181,0,'D2',0.25,'2017-05-25 19:53:19','2017-05-25 19:53:19'),(2723,2723,170,0,'A#2',0.25,'2017-05-25 19:53:20','2017-05-25 19:53:20'),(2724,2724,175,0,'Gb2',0.25,'2017-05-25 19:53:20','2017-05-25 19:53:20'),(2725,2725,2,0,'Bb1',1,'2017-05-25 19:53:20','2017-05-25 19:53:20'),(2726,2726,189,0,'Bb1',0.25,'2017-05-25 19:53:20','2017-05-25 19:53:20'),(2727,2727,117,0,'D2',0.5,'2017-05-25 19:53:20','2017-05-25 19:53:20'),(2728,2730,111,0,'A2',0.5,'2017-05-25 19:53:20','2017-05-25 19:53:20'),(2729,2729,106,0,'D2',0.5,'2017-05-25 19:53:20','2017-05-25 19:53:20'),(2730,2728,166,0,'Db2',0.25,'2017-05-25 19:53:20','2017-05-25 19:53:20'),(2731,2731,18,0,'B2',1,'2017-05-25 19:53:20','2017-05-25 19:53:20'),(2732,2732,125,0,'Bb1',0.5,'2017-05-25 19:53:20','2017-05-25 19:53:20'),(2733,2734,231,0,'A#1',0.25,'2017-05-25 19:53:20','2017-05-25 19:53:20'),(2734,2735,12,0,'Gb2',1,'2017-05-25 19:53:20','2017-05-25 19:53:20'),(2735,2733,102,0,'Db2',0.5,'2017-05-25 19:53:20','2017-05-25 19:53:20'),(2736,2737,26,0,'F1',1,'2017-05-25 19:53:20','2017-05-25 19:53:20'),(2737,2736,182,0,'D2',0.25,'2017-05-25 19:53:20','2017-05-25 19:53:20'),(2738,2739,7,0,'A#1',1,'2017-05-25 19:53:20','2017-05-25 19:53:20'),(2739,2740,176,0,'Gb2',0.25,'2017-05-25 19:53:20','2017-05-25 19:53:20'),(2740,2738,229,0,'Bb1',0.25,'2017-05-25 19:53:20','2017-05-25 19:53:20'),(2741,2742,118,0,'D2',0.5,'2017-05-25 19:53:20','2017-05-25 19:53:20'),(2742,2741,190,0,'Bb1',0.25,'2017-05-25 19:53:20','2017-05-25 19:53:20'),(2743,2743,3,0,'Bb1',1,'2017-05-25 19:53:20','2017-05-25 19:53:20'),(2744,2744,112,0,'A2',0.5,'2017-05-25 19:53:20','2017-05-25 19:53:20'),(2745,2745,71,0,'F2',1,'2017-05-25 19:53:20','2017-05-25 19:53:20'),(2746,2747,126,0,'Bb1',0.5,'2017-05-25 19:53:20','2017-05-25 19:53:20'),(2747,2746,237,0,'B1',0.25,'2017-05-25 19:53:20','2017-05-25 19:53:20'),(2748,2748,69,0,'F2',1,'2017-05-25 19:53:20','2017-05-25 19:53:20'),(2749,2750,234,0,'Gb2',0.25,'2017-05-25 19:53:20','2017-05-25 19:53:20'),(2750,2749,171,0,'A#2',0.25,'2017-05-25 19:53:20','2017-05-25 19:53:20'),(2751,2752,19,0,'B2',1,'2017-05-25 19:53:21','2017-05-25 19:53:21'),(2752,2751,241,0,'F1',0.25,'2017-05-25 19:53:21','2017-05-25 19:53:21'),(2753,2753,13,0,'Gb2',1,'2017-05-25 19:53:21','2017-05-25 19:53:21'),(2754,2754,167,0,'Db2',0.25,'2017-05-25 19:53:21','2017-05-25 19:53:21'),(2755,2755,107,0,'D2',0.5,'2017-05-25 19:53:21','2017-05-25 19:53:21'),(2756,2756,27,0,'F1',1,'2017-05-25 19:53:21','2017-05-25 19:53:21'),(2757,2757,77,0,'G2',1,'2017-05-25 19:53:21','2017-05-25 19:53:21'),(2758,2758,103,0,'Db2',0.5,'2017-05-25 19:53:21','2017-05-25 19:53:21'),(2759,2759,74,0,'Db3',1,'2017-05-25 19:53:21','2017-05-25 19:53:21'),(2760,2760,8,0,'A#1',1,'2017-05-25 19:53:21','2017-05-25 19:53:21'),(2761,2761,183,0,'D2',0.25,'2017-05-25 19:53:21','2017-05-25 19:53:21'),(2762,2762,81,0,'Db2',1,'2017-05-25 19:53:21','2017-05-25 19:53:21'),(2763,2763,177,0,'Gb2',0.25,'2017-05-25 19:53:21','2017-05-25 19:53:21'),(2764,2764,172,0,'A#2',0.25,'2017-05-25 19:53:21','2017-05-25 19:53:21'),(2765,2765,4,0,'Bb1',1,'2017-05-25 19:53:21','2017-05-25 19:53:21'),(2766,2766,191,0,'Bb1',0.25,'2017-05-25 19:53:21','2017-05-25 19:53:21'),(2767,2767,119,0,'D2',0.5,'2017-05-25 19:53:21','2017-05-25 19:53:21'),(2768,2768,113,0,'A2',0.5,'2017-05-25 19:53:21','2017-05-25 19:53:21'),(2769,2769,108,0,'D2',0.5,'2017-05-25 19:53:21','2017-05-25 19:53:21'),(2770,2770,104,0,'Db2',0.5,'2017-05-25 19:53:21','2017-05-25 19:53:21'),(2771,2771,1,0,'D#2',1,'2017-05-25 19:53:21','2017-05-25 19:53:21'),(2772,2772,20,0,'B2',1,'2017-05-25 19:53:21','2017-05-25 19:53:21'),(2773,2773,127,0,'Bb1',0.5,'2017-05-25 19:53:21','2017-05-25 19:53:21'),(2774,2774,14,0,'Gb2',1,'2017-05-25 19:53:21','2017-05-25 19:53:21'),(2775,2775,232,0,'A#1',0.25,'2017-05-25 19:53:21','2017-05-25 19:53:21'),(2776,2776,230,0,'Bb1',0.25,'2017-05-25 19:53:21','2017-05-25 19:53:21'),(2777,2777,168,0,'D#2',4,'2017-05-25 19:53:21','2017-05-25 19:53:21'),(2778,2778,28,0,'F1',1,'2017-05-25 19:53:21','2017-05-25 19:53:21'),(2779,2779,184,0,'D2',0.25,'2017-05-25 19:53:22','2017-05-25 19:53:22'),(2780,2780,178,0,'Gb2',0.25,'2017-05-25 19:53:22','2017-05-25 19:53:22'),(2781,2782,9,0,'A#1',1,'2017-05-25 19:53:22','2017-05-25 19:53:22'),(2782,2781,5,0,'Bb1',1,'2017-05-25 19:53:22','2017-05-25 19:53:22'),(2783,2783,164,0,'D#2',0.25,'2017-05-25 19:53:22','2017-05-25 19:53:22'),(2784,2785,120,0,'D2',0.5,'2017-05-25 19:53:22','2017-05-25 19:53:22'),(2785,2784,192,0,'Bb1',0.25,'2017-05-25 19:53:22','2017-05-25 19:53:22'),(2786,2786,70,0,'F2',1,'2017-05-25 19:53:22','2017-05-25 19:53:22'),(2787,2787,72,0,'F2',1,'2017-05-25 19:53:22','2017-05-25 19:53:22'),(2788,2788,114,0,'A2',0.5,'2017-05-25 19:53:22','2017-05-25 19:53:22'),(2789,2789,100,0,'G2',0.5,'2017-05-25 19:53:22','2017-05-25 19:53:22'),(2790,2790,238,0,'B1',0.25,'2017-05-25 19:53:22','2017-05-25 19:53:22'),(2791,2791,128,0,'Bb1',0.5,'2017-05-25 19:53:22','2017-05-25 19:53:22'),(2792,2793,169,0,'Db2',0.25,'2017-05-25 19:53:22','2017-05-25 19:53:22'),(2793,2792,173,0,'A#2',0.25,'2017-05-25 19:53:22','2017-05-25 19:53:22'),(2794,2794,260,0,'Db6',0.5,'2017-05-25 19:53:22','2017-05-25 19:53:22'),(2795,2795,64,0,'D#2',1,'2017-05-25 19:53:22','2017-05-25 19:53:22'),(2796,2796,21,0,'B2',1,'2017-05-25 19:53:22','2017-05-25 19:53:22'),(2797,2797,242,0,'F1',0.25,'2017-05-25 19:53:22','2017-05-25 19:53:22'),(2798,2799,105,0,'Db2',0.5,'2017-05-25 19:53:22','2017-05-25 19:53:22'),(2799,2798,109,0,'D2',0.5,'2017-05-25 19:53:22','2017-05-25 19:53:22'),(2800,2800,235,0,'Gb2',0.25,'2017-05-25 19:53:22','2017-05-25 19:53:22'),(2801,2801,68,0,'A#2',1,'2017-05-25 19:53:22','2017-05-25 19:53:22'),(2802,2802,78,0,'G2',1,'2017-05-25 19:53:22','2017-05-25 19:53:22'),(2803,2803,29,0,'F1',1,'2017-05-25 19:53:22','2017-05-25 19:53:22'),(2804,2804,6,0,'Bb1',1,'2017-05-25 19:53:22','2017-05-25 19:53:22'),(2805,2805,10,0,'A#1',1,'2017-05-25 19:53:22','2017-05-25 19:53:22'),(2806,2806,15,0,'Gb2',1,'2017-05-25 19:53:22','2017-05-25 19:53:22'),(2807,2807,101,0,'G2',0.5,'2017-05-25 19:53:22','2017-05-25 19:53:22'),(2808,2808,185,0,'D2',0.25,'2017-05-25 19:53:22','2017-05-25 19:53:22'),(2809,2809,82,0,'Db2',1,'2017-05-25 19:53:22','2017-05-25 19:53:22'),(2810,2810,170,0,'Db2',0.25,'2017-05-25 19:53:22','2017-05-25 19:53:22'),(2811,2811,174,0,'A#2',0.25,'2017-05-25 19:53:22','2017-05-25 19:53:22'),(2812,2812,75,0,'Db3',1,'2017-05-25 19:53:23','2017-05-25 19:53:23'),(2813,2813,228,0,'D#2',0.25,'2017-05-25 19:53:23','2017-05-25 19:53:23'),(2814,2814,121,0,'D2',0.5,'2017-05-25 19:53:23','2017-05-25 19:53:23'),(2815,2815,193,0,'Bb1',0.25,'2017-05-25 19:53:23','2017-05-25 19:53:23'),(2816,2816,106,0,'Db2',0.5,'2017-05-25 19:53:23','2017-05-25 19:53:23'),(2817,2817,110,0,'D2',0.5,'2017-05-25 19:53:23','2017-05-25 19:53:23'),(2818,2818,261,0,'Db5',0.5,'2017-05-25 19:53:23','2017-05-25 19:53:23'),(2819,2819,2,0,'D#2',1,'2017-05-25 19:53:23','2017-05-25 19:53:23'),(2820,2820,22,0,'B2',1,'2017-05-25 19:53:23','2017-05-25 19:53:23'),(2821,2821,129,0,'Bb1',0.5,'2017-05-25 19:53:23','2017-05-25 19:53:23'),(2822,2822,231,0,'Bb1',0.25,'2017-05-25 19:53:23','2017-05-25 19:53:23'),(2823,2823,233,0,'A#1',0.25,'2017-05-25 19:53:23','2017-05-25 19:53:23'),(2824,2824,179,0,'Gb2',0.25,'2017-05-25 19:53:23','2017-05-25 19:53:23'),(2825,2825,166,0,'D#2',0.25,'2017-05-25 19:53:23','2017-05-25 19:53:23'),(2826,2826,186,0,'D2',0.25,'2017-05-25 19:53:23','2017-05-25 19:53:23'),(2827,2827,30,0,'F1',1,'2017-05-25 19:53:23','2017-05-25 19:53:23'),(2828,2828,7,0,'Bb1',1,'2017-05-25 19:53:23','2017-05-25 19:53:23'),(2829,2830,11,0,'A#1',1,'2017-05-25 19:53:23','2017-05-25 19:53:23'),(2830,2829,115,0,'A2',0.5,'2017-05-25 19:53:23','2017-05-25 19:53:23'),(2831,2831,102,0,'G2',0.5,'2017-05-25 19:53:23','2017-05-25 19:53:23'),(2832,2833,194,0,'Bb1',0.25,'2017-05-25 19:53:23','2017-05-25 19:53:23'),(2833,2832,122,0,'D2',0.5,'2017-05-25 19:53:23','2017-05-25 19:53:23'),(2834,2835,73,0,'F2',1,'2017-05-25 19:53:23','2017-05-25 19:53:23'),(2835,2834,71,0,'F2',1,'2017-05-25 19:53:23','2017-05-25 19:53:23'),(2836,2836,16,0,'Gb2',1,'2017-05-25 19:53:23','2017-05-25 19:53:23'),(2837,2837,229,0,'D#2',0.25,'2017-05-25 19:53:23','2017-05-25 19:53:23'),(2838,2839,239,0,'B1',0.25,'2017-05-25 19:53:23','2017-05-25 19:53:23'),(2839,2838,130,0,'Bb1',0.5,'2017-05-25 19:53:23','2017-05-25 19:53:23'),(2840,2840,175,0,'A#2',0.25,'2017-05-25 19:53:24','2017-05-25 19:53:24'),(2841,2841,180,0,'G2',0.25,'2017-05-25 19:53:24','2017-05-25 19:53:24'),(2842,2842,171,0,'Db2',0.25,'2017-05-25 19:53:24','2017-05-25 19:53:24'),(2843,2843,3,0,'D#2',1,'2017-05-25 19:53:24','2017-05-25 19:53:24'),(2844,2845,262,0,'Db4',0.5,'2017-05-25 19:53:24','2017-05-25 19:53:24'),(2845,2844,23,0,'B2',1,'2017-05-25 19:53:24','2017-05-25 19:53:24'),(2846,2846,111,0,'D2',0.5,'2017-05-25 19:53:24','2017-05-25 19:53:24'),(2847,2847,116,0,'Bb2',0.5,'2017-05-25 19:53:24','2017-05-25 19:53:24'),(2848,2848,107,0,'Db2',0.5,'2017-05-25 19:53:24','2017-05-25 19:53:24'),(2849,2849,69,0,'A#2',1,'2017-05-25 19:53:24','2017-05-25 19:53:24'),(2850,2850,79,0,'G2',1,'2017-05-25 19:53:24','2017-05-25 19:53:24'),(2851,2851,243,0,'F1',0.25,'2017-05-25 19:53:24','2017-05-25 19:53:24'),(2852,2852,12,0,'A#1',1,'2017-05-25 19:53:24','2017-05-25 19:53:24'),(2853,2853,236,0,'D2',0.25,'2017-05-25 19:53:24','2017-05-25 19:53:24'),(2854,2854,8,0,'Bb1',1,'2017-05-25 19:53:24','2017-05-25 19:53:24'),(2855,2855,167,0,'D#2',0.25,'2017-05-25 19:53:24','2017-05-25 19:53:24'),(2856,2857,176,0,'A#2',0.25,'2017-05-25 19:53:24','2017-05-25 19:53:24'),(2857,2856,187,0,'D2',0.25,'2017-05-25 19:53:24','2017-05-25 19:53:24'),(2858,2858,31,0,'F1',1,'2017-05-25 19:53:24','2017-05-25 19:53:24'),(2859,2859,172,0,'B2',0.25,'2017-05-25 19:53:24','2017-05-25 19:53:24'),(2860,2861,103,0,'G2',0.5,'2017-05-25 19:53:24','2017-05-25 19:53:24'),(2861,2860,17,0,'G2',1,'2017-05-25 19:53:24','2017-05-25 19:53:24'),(2862,2862,123,0,'D2',0.5,'2017-05-25 19:53:24','2017-05-25 19:53:24'),(2863,2864,83,0,'Db2',1,'2017-05-25 19:53:24','2017-05-25 19:53:24'),(2864,2863,112,0,'D2',0.5,'2017-05-25 19:53:24','2017-05-25 19:53:24'),(2865,2866,4,0,'D#2',1,'2017-05-25 19:53:24','2017-05-25 19:53:24'),(2866,2865,108,0,'D2',0.5,'2017-05-25 19:53:24','2017-05-25 19:53:24'),(2867,2867,76,0,'Bb3',1,'2017-05-25 19:53:24','2017-05-25 19:53:24'),(2868,2868,24,0,'B2',1,'2017-05-25 19:53:25','2017-05-25 19:53:25'),(2869,2869,263,0,'Db4',0.5,'2017-05-25 19:53:25','2017-05-25 19:53:25'),(2870,2870,234,0,'A#1',0.25,'2017-05-25 19:53:25','2017-05-25 19:53:25'),(2871,2871,232,0,'B1',0.25,'2017-05-25 19:53:25','2017-05-25 19:53:25'),(2872,2872,104,0,'G2',0.5,'2017-05-25 19:53:25','2017-05-25 19:53:25'),(2873,2873,181,0,'G2',0.25,'2017-05-25 19:53:25','2017-05-25 19:53:25'),(2874,2874,188,0,'Db2',0.25,'2017-05-25 19:53:25','2017-05-25 19:53:25'),(2875,2875,195,0,'Bb1',0.25,'2017-05-25 19:53:25','2017-05-25 19:53:25'),(2876,2877,1,0,'Eb2',1,'2017-05-25 19:53:25','2017-05-25 19:53:25'),(2877,2876,13,0,'A#1',1,'2017-05-25 19:53:25','2017-05-25 19:53:25'),(2878,2878,9,0,'B1',1,'2017-05-25 19:53:25','2017-05-25 19:53:25'),(2879,2880,117,0,'Bb2',0.5,'2017-05-25 19:53:25','2017-05-25 19:53:25'),(2880,2879,230,0,'D#2',0.25,'2017-05-25 19:53:25','2017-05-25 19:53:25'),(2881,2882,124,0,'F2',0.5,'2017-05-25 19:53:25','2017-05-25 19:53:25'),(2882,2883,168,0,'Eb2',4,'2017-05-25 19:53:25','2017-05-25 19:53:25'),(2883,2881,74,0,'F2',1,'2017-05-25 19:53:25','2017-05-25 19:53:25'),(2884,2884,72,0,'Gb2',1,'2017-05-25 19:53:25','2017-05-25 19:53:25'),(2885,2885,5,0,'D#2',1,'2017-05-25 19:53:25','2017-05-25 19:53:25'),(2886,2886,18,0,'G2',1,'2017-05-25 19:53:25','2017-05-25 19:53:25'),(2887,2887,240,0,'Bb1',0.25,'2017-05-25 19:53:25','2017-05-25 19:53:25'),(2888,2888,177,0,'A#2',0.25,'2017-05-25 19:53:25','2017-05-25 19:53:25'),(2889,2889,164,0,'Gb2',0.25,'2017-05-25 19:53:25','2017-05-25 19:53:25'),(2890,2890,70,0,'A#2',1,'2017-05-25 19:53:25','2017-05-25 19:53:25'),(2891,2891,182,0,'G2',0.25,'2017-05-25 19:53:25','2017-05-25 19:53:25'),(2892,2892,173,0,'B2',0.25,'2017-05-25 19:53:25','2017-05-25 19:53:25'),(2893,2894,100,0,'Gb2',0.5,'2017-05-25 19:53:25','2017-05-25 19:53:25'),(2894,2895,113,0,'D2',0.5,'2017-05-25 19:53:25','2017-05-25 19:53:25'),(2895,2893,25,0,'Db2',1,'2017-05-25 19:53:25','2017-05-25 19:53:25'),(2896,2896,169,0,'D#2',0.25,'2017-05-25 19:53:25','2017-05-25 19:53:25'),(2897,2897,118,0,'Bb2',0.5,'2017-05-25 19:53:25','2017-05-25 19:53:25'),(2898,2898,109,0,'D2',0.5,'2017-05-25 19:53:25','2017-05-25 19:53:25'),(2899,2899,80,0,'F2',1,'2017-05-25 19:53:26','2017-05-25 19:53:26'),(2900,2900,64,0,'Eb2',1,'2017-05-25 19:53:26','2017-05-25 19:53:26'),(2901,2901,105,0,'G2',0.5,'2017-05-25 19:53:26','2017-05-25 19:53:26'),(2902,2902,14,0,'A#1',1,'2017-05-25 19:53:26','2017-05-25 19:53:26'),(2903,2903,237,0,'D2',0.25,'2017-05-25 19:53:26','2017-05-25 19:53:26'),(2904,2904,10,0,'B1',1,'2017-05-25 19:53:26','2017-05-25 19:53:26'),(2905,2905,68,0,'Bb2',1,'2017-05-25 19:53:26','2017-05-25 19:53:26'),(2906,2906,189,0,'Db2',0.25,'2017-05-25 19:53:26','2017-05-25 19:53:26'),(2907,2908,178,0,'A#2',0.25,'2017-05-25 19:53:26','2017-05-25 19:53:26'),(2908,2907,6,0,'D#2',1,'2017-05-25 19:53:26','2017-05-25 19:53:26'),(2909,2909,19,0,'G2',1,'2017-05-25 19:53:26','2017-05-25 19:53:26'),(2910,2910,174,0,'B2',0.25,'2017-05-25 19:53:26','2017-05-25 19:53:26'),(2911,2911,125,0,'F2',0.5,'2017-05-25 19:53:26','2017-05-25 19:53:26'),(2912,2913,114,0,'D2',0.5,'2017-05-25 19:53:26','2017-05-25 19:53:26'),(2913,2912,101,0,'Gb2',0.5,'2017-05-25 19:53:26','2017-05-25 19:53:26'),(2914,2914,170,0,'D#2',0.25,'2017-05-25 19:53:26','2017-05-25 19:53:26'),(2915,2916,77,0,'Bb3',1,'2017-05-25 19:53:26','2017-05-25 19:53:26'),(2916,2915,110,0,'D2',0.5,'2017-05-25 19:53:26','2017-05-25 19:53:26'),(2917,2917,26,0,'Db2',1,'2017-05-25 19:53:26','2017-05-25 19:53:26'),(2918,2920,228,0,'Eb2',0.25,'2017-05-25 19:53:26','2017-05-25 19:53:26'),(2919,2919,106,0,'G2',0.5,'2017-05-25 19:53:26','2017-05-25 19:53:26'),(2920,2918,260,0,'F5',0.5,'2017-05-25 19:53:26','2017-05-25 19:53:26'),(2921,2921,183,0,'G2',0.25,'2017-05-25 19:53:26','2017-05-25 19:53:26'),(2922,2922,233,0,'B1',0.25,'2017-05-25 19:53:26','2017-05-25 19:53:26'),(2923,2923,190,0,'Db2',0.25,'2017-05-25 19:53:26','2017-05-25 19:53:26'),(2924,2926,2,0,'Eb2',1,'2017-05-25 19:53:27','2017-05-25 19:53:27'),(2925,2925,231,0,'D#2',0.25,'2017-05-25 19:53:27','2017-05-25 19:53:27'),(2926,2924,235,0,'A#1',0.25,'2017-05-25 19:53:27','2017-05-25 19:53:27'),(2927,2927,11,0,'B1',1,'2017-05-25 19:53:27','2017-05-25 19:53:27'),(2928,2928,119,0,'Bb2',0.5,'2017-05-25 19:53:27','2017-05-25 19:53:27'),(2929,2929,126,0,'F2',0.5,'2017-05-25 19:53:27','2017-05-25 19:53:27'),(2930,2930,15,0,'A#1',1,'2017-05-25 19:53:27','2017-05-25 19:53:27'),(2931,2932,166,0,'Gb2',0.25,'2017-05-25 19:53:27','2017-05-25 19:53:27'),(2932,2931,7,0,'D#2',1,'2017-05-25 19:53:27','2017-05-25 19:53:27'),(2933,2934,73,0,'Gb2',1,'2017-05-25 19:53:27','2017-05-25 19:53:27'),(2934,2933,20,0,'G2',1,'2017-05-25 19:53:27','2017-05-25 19:53:27'),(2935,2935,241,0,'Bb1',0.25,'2017-05-25 19:53:27','2017-05-25 19:53:27'),(2936,2937,102,0,'Gb2',0.5,'2017-05-25 19:53:27','2017-05-25 19:53:27'),(2937,2936,75,0,'F2',1,'2017-05-25 19:53:27','2017-05-25 19:53:27'),(2938,2938,71,0,'A#2',1,'2017-05-25 19:53:27','2017-05-25 19:53:27'),(2939,2939,175,0,'B2',0.25,'2017-05-25 19:53:27','2017-05-25 19:53:27'),(2940,2940,184,0,'G2',0.25,'2017-05-25 19:53:27','2017-05-25 19:53:27'),(2941,2941,27,0,'Db2',1,'2017-05-25 19:53:27','2017-05-25 19:53:27'),(2942,2942,229,0,'Eb2',0.25,'2017-05-25 19:53:27','2017-05-25 19:53:27'),(2943,2943,171,0,'D#2',0.25,'2017-05-25 19:53:27','2017-05-25 19:53:27'),(2944,2944,261,0,'F4',0.5,'2017-05-25 19:53:27','2017-05-25 19:53:27'),(2945,2945,111,0,'D2',0.5,'2017-05-25 19:53:27','2017-05-25 19:53:27'),(2946,2946,120,0,'Bb2',0.5,'2017-05-25 19:53:27','2017-05-25 19:53:27'),(2947,2947,3,0,'Eb2',1,'2017-05-25 19:53:27','2017-05-25 19:53:27'),(2948,2948,107,0,'G2',0.5,'2017-05-25 19:53:27','2017-05-25 19:53:27'),(2949,2949,81,0,'F2',1,'2017-05-25 19:53:27','2017-05-25 19:53:27'),(2950,2950,179,0,'A#2',0.25,'2017-05-25 19:53:27','2017-05-25 19:53:27'),(2951,2951,12,0,'B1',1,'2017-05-25 19:53:27','2017-05-25 19:53:27'),(2952,2952,238,0,'D2',0.25,'2017-05-25 19:53:27','2017-05-25 19:53:27'),(2953,2953,191,0,'Db2',0.25,'2017-05-25 19:53:28','2017-05-25 19:53:28'),(2954,2954,8,0,'D#2',1,'2017-05-25 19:53:28','2017-05-25 19:53:28'),(2955,2955,69,0,'Bb2',1,'2017-05-25 19:53:28','2017-05-25 19:53:28'),(2956,2957,176,0,'B2',0.25,'2017-05-25 19:53:28','2017-05-25 19:53:28'),(2957,2956,115,0,'D2',0.5,'2017-05-25 19:53:28','2017-05-25 19:53:28'),(2958,2958,21,0,'G2',1,'2017-05-25 19:53:28','2017-05-25 19:53:28'),(2959,2959,127,0,'F2',0.5,'2017-05-25 19:53:28','2017-05-25 19:53:28'),(2960,2960,1,0,'G#1',1,'2017-05-25 19:53:28','2017-05-25 19:53:28'),(2961,2961,172,0,'D#2',0.25,'2017-05-25 19:53:28','2017-05-25 19:53:28'),(2962,2962,112,0,'D2',0.5,'2017-05-25 19:53:28','2017-05-25 19:53:28'),(2963,2963,167,0,'Gb2',0.25,'2017-05-25 19:53:28','2017-05-25 19:53:28'),(2964,2964,16,0,'A#1',1,'2017-05-25 19:53:28','2017-05-25 19:53:28'),(2965,2965,78,0,'Bb3',1,'2017-05-25 19:53:28','2017-05-25 19:53:28'),(2966,2966,28,0,'Db2',1,'2017-05-25 19:53:28','2017-05-25 19:53:28'),(2967,2968,103,0,'Gb2',0.5,'2017-05-25 19:53:28','2017-05-25 19:53:28'),(2968,2970,168,0,'G#1',4,'2017-05-25 19:53:28','2017-05-25 19:53:28'),(2969,2967,108,0,'G2',0.5,'2017-05-25 19:53:28','2017-05-25 19:53:28'),(2970,2971,234,0,'B1',0.25,'2017-05-25 19:53:28','2017-05-25 19:53:28'),(2971,2969,180,0,'C2',0.25,'2017-05-25 19:53:28','2017-05-25 19:53:28'),(2972,2972,185,0,'G2',0.25,'2017-05-25 19:53:28','2017-05-25 19:53:28'),(2973,2975,4,0,'Eb2',1,'2017-05-25 19:53:28','2017-05-25 19:53:28'),(2974,2974,13,0,'B1',1,'2017-05-25 19:53:28','2017-05-25 19:53:28'),(2975,2976,232,0,'D#2',0.25,'2017-05-25 19:53:28','2017-05-25 19:53:28'),(2976,2977,192,0,'Db2',0.25,'2017-05-25 19:53:28','2017-05-25 19:53:28'),(2977,2973,116,0,'C2',0.5,'2017-05-25 19:53:28','2017-05-25 19:53:28'),(2978,2978,164,0,'G#1',0.25,'2017-05-25 19:53:28','2017-05-25 19:53:28'),(2979,2979,121,0,'Bb2',0.5,'2017-05-25 19:53:28','2017-05-25 19:53:28'),(2980,2980,9,0,'D#2',1,'2017-05-25 19:53:28','2017-05-25 19:53:28'),(2981,2981,74,0,'Gb2',1,'2017-05-25 19:53:28','2017-05-25 19:53:28'),(2982,2982,236,0,'A1',0.25,'2017-05-25 19:53:28','2017-05-25 19:53:28'),(2983,2985,104,0,'Gb2',0.5,'2017-05-25 19:53:28','2017-05-25 19:53:28'),(2984,2983,100,0,'C2',0.5,'2017-05-25 19:53:28','2017-05-25 19:53:28'),(2985,2984,128,0,'F2',0.5,'2017-05-25 19:53:28','2017-05-25 19:53:28'),(2986,2986,22,0,'G2',1,'2017-05-25 19:53:29','2017-05-25 19:53:29'),(2987,2987,72,0,'A#2',1,'2017-05-25 19:53:29','2017-05-25 19:53:29'),(2988,2990,64,0,'G#1',1,'2017-05-25 19:53:29','2017-05-25 19:53:29'),(2989,2989,17,0,'A1',1,'2017-05-25 19:53:29','2017-05-25 19:53:29'),(2990,2988,177,0,'B2',0.25,'2017-05-25 19:53:29','2017-05-25 19:53:29'),(2991,2992,230,0,'Eb2',0.25,'2017-05-25 19:53:29','2017-05-25 19:53:29'),(2992,2991,242,0,'Bb1',0.25,'2017-05-25 19:53:29','2017-05-25 19:53:29'),(2993,2993,186,0,'G2',0.25,'2017-05-25 19:53:29','2017-05-25 19:53:29'),(2994,2994,173,0,'D#2',0.25,'2017-05-25 19:53:29','2017-05-25 19:53:29'),(2995,2996,113,0,'D2',0.5,'2017-05-25 19:53:29','2017-05-25 19:53:29'),(2996,2995,5,0,'Eb2',1,'2017-05-25 19:53:29','2017-05-25 19:53:29'),(2997,2997,76,0,'F2',1,'2017-05-25 19:53:29','2017-05-25 19:53:29'),(2998,2998,29,0,'Db2',1,'2017-05-25 19:53:29','2017-05-25 19:53:29'),(2999,2999,68,0,'D#2',1,'2017-05-25 19:53:29','2017-05-25 19:53:29'),(3000,3000,122,0,'Bb2',0.5,'2017-05-25 19:53:29','2017-05-25 19:53:29'),(3001,3001,14,0,'B1',1,'2017-05-25 19:53:29','2017-05-25 19:53:29'),(3002,3002,109,0,'G2',0.5,'2017-05-25 19:53:30','2017-05-25 19:53:30'),(3003,3003,70,0,'Bb2',1,'2017-05-25 19:53:30','2017-05-25 19:53:30'),(3004,3004,101,0,'C2',0.5,'2017-05-25 19:53:30','2017-05-25 19:53:30'),(3005,3005,181,0,'C2',0.25,'2017-05-25 19:53:30','2017-05-25 19:53:30'),(3006,3006,82,0,'F2',1,'2017-05-25 19:53:30','2017-05-25 19:53:30'),(3007,3007,239,0,'D2',0.25,'2017-05-25 19:53:30','2017-05-25 19:53:30'),(3008,3008,178,0,'B2',0.25,'2017-05-25 19:53:30','2017-05-25 19:53:30'),(3009,3009,10,0,'D#2',1,'2017-05-25 19:53:30','2017-05-25 19:53:30'),(3010,3011,228,0,'G#1',0.25,'2017-05-25 19:53:30','2017-05-25 19:53:30'),(3011,3010,117,0,'C2',0.5,'2017-05-25 19:53:30','2017-05-25 19:53:30'),(3012,3012,169,0,'Gb2',0.25,'2017-05-25 19:53:30','2017-05-25 19:53:30'),(3013,3013,193,0,'Db2',0.25,'2017-05-25 19:53:30','2017-05-25 19:53:30'),(3014,3014,23,0,'G2',1,'2017-05-25 19:53:30','2017-05-25 19:53:30'),(3015,3016,174,0,'D#2',0.25,'2017-05-25 19:53:30','2017-05-25 19:53:30'),(3016,3015,114,0,'D2',0.5,'2017-05-25 19:53:30','2017-05-25 19:53:30'),(3017,3019,18,0,'A1',1,'2017-05-25 19:53:30','2017-05-25 19:53:30'),(3018,3018,105,0,'Gb2',0.5,'2017-05-25 19:53:30','2017-05-25 19:53:30'),(3019,3020,2,0,'G#1',1,'2017-05-25 19:53:30','2017-05-25 19:53:30'),(3020,3017,129,0,'F2',0.5,'2017-05-25 19:53:30','2017-05-25 19:53:30'),(3021,3021,79,0,'Bb3',1,'2017-05-25 19:53:30','2017-05-25 19:53:30'),(3022,3022,260,0,'Gb5',0.5,'2017-05-25 19:53:30','2017-05-25 19:53:30'),(3023,3023,110,0,'G2',0.5,'2017-05-25 19:53:30','2017-05-25 19:53:30'),(3024,3024,6,0,'Eb2',1,'2017-05-25 19:53:30','2017-05-25 19:53:30'),(3025,3027,30,0,'Db2',1,'2017-05-25 19:53:30','2017-05-25 19:53:30'),(3026,3025,182,0,'C2',0.25,'2017-05-25 19:53:30','2017-05-25 19:53:30'),(3027,3026,166,0,'G#1',0.25,'2017-05-25 19:53:30','2017-05-25 19:53:30'),(3028,3028,187,0,'G2',0.25,'2017-05-25 19:53:30','2017-05-25 19:53:30'),(3029,3030,235,0,'B1',0.25,'2017-05-25 19:53:30','2017-05-25 19:53:30'),(3030,3029,233,0,'D#2',0.25,'2017-05-25 19:53:30','2017-05-25 19:53:30'),(3031,3032,118,0,'C2',0.5,'2017-05-25 19:53:30','2017-05-25 19:53:30'),(3032,3033,102,0,'C2',0.5,'2017-05-25 19:53:30','2017-05-25 19:53:30'),(3033,3031,194,0,'Db2',0.25,'2017-05-25 19:53:30','2017-05-25 19:53:30'),(3034,3034,170,0,'Gb2',0.25,'2017-05-25 19:53:30','2017-05-25 19:53:30'),(3035,3035,123,0,'Bb2',0.5,'2017-05-25 19:53:31','2017-05-25 19:53:31'),(3036,3036,15,0,'B1',1,'2017-05-25 19:53:31','2017-05-25 19:53:31'),(3037,3037,11,0,'D#2',1,'2017-05-25 19:53:31','2017-05-25 19:53:31'),(3038,3040,106,0,'Gb2',0.5,'2017-05-25 19:53:31','2017-05-25 19:53:31'),(3039,3039,130,0,'F2',0.5,'2017-05-25 19:53:31','2017-05-25 19:53:31'),(3040,3038,237,0,'A1',0.25,'2017-05-25 19:53:31','2017-05-25 19:53:31'),(3041,3041,229,0,'G#1',0.25,'2017-05-25 19:53:31','2017-05-25 19:53:31'),(3042,3042,24,0,'G2',1,'2017-05-25 19:53:31','2017-05-25 19:53:31'),(3043,3043,75,0,'Gb2',1,'2017-05-25 19:53:31','2017-05-25 19:53:31'),(3044,3044,73,0,'A#2',1,'2017-05-25 19:53:31','2017-05-25 19:53:31'),(3045,3047,262,0,'F4',0.5,'2017-05-25 19:53:31','2017-05-25 19:53:31'),(3046,3045,19,0,'A1',1,'2017-05-25 19:53:31','2017-05-25 19:53:31'),(3047,3048,3,0,'G#1',1,'2017-05-25 19:53:31','2017-05-25 19:53:31'),(3048,3046,231,0,'Eb2',0.25,'2017-05-25 19:53:31','2017-05-25 19:53:31'),(3049,3049,188,0,'Ab2',0.25,'2017-05-25 19:53:31','2017-05-25 19:53:31'),(3050,3051,175,0,'D#2',0.25,'2017-05-25 19:53:31','2017-05-25 19:53:31'),(3051,3050,261,0,'Gb4',0.5,'2017-05-25 19:53:31','2017-05-25 19:53:31'),(3052,3052,69,0,'D#2',1,'2017-05-25 19:53:31','2017-05-25 19:53:31'),(3053,3054,243,0,'Bb1',0.25,'2017-05-25 19:53:31','2017-05-25 19:53:31'),(3054,3053,77,0,'F2',1,'2017-05-25 19:53:31','2017-05-25 19:53:31'),(3055,3055,7,0,'Eb2',1,'2017-05-25 19:53:31','2017-05-25 19:53:31'),(3056,3056,124,0,'Ab2',0.5,'2017-05-25 19:53:31','2017-05-25 19:53:31'),(3057,3058,111,0,'G2',0.5,'2017-05-25 19:53:31','2017-05-25 19:53:31'),(3058,3059,1,0,'Db2',1,'2017-05-25 19:53:31','2017-05-25 19:53:31'),(3059,3057,179,0,'B2',0.25,'2017-05-25 19:53:31','2017-05-25 19:53:31'),(3060,3060,167,0,'G#1',0.25,'2017-05-25 19:53:31','2017-05-25 19:53:31'),(3061,3062,183,0,'C2',0.25,'2017-05-25 19:53:31','2017-05-25 19:53:31'),(3062,3061,71,0,'Bb2',1,'2017-05-25 19:53:31','2017-05-25 19:53:31'),(3063,3063,31,0,'Db2',1,'2017-05-25 19:53:31','2017-05-25 19:53:31'),(3064,3064,240,0,'Eb2',0.25,'2017-05-25 19:53:32','2017-05-25 19:53:32'),(3065,3066,12,0,'D#2',1,'2017-05-25 19:53:32','2017-05-25 19:53:32'),(3066,3067,115,0,'D2',0.5,'2017-05-25 19:53:32','2017-05-25 19:53:32'),(3067,3065,103,0,'C2',0.5,'2017-05-25 19:53:32','2017-05-25 19:53:32'),(3068,3068,168,0,'Db2',4,'2017-05-25 19:53:32','2017-05-25 19:53:32'),(3069,3070,119,0,'C2',0.5,'2017-05-25 19:53:32','2017-05-25 19:53:32'),(3070,3069,83,0,'F2',1,'2017-05-25 19:53:32','2017-05-25 19:53:32'),(3071,3072,25,0,'Eb2',1,'2017-05-25 19:53:32','2017-05-25 19:53:32'),(3072,3071,171,0,'Gb2',0.25,'2017-05-25 19:53:32','2017-05-25 19:53:32'),(3073,3076,176,0,'D#2',0.25,'2017-05-25 19:53:32','2017-05-25 19:53:32'),(3074,3074,16,0,'B1',1,'2017-05-25 19:53:32','2017-05-25 19:53:32'),(3075,3073,4,0,'G#1',1,'2017-05-25 19:53:32','2017-05-25 19:53:32'),(3076,3075,164,0,'E2',0.25,'2017-05-25 19:53:32','2017-05-25 19:53:32'),(3077,3080,107,0,'Gb2',0.5,'2017-05-25 19:53:32','2017-05-25 19:53:32'),(3078,3077,263,0,'F4',0.5,'2017-05-25 19:53:32','2017-05-25 19:53:32'),(3079,3078,80,0,'B3',1,'2017-05-25 19:53:32','2017-05-25 19:53:32'),(3080,3079,20,0,'A1',1,'2017-05-25 19:53:32','2017-05-25 19:53:32'),(3081,3082,112,0,'G2',0.5,'2017-05-25 19:53:32','2017-05-25 19:53:32'),(3082,3081,180,0,'C2',0.25,'2017-05-25 19:53:32','2017-05-25 19:53:32'),(3083,3083,104,0,'C2',0.5,'2017-05-25 19:53:32','2017-05-25 19:53:32'),(3084,3084,100,0,'E2',0.5,'2017-05-25 19:53:32','2017-05-25 19:53:32'),(3085,3086,195,0,'Db2',0.25,'2017-05-25 19:53:32','2017-05-25 19:53:32'),(3086,3085,184,0,'C2',0.25,'2017-05-25 19:53:32','2017-05-25 19:53:32'),(3087,3087,8,0,'Eb2',1,'2017-05-25 19:53:32','2017-05-25 19:53:32'),(3088,3088,189,0,'Ab2',0.25,'2017-05-25 19:53:32','2017-05-25 19:53:32'),(3089,3090,116,0,'Eb2',0.5,'2017-05-25 19:53:32','2017-05-25 19:53:32'),(3090,3092,230,0,'G#1',0.25,'2017-05-25 19:53:32','2017-05-25 19:53:32'),(3091,3091,64,0,'Db2',1,'2017-05-25 19:53:32','2017-05-25 19:53:32'),(3092,3089,234,0,'D#2',0.25,'2017-05-25 19:53:32','2017-05-25 19:53:32'),(3093,3094,131,0,'F2',0.5,'2017-05-25 19:53:32','2017-05-25 19:53:32'),(3094,3093,120,0,'C2',0.5,'2017-05-25 19:53:32','2017-05-25 19:53:32'),(3095,3095,172,0,'E2',0.25,'2017-05-25 19:53:32','2017-05-25 19:53:32'),(3096,3096,125,0,'Ab2',0.5,'2017-05-25 19:53:32','2017-05-25 19:53:32'),(3097,3097,236,0,'G1',0.25,'2017-05-25 19:53:33','2017-05-25 19:53:33'),(3098,3099,68,0,'Ab2',1,'2017-05-25 19:53:33','2017-05-25 19:53:33'),(3099,3098,13,0,'D#2',1,'2017-05-25 19:53:33','2017-05-25 19:53:33'),(3100,3100,5,0,'G#1',1,'2017-05-25 19:53:33','2017-05-25 19:53:33'),(3101,3101,32,0,'Db2',1,'2017-05-25 19:53:33','2017-05-25 19:53:33'),(3102,3102,26,0,'Eb2',1,'2017-05-25 19:53:33','2017-05-25 19:53:33'),(3103,3104,238,0,'A1',0.25,'2017-05-25 19:53:33','2017-05-25 19:53:33'),(3104,3103,108,0,'G2',0.5,'2017-05-25 19:53:33','2017-05-25 19:53:33'),(3105,3106,70,0,'D#2',1,'2017-05-25 19:53:33','2017-05-25 19:53:33'),(3106,3109,17,0,'C1',1,'2017-05-25 19:53:33','2017-05-25 19:53:33'),(3107,3105,74,0,'A#2',1,'2017-05-25 19:53:33','2017-05-25 19:53:33'),(3108,3108,101,0,'E2',0.5,'2017-05-25 19:53:33','2017-05-25 19:53:33'),(3109,3107,196,0,'C2',0.25,'2017-05-25 19:53:33','2017-05-25 19:53:33'),(3110,3111,190,0,'Ab2',0.25,'2017-05-25 19:53:33','2017-05-25 19:53:33'),(3111,3110,232,0,'E2',0.25,'2017-05-25 19:53:33','2017-05-25 19:53:33'),(3112,3112,21,0,'A1',1,'2017-05-25 19:53:33','2017-05-25 19:53:33'),(3113,3115,76,0,'Eb2',1,'2017-05-25 19:53:33','2017-05-25 19:53:33'),(3114,3113,169,0,'G#1',0.25,'2017-05-25 19:53:33','2017-05-25 19:53:33'),(3115,3114,228,0,'Db2',0.25,'2017-05-25 19:53:33','2017-05-25 19:53:33'),(3116,3117,132,0,'E2',0.5,'2017-05-25 19:53:33','2017-05-25 19:53:33'),(3117,3116,177,0,'D#2',0.25,'2017-05-25 19:53:33','2017-05-25 19:53:33'),(3118,3119,9,0,'E2',1,'2017-05-25 19:53:33','2017-05-25 19:53:33'),(3119,3120,78,0,'F2',1,'2017-05-25 19:53:33','2017-05-25 19:53:33'),(3120,3118,126,0,'Ab2',0.5,'2017-05-25 19:53:33','2017-05-25 19:53:33'),(3121,3124,244,0,'C1',0.25,'2017-05-25 19:53:33','2017-05-25 19:53:33'),(3122,3125,181,0,'C2',0.25,'2017-05-25 19:53:33','2017-05-25 19:53:33'),(3123,3123,105,0,'C2',0.5,'2017-05-25 19:53:33','2017-05-25 19:53:33'),(3124,3121,2,0,'Db2',1,'2017-05-25 19:53:33','2017-05-25 19:53:33'),(3125,3122,113,0,'G2',0.5,'2017-05-25 19:53:33','2017-05-25 19:53:33'),(3126,3127,185,0,'C2',0.25,'2017-05-25 19:53:34','2017-05-25 19:53:34'),(3127,3126,72,0,'B2',1,'2017-05-25 19:53:34','2017-05-25 19:53:34'),(3128,3128,241,0,'Eb2',0.25,'2017-05-25 19:53:34','2017-05-25 19:53:34'),(3129,3129,117,0,'Eb2',0.5,'2017-05-25 19:53:34','2017-05-25 19:53:34'),(3130,3132,6,0,'G#1',1,'2017-05-25 19:53:34','2017-05-25 19:53:34'),(3131,3133,33,0,'C2',1,'2017-05-25 19:53:34','2017-05-25 19:53:34'),(3132,3130,14,0,'D#2',1,'2017-05-25 19:53:34','2017-05-25 19:53:34'),(3133,3131,166,0,'E2',0.25,'2017-05-25 19:53:34','2017-05-25 19:53:34'),(3134,3136,121,0,'C2',0.5,'2017-05-25 19:53:34','2017-05-25 19:53:34'),(3135,3134,27,0,'Eb2',1,'2017-05-25 19:53:34','2017-05-25 19:53:34'),(3136,3135,173,0,'E2',0.25,'2017-05-25 19:53:34','2017-05-25 19:53:34'),(3137,3137,18,0,'C1',1,'2017-05-25 19:53:34','2017-05-25 19:53:34'),(3138,3138,102,0,'E2',0.5,'2017-05-25 19:53:34','2017-05-25 19:53:34'),(3139,3140,178,0,'D#2',0.25,'2017-05-25 19:53:34','2017-05-25 19:53:34'),(3140,3139,170,0,'G#1',0.25,'2017-05-25 19:53:34','2017-05-25 19:53:34'),(3141,3141,84,0,'G2',1,'2017-05-25 19:53:34','2017-05-25 19:53:34'),(3142,3143,81,0,'B3',1,'2017-05-25 19:53:34','2017-05-25 19:53:34'),(3143,3144,109,0,'G2',0.5,'2017-05-25 19:53:34','2017-05-25 19:53:34'),(3144,3142,22,0,'A1',1,'2017-05-25 19:53:34','2017-05-25 19:53:34'),(3145,3145,182,0,'C2',0.25,'2017-05-25 19:53:34','2017-05-25 19:53:34'),(3146,3149,106,0,'C2',0.5,'2017-05-25 19:53:34','2017-05-25 19:53:34'),(3147,3148,197,0,'C2',0.25,'2017-05-25 19:53:34','2017-05-25 19:53:34'),(3148,3147,229,0,'Db2',0.25,'2017-05-25 19:53:34','2017-05-25 19:53:34'),(3149,3146,114,0,'G2',0.5,'2017-05-25 19:53:34','2017-05-25 19:53:34'),(3150,3150,186,0,'C2',0.25,'2017-05-25 19:53:34','2017-05-25 19:53:34'),(3151,3151,191,0,'Ab2',0.25,'2017-05-25 19:53:34','2017-05-25 19:53:34'),(3152,3152,10,0,'E2',1,'2017-05-25 19:53:34','2017-05-25 19:53:34'),(3153,3153,118,0,'Eb2',0.5,'2017-05-25 19:53:35','2017-05-25 19:53:35'),(3154,3155,3,0,'Db2',1,'2017-05-25 19:53:35','2017-05-25 19:53:35'),(3155,3154,260,0,'A#5',0.5,'2017-05-25 19:53:35','2017-05-25 19:53:35'),(3156,3156,231,0,'G#1',0.25,'2017-05-25 19:53:35','2017-05-25 19:53:35'),(3157,3157,133,0,'E2',0.5,'2017-05-25 19:53:35','2017-05-25 19:53:35'),(3158,3158,122,0,'C2',0.5,'2017-05-25 19:53:35','2017-05-25 19:53:35'),(3159,3159,127,0,'Ab2',0.5,'2017-05-25 19:53:35','2017-05-25 19:53:35'),(3160,3160,174,0,'E2',0.25,'2017-05-25 19:53:35','2017-05-25 19:53:35'),(3161,3161,237,0,'G1',0.25,'2017-05-25 19:53:35','2017-05-25 19:53:35'),(3162,3162,69,0,'Ab2',1,'2017-05-25 19:53:35','2017-05-25 19:53:35'),(3163,3163,7,0,'G#1',1,'2017-05-25 19:53:35','2017-05-25 19:53:35'),(3164,3164,235,0,'D#2',0.25,'2017-05-25 19:53:35','2017-05-25 19:53:35'),(3165,3166,239,0,'A1',0.25,'2017-05-25 19:53:35','2017-05-25 19:53:35'),(3166,3165,34,0,'C2',1,'2017-05-25 19:53:35','2017-05-25 19:53:35'),(3167,3167,110,0,'G2',0.5,'2017-05-25 19:53:35','2017-05-25 19:53:35'),(3168,3168,28,0,'Eb2',1,'2017-05-25 19:53:35','2017-05-25 19:53:35'),(3169,3169,19,0,'C1',1,'2017-05-25 19:53:35','2017-05-25 19:53:35'),(3170,3171,23,0,'A1',1,'2017-05-25 19:53:35','2017-05-25 19:53:35'),(3171,3170,167,0,'E2',0.25,'2017-05-25 19:53:35','2017-05-25 19:53:35'),(3172,3172,15,0,'D#2',1,'2017-05-25 19:53:35','2017-05-25 19:53:35'),(3173,3173,71,0,'D#2',1,'2017-05-25 19:53:35','2017-05-25 19:53:35'),(3174,3174,198,0,'C2',0.25,'2017-05-25 19:53:35','2017-05-25 19:53:35'),(3175,3175,233,0,'E2',0.25,'2017-05-25 19:53:35','2017-05-25 19:53:35'),(3176,3176,192,0,'Ab2',0.25,'2017-05-25 19:53:35','2017-05-25 19:53:35'),(3177,3177,77,0,'Eb2',1,'2017-05-25 19:53:35','2017-05-25 19:53:35'),(3178,3178,1,0,'F#1',1,'2017-05-25 19:53:35','2017-05-25 19:53:35'),(3179,3180,75,0,'A#2',1,'2017-05-25 19:53:35','2017-05-25 19:53:35'),(3180,3179,79,0,'F2',1,'2017-05-25 19:53:35','2017-05-25 19:53:35'),(3181,3181,134,0,'E2',0.5,'2017-05-25 19:53:35','2017-05-25 19:53:35'),(3182,3182,103,0,'E2',0.5,'2017-05-25 19:53:35','2017-05-25 19:53:35'),(3183,3183,171,0,'G#1',0.25,'2017-05-25 19:53:35','2017-05-25 19:53:35'),(3184,3184,11,0,'E2',1,'2017-05-25 19:53:36','2017-05-25 19:53:36'),(3185,3185,128,0,'Ab2',0.5,'2017-05-25 19:53:36','2017-05-25 19:53:36'),(3186,3187,183,0,'C2',0.25,'2017-05-25 19:53:36','2017-05-25 19:53:36'),(3187,3186,168,0,'F#1',4,'2017-05-25 19:53:36','2017-05-25 19:53:36'),(3188,3188,261,0,'A#4',0.5,'2017-05-25 19:53:36','2017-05-25 19:53:36'),(3189,3190,107,0,'C2',0.5,'2017-05-25 19:53:36','2017-05-25 19:53:36'),(3190,3191,4,0,'Db2',1,'2017-05-25 19:53:36','2017-05-25 19:53:36'),(3191,3189,187,0,'C2',0.25,'2017-05-25 19:53:36','2017-05-25 19:53:36'),(3192,3192,245,0,'C1',0.25,'2017-05-25 19:53:36','2017-05-25 19:53:36'),(3193,3193,242,0,'Eb2',0.25,'2017-05-25 19:53:36','2017-05-25 19:53:36'),(3194,3194,73,0,'B2',1,'2017-05-25 19:53:36','2017-05-25 19:53:36'),(3195,3196,164,0,'F#1',0.25,'2017-05-25 19:53:36','2017-05-25 19:53:36'),(3196,3195,119,0,'Eb2',0.5,'2017-05-25 19:53:36','2017-05-25 19:53:36'),(3197,3198,179,0,'D#2',0.25,'2017-05-25 19:53:36','2017-05-25 19:53:36'),(3198,3199,104,0,'E2',0.5,'2017-05-25 19:53:36','2017-05-25 19:53:36'),(3199,3197,8,0,'G#1',1,'2017-05-25 19:53:36','2017-05-25 19:53:36'),(3200,3201,35,0,'C2',1,'2017-05-25 19:53:36','2017-05-25 19:53:36'),(3201,3200,123,0,'C2',0.5,'2017-05-25 19:53:36','2017-05-25 19:53:36'),(3202,3203,175,0,'E2',0.25,'2017-05-25 19:53:36','2017-05-25 19:53:36'),(3203,3202,29,0,'Eb2',1,'2017-05-25 19:53:36','2017-05-25 19:53:36'),(3204,3204,100,0,'A#1',0.5,'2017-05-25 19:53:36','2017-05-25 19:53:36'),(3205,3205,20,0,'C1',1,'2017-05-25 19:53:36','2017-05-25 19:53:36'),(3206,3206,85,0,'G2',1,'2017-05-25 19:53:36','2017-05-25 19:53:36'),(3207,3207,115,0,'G2',0.5,'2017-05-25 19:53:36','2017-05-25 19:53:36'),(3208,3208,24,0,'A1',1,'2017-05-25 19:53:36','2017-05-25 19:53:36'),(3209,3210,230,0,'Db2',0.25,'2017-05-25 19:53:36','2017-05-25 19:53:36'),(3210,3209,172,0,'G#1',0.25,'2017-05-25 19:53:36','2017-05-25 19:53:36'),(3211,3211,82,0,'B3',1,'2017-05-25 19:53:36','2017-05-25 19:53:36'),(3212,3212,111,0,'G2',0.5,'2017-05-25 19:53:37','2017-05-25 19:53:37'),(3213,3213,184,0,'C2',0.25,'2017-05-25 19:53:37','2017-05-25 19:53:37'),(3214,3214,199,0,'C2',0.25,'2017-05-25 19:53:37','2017-05-25 19:53:37'),(3215,3215,16,0,'D#2',1,'2017-05-25 19:53:37','2017-05-25 19:53:37'),(3216,3216,5,0,'Db2',1,'2017-05-25 19:53:37','2017-05-25 19:53:37'),(3217,3217,108,0,'C2',0.5,'2017-05-25 19:53:37','2017-05-25 19:53:37'),(3218,3218,188,0,'B2',0.25,'2017-05-25 19:53:37','2017-05-25 19:53:37'),(3219,3220,193,0,'Ab2',0.25,'2017-05-25 19:53:37','2017-05-25 19:53:37'),(3220,3219,64,0,'F#1',1,'2017-05-25 19:53:37','2017-05-25 19:53:37'),(3221,3221,12,0,'E2',1,'2017-05-25 19:53:37','2017-05-25 19:53:37'),(3222,3222,120,0,'Eb2',0.5,'2017-05-25 19:53:37','2017-05-25 19:53:37'),(3223,3223,135,0,'E2',0.5,'2017-05-25 19:53:37','2017-05-25 19:53:37'),(3224,3224,180,0,'F2',0.25,'2017-05-25 19:53:37','2017-05-25 19:53:37'),(3225,3225,124,0,'Eb2',0.5,'2017-05-25 19:53:37','2017-05-25 19:53:37'),(3226,3226,232,0,'G#1',0.25,'2017-05-25 19:53:37','2017-05-25 19:53:37'),(3227,3227,70,0,'Ab2',1,'2017-05-25 19:53:37','2017-05-25 19:53:37'),(3228,3228,68,0,'C#2',1,'2017-05-25 19:53:37','2017-05-25 19:53:37'),(3229,3229,129,0,'Ab2',0.5,'2017-05-25 19:53:37','2017-05-25 19:53:37'),(3230,3230,176,0,'E2',0.25,'2017-05-25 19:53:37','2017-05-25 19:53:37'),(3231,3231,36,0,'C2',1,'2017-05-25 19:53:37','2017-05-25 19:53:37'),(3232,3233,116,0,'F2',0.5,'2017-05-25 19:53:37','2017-05-25 19:53:37'),(3233,3232,238,0,'G1',0.25,'2017-05-25 19:53:37','2017-05-25 19:53:37'),(3234,3236,240,0,'Ab1',0.25,'2017-05-25 19:53:37','2017-05-25 19:53:37'),(3235,3235,169,0,'E2',0.25,'2017-05-25 19:53:37','2017-05-25 19:53:37'),(3236,3234,9,0,'G#1',1,'2017-05-25 19:53:37','2017-05-25 19:53:37'),(3237,3237,30,0,'Eb2',1,'2017-05-25 19:53:37','2017-05-25 19:53:37'),(3238,3238,101,0,'A#1',0.5,'2017-05-25 19:53:38','2017-05-25 19:53:38'),(3239,3239,112,0,'G2',0.5,'2017-05-25 19:53:38','2017-05-25 19:53:38'),(3240,3240,200,0,'C2',0.25,'2017-05-25 19:53:38','2017-05-25 19:53:38'),(3241,3241,236,0,'D2',0.25,'2017-05-25 19:53:38','2017-05-25 19:53:38'),(3242,3242,72,0,'D#2',1,'2017-05-25 19:53:38','2017-05-25 19:53:38'),(3243,3244,21,0,'C1',1,'2017-05-25 19:53:38','2017-05-25 19:53:38'),(3244,3245,25,0,'B1',1,'2017-05-25 19:53:38','2017-05-25 19:53:38'),(3245,3246,194,0,'Ab2',0.25,'2017-05-25 19:53:38','2017-05-25 19:53:38'),(3246,3243,105,0,'E2',0.5,'2017-05-25 19:53:38','2017-05-25 19:53:38'),(3247,3247,234,0,'E2',0.25,'2017-05-25 19:53:38','2017-05-25 19:53:38'),(3248,3249,136,0,'E2',0.5,'2017-05-25 19:53:38','2017-05-25 19:53:38'),(3249,3248,228,0,'F#1',0.25,'2017-05-25 19:53:38','2017-05-25 19:53:38'),(3250,3251,173,0,'G#1',0.25,'2017-05-25 19:53:38','2017-05-25 19:53:38'),(3251,3250,17,0,'D2',1,'2017-05-25 19:53:38','2017-05-25 19:53:38'),(3252,3252,6,0,'Db2',1,'2017-05-25 19:53:38','2017-05-25 19:53:38'),(3253,3253,78,0,'Eb2',1,'2017-05-25 19:53:38','2017-05-25 19:53:38'),(3254,3255,130,0,'Ab2',0.5,'2017-05-25 19:53:38','2017-05-25 19:53:38'),(3255,3254,80,0,'Eb2',1,'2017-05-25 19:53:38','2017-05-25 19:53:38'),(3256,3257,246,0,'C1',0.25,'2017-05-25 19:53:38','2017-05-25 19:53:38'),(3257,3256,13,0,'E2',1,'2017-05-25 19:53:38','2017-05-25 19:53:38'),(3258,3258,2,0,'F#1',1,'2017-05-25 19:53:38','2017-05-25 19:53:38'),(3259,3260,76,0,'A#2',1,'2017-05-25 19:53:38','2017-05-25 19:53:38'),(3260,3259,109,0,'C2',0.5,'2017-05-25 19:53:38','2017-05-25 19:53:38'),(3261,3264,185,0,'C2',0.25,'2017-05-25 19:53:38','2017-05-25 19:53:38'),(3262,3261,189,0,'B2',0.25,'2017-05-25 19:53:38','2017-05-25 19:53:38'),(3263,3263,170,0,'E2',0.25,'2017-05-25 19:53:38','2017-05-25 19:53:38'),(3264,3262,262,0,'B5',0.5,'2017-05-25 19:53:38','2017-05-25 19:53:38'),(3265,3265,37,0,'C2',1,'2017-05-25 19:53:39','2017-05-25 19:53:39'),(3266,3266,74,0,'B2',1,'2017-05-25 19:53:39','2017-05-25 19:53:39'),(3267,3267,166,0,'F#1',0.25,'2017-05-25 19:53:39','2017-05-25 19:53:39'),(3268,3268,181,0,'F2',0.25,'2017-05-25 19:53:39','2017-05-25 19:53:39'),(3269,3269,10,0,'G#1',1,'2017-05-25 19:53:39','2017-05-25 19:53:39'),(3270,3270,121,0,'Eb2',0.5,'2017-05-25 19:53:39','2017-05-25 19:53:39'),(3271,3271,243,0,'Eb2',0.25,'2017-05-25 19:53:39','2017-05-25 19:53:39'),(3272,3272,125,0,'Eb2',0.5,'2017-05-25 19:53:39','2017-05-25 19:53:39'),(3273,3273,106,0,'E2',0.5,'2017-05-25 19:53:39','2017-05-25 19:53:39'),(3274,3274,86,0,'G2',1,'2017-05-25 19:53:39','2017-05-25 19:53:39'),(3275,3275,102,0,'A#1',0.5,'2017-05-25 19:53:39','2017-05-25 19:53:39'),(3276,3276,177,0,'E2',0.25,'2017-05-25 19:53:39','2017-05-25 19:53:39'),(3277,3277,174,0,'G#1',0.25,'2017-05-25 19:53:39','2017-05-25 19:53:39'),(3278,3278,117,0,'F2',0.5,'2017-05-25 19:53:39','2017-05-25 19:53:39'),(3279,3279,22,0,'C1',1,'2017-05-25 19:53:39','2017-05-25 19:53:39'),(3280,3280,31,0,'Eb2',1,'2017-05-25 19:53:39','2017-05-25 19:53:39'),(3281,3282,231,0,'Db2',0.25,'2017-05-25 19:53:39','2017-05-25 19:53:39'),(3282,3281,26,0,'B1',1,'2017-05-25 19:53:39','2017-05-25 19:53:39'),(3283,3284,229,0,'F#1',0.25,'2017-05-25 19:53:39','2017-05-25 19:53:39'),(3284,3285,113,0,'G2',0.5,'2017-05-25 19:53:39','2017-05-25 19:53:39'),(3285,3283,201,0,'C2',0.25,'2017-05-25 19:53:39','2017-05-25 19:53:39'),(3286,3287,18,0,'D2',1,'2017-05-25 19:53:39','2017-05-25 19:53:39'),(3287,3286,110,0,'C2',0.5,'2017-05-25 19:53:39','2017-05-25 19:53:39'),(3288,3288,186,0,'C2',0.25,'2017-05-25 19:53:39','2017-05-25 19:53:39'),(3289,3289,7,0,'Db2',1,'2017-05-25 19:53:39','2017-05-25 19:53:39'),(3290,3290,190,0,'B2',0.25,'2017-05-25 19:53:39','2017-05-25 19:53:39'),(3291,3291,83,0,'B3',1,'2017-05-25 19:53:39','2017-05-25 19:53:39'),(3292,3292,3,0,'F#1',1,'2017-05-25 19:53:39','2017-05-25 19:53:39'),(3293,3293,14,0,'E2',1,'2017-05-25 19:53:40','2017-05-25 19:53:40'),(3294,3294,137,0,'E2',0.5,'2017-05-25 19:53:40','2017-05-25 19:53:40'),(3295,3297,122,0,'Eb2',0.5,'2017-05-25 19:53:40','2017-05-25 19:53:40'),(3296,3296,233,0,'G#1',0.25,'2017-05-25 19:53:40','2017-05-25 19:53:40'),(3297,3295,182,0,'F2',0.25,'2017-05-25 19:53:40','2017-05-25 19:53:40'),(3298,3298,126,0,'Eb2',0.5,'2017-05-25 19:53:40','2017-05-25 19:53:40'),(3299,3299,71,0,'Ab2',1,'2017-05-25 19:53:40','2017-05-25 19:53:40'),(3300,3300,263,0,'B5',0.5,'2017-05-25 19:53:40','2017-05-25 19:53:40'),(3301,3301,69,0,'C#2',1,'2017-05-25 19:53:40','2017-05-25 19:53:40'),(3302,3302,38,0,'C2',1,'2017-05-25 19:53:40','2017-05-25 19:53:40'),(3303,3304,239,0,'G1',0.25,'2017-05-25 19:53:40','2017-05-25 19:53:40'),(3304,3303,178,0,'E2',0.25,'2017-05-25 19:53:40','2017-05-25 19:53:40'),(3305,3305,11,0,'G#1',1,'2017-05-25 19:53:40','2017-05-25 19:53:40'),(3306,3306,118,0,'F2',0.5,'2017-05-25 19:53:40','2017-05-25 19:53:40'),(3307,3308,241,0,'Ab1',0.25,'2017-05-25 19:53:40','2017-05-25 19:53:40'),(3308,3309,171,0,'E2',0.25,'2017-05-25 19:53:40','2017-05-25 19:53:40'),(3309,3307,195,0,'Ab2',0.25,'2017-05-25 19:53:40','2017-05-25 19:53:40'),(3310,3310,167,0,'F#1',0.25,'2017-05-25 19:53:40','2017-05-25 19:53:40'),(3311,3311,202,0,'C2',0.25,'2017-05-25 19:53:40','2017-05-25 19:53:40'),(3312,3314,73,0,'D#2',1,'2017-05-25 19:53:40','2017-05-25 19:53:40'),(3313,3312,23,0,'C1',1,'2017-05-25 19:53:40','2017-05-25 19:53:40'),(3314,3313,114,0,'G2',0.5,'2017-05-25 19:53:40','2017-05-25 19:53:40'),(3315,3315,237,0,'D2',0.25,'2017-05-25 19:53:40','2017-05-25 19:53:40'),(3316,3316,107,0,'E2',0.5,'2017-05-25 19:53:40','2017-05-25 19:53:40'),(3317,3317,27,0,'B1',1,'2017-05-25 19:53:40','2017-05-25 19:53:40'),(3318,3318,103,0,'A#1',0.5,'2017-05-25 19:53:40','2017-05-25 19:53:40'),(3319,3320,1,0,'Gb1',1,'2017-05-25 19:53:40','2017-05-25 19:53:40'),(3320,3321,175,0,'G#1',0.25,'2017-05-25 19:53:40','2017-05-25 19:53:40'),(3321,3319,138,0,'E2',0.5,'2017-05-25 19:53:40','2017-05-25 19:53:40'),(3322,3323,260,0,'B5',0.5,'2017-05-25 19:53:40','2017-05-25 19:53:40'),(3323,3324,19,0,'D2',1,'2017-05-25 19:53:40','2017-05-25 19:53:40'),(3324,3322,79,0,'Eb2',1,'2017-05-25 19:53:40','2017-05-25 19:53:40'),(3325,3325,8,0,'Db2',1,'2017-05-25 19:53:41','2017-05-25 19:53:41'),(3326,3326,81,0,'Eb2',1,'2017-05-25 19:53:41','2017-05-25 19:53:41'),(3327,3327,4,0,'F#1',1,'2017-05-25 19:53:41','2017-05-25 19:53:41'),(3328,3329,247,0,'C1',0.25,'2017-05-25 19:53:41','2017-05-25 19:53:41'),(3329,3331,168,0,'Gb1',4,'2017-05-25 19:53:41','2017-05-25 19:53:41'),(3330,3330,235,0,'E2',0.25,'2017-05-25 19:53:41','2017-05-25 19:53:41'),(3331,3333,187,0,'C2',0.25,'2017-05-25 19:53:41','2017-05-25 19:53:41'),(3332,3332,77,0,'A#2',1,'2017-05-25 19:53:41','2017-05-25 19:53:41'),(3333,3328,111,0,'C2',0.5,'2017-05-25 19:53:41','2017-05-25 19:53:41'),(3334,3334,172,0,'D2',0.25,'2017-05-25 19:53:41','2017-05-25 19:53:41'),(3335,3335,191,0,'B2',0.25,'2017-05-25 19:53:41','2017-05-25 19:53:41'),(3336,3336,104,0,'A#1',0.5,'2017-05-25 19:53:41','2017-05-25 19:53:41'),(3337,3338,183,0,'F2',0.25,'2017-05-25 19:53:41','2017-05-25 19:53:41'),(3338,3337,15,0,'E2',1,'2017-05-25 19:53:41','2017-05-25 19:53:41'),(3339,3339,12,0,'G#1',1,'2017-05-25 19:53:41','2017-05-25 19:53:41'),(3340,3340,123,0,'Eb2',0.5,'2017-05-25 19:53:41','2017-05-25 19:53:41'),(3341,3342,39,0,'C2',1,'2017-05-25 19:53:41','2017-05-25 19:53:41'),(3342,3341,164,0,'A1',0.25,'2017-05-25 19:53:41','2017-05-25 19:53:41'),(3343,3343,108,0,'F2',0.5,'2017-05-25 19:53:41','2017-05-25 19:53:41'),(3344,3344,127,0,'Eb2',0.5,'2017-05-25 19:53:41','2017-05-25 19:53:41'),(3345,3345,75,0,'B2',1,'2017-05-25 19:53:41','2017-05-25 19:53:41'),(3346,3347,87,0,'G2',1,'2017-05-25 19:53:41','2017-05-25 19:53:41'),(3347,3349,100,0,'A1',0.5,'2017-05-25 19:53:41','2017-05-25 19:53:41'),(3348,3346,230,0,'F#1',0.25,'2017-05-25 19:53:41','2017-05-25 19:53:41'),(3349,3351,232,0,'D2',0.25,'2017-05-25 19:53:41','2017-05-25 19:53:41'),(3350,3348,119,0,'F2',0.5,'2017-05-25 19:53:41','2017-05-25 19:53:41'),(3351,3352,24,0,'C1',1,'2017-05-25 19:53:41','2017-05-25 19:53:41'),(3352,3350,176,0,'G#1',0.25,'2017-05-25 19:53:41','2017-05-25 19:53:41'),(3353,3353,28,0,'B1',1,'2017-05-25 19:53:41','2017-05-25 19:53:41'),(3354,3354,261,0,'B4',0.5,'2017-05-25 19:53:42','2017-05-25 19:53:42'),(3355,3355,20,0,'D2',1,'2017-05-25 19:53:42','2017-05-25 19:53:42'),(3356,3356,9,0,'D2',1,'2017-05-25 19:53:42','2017-05-25 19:53:42'),(3357,3357,188,0,'Db2',0.25,'2017-05-25 19:53:42','2017-05-25 19:53:42'),(3358,3359,112,0,'C2',0.5,'2017-05-25 19:53:42','2017-05-25 19:53:42'),(3359,3360,5,0,'F#1',1,'2017-05-25 19:53:42','2017-05-25 19:53:42'),(3360,3358,64,0,'Gb1',1,'2017-05-25 19:53:42','2017-05-25 19:53:42'),(3361,3361,192,0,'B2',0.25,'2017-05-25 19:53:42','2017-05-25 19:53:42'),(3362,3362,203,0,'C2',0.25,'2017-05-25 19:53:42','2017-05-25 19:53:42'),(3363,3363,179,0,'E2',0.25,'2017-05-25 19:53:42','2017-05-25 19:53:42'),(3364,3365,72,0,'A2',1,'2017-05-25 19:53:42','2017-05-25 19:53:42'),(3365,3366,124,0,'Db2',0.5,'2017-05-25 19:53:42','2017-05-25 19:53:42'),(3366,3367,70,0,'C#2',1,'2017-05-25 19:53:42','2017-05-25 19:53:42'),(3367,3369,68,0,'Db2',1,'2017-05-25 19:53:42','2017-05-25 19:53:42'),(3368,3364,184,0,'F2',0.25,'2017-05-25 19:53:42','2017-05-25 19:53:42'),(3369,3368,234,0,'G#1',0.25,'2017-05-25 19:53:42','2017-05-25 19:53:42'),(3370,3370,128,0,'Eb2',0.5,'2017-05-25 19:53:42','2017-05-25 19:53:42'),(3371,3371,139,0,'E2',0.5,'2017-05-25 19:53:43','2017-05-25 19:53:43'),(3372,3372,115,0,'G2',0.5,'2017-05-25 19:53:43','2017-05-25 19:53:43'),(3373,3374,169,0,'F#1',0.25,'2017-05-25 19:53:43','2017-05-25 19:53:43'),(3374,3375,240,0,'Ab1',0.25,'2017-05-25 19:53:43','2017-05-25 19:53:43'),(3375,3376,101,0,'A1',0.5,'2017-05-25 19:53:43','2017-05-25 19:53:43'),(3376,3373,173,0,'D2',0.25,'2017-05-25 19:53:43','2017-05-25 19:53:43'),(3377,3377,120,0,'F2',0.5,'2017-05-25 19:53:43','2017-05-25 19:53:43'),(3378,3378,13,0,'G#1',1,'2017-05-25 19:53:43','2017-05-25 19:53:43'),(3379,3379,242,0,'Ab1',0.25,'2017-05-25 19:53:43','2017-05-25 19:53:43'),(3380,3380,40,0,'C2',1,'2017-05-25 19:53:43','2017-05-25 19:53:43'),(3381,3384,228,0,'Gb1',0.25,'2017-05-25 19:53:43','2017-05-25 19:53:43'),(3382,3381,105,0,'A#1',0.5,'2017-05-25 19:53:43','2017-05-25 19:53:43'),(3383,3383,25,0,'Ab1',1,'2017-05-25 19:53:43','2017-05-25 19:53:43'),(3384,3382,16,0,'E2',1,'2017-05-25 19:53:43','2017-05-25 19:53:43'),(3385,3386,109,0,'F2',0.5,'2017-05-25 19:53:43','2017-05-25 19:53:43'),(3386,3385,238,0,'D2',0.25,'2017-05-25 19:53:43','2017-05-25 19:53:43'),(3387,3388,29,0,'B1',1,'2017-05-25 19:53:43','2017-05-25 19:53:43'),(3388,3387,74,0,'D#2',1,'2017-05-25 19:53:43','2017-05-25 19:53:43'),(3389,3389,204,0,'C2',0.25,'2017-05-25 19:53:43','2017-05-25 19:53:43'),(3390,3390,2,0,'Gb1',1,'2017-05-25 19:53:43','2017-05-25 19:53:43'),(3391,3391,80,0,'E2',1,'2017-05-25 19:53:43','2017-05-25 19:53:43'),(3392,3394,10,0,'D2',1,'2017-05-25 19:53:43','2017-05-25 19:53:43'),(3393,3392,6,0,'F#1',1,'2017-05-25 19:53:43','2017-05-25 19:53:43'),(3394,3393,180,0,'F2',0.25,'2017-05-25 19:53:43','2017-05-25 19:53:43'),(3395,3395,21,0,'D2',1,'2017-05-25 19:53:43','2017-05-25 19:53:43'),(3396,3396,82,0,'Eb2',1,'2017-05-25 19:53:43','2017-05-25 19:53:43'),(3397,3397,177,0,'G#1',0.25,'2017-05-25 19:53:43','2017-05-25 19:53:43'),(3398,3398,189,0,'Db2',0.25,'2017-05-25 19:53:43','2017-05-25 19:53:43'),(3399,3399,140,0,'E2',0.5,'2017-05-25 19:53:43','2017-05-25 19:53:43'),(3400,3400,166,0,'A1',0.25,'2017-05-25 19:53:43','2017-05-25 19:53:43'),(3401,3401,174,0,'D2',0.25,'2017-05-25 19:53:43','2017-05-25 19:53:43'),(3402,3402,170,0,'F#1',0.25,'2017-05-25 19:53:43','2017-05-25 19:53:43'),(3403,3403,78,0,'A#2',1,'2017-05-25 19:53:44','2017-05-25 19:53:44'),(3404,3405,116,0,'Ab2',0.5,'2017-05-25 19:53:44','2017-05-25 19:53:44'),(3405,3404,193,0,'B2',0.25,'2017-05-25 19:53:44','2017-05-25 19:53:44'),(3406,3406,113,0,'C2',0.5,'2017-05-25 19:53:44','2017-05-25 19:53:44'),(3407,3409,102,0,'A1',0.5,'2017-05-25 19:53:44','2017-05-25 19:53:44'),(3408,3408,125,0,'Db2',0.5,'2017-05-25 19:53:44','2017-05-25 19:53:44'),(3409,3407,248,0,'C1',0.25,'2017-05-25 19:53:44','2017-05-25 19:53:44'),(3410,3411,185,0,'F2',0.25,'2017-05-25 19:53:44','2017-05-25 19:53:44'),(3411,3412,106,0,'A#1',0.5,'2017-05-25 19:53:44','2017-05-25 19:53:44'),(3412,3410,129,0,'Eb2',0.5,'2017-05-25 19:53:44','2017-05-25 19:53:44'),(3413,3414,236,0,'C2',0.25,'2017-05-25 19:53:44','2017-05-25 19:53:44'),(3414,3413,110,0,'F2',0.5,'2017-05-25 19:53:44','2017-05-25 19:53:44'),(3415,3415,14,0,'G#1',1,'2017-05-25 19:53:44','2017-05-25 19:53:44'),(3416,3416,26,0,'Ab1',1,'2017-05-25 19:53:44','2017-05-25 19:53:44'),(3417,3417,41,0,'C2',1,'2017-05-25 19:53:44','2017-05-25 19:53:44'),(3418,3418,229,0,'Gb1',0.25,'2017-05-25 19:53:44','2017-05-25 19:53:44'),(3419,3422,233,0,'D2',0.25,'2017-05-25 19:53:44','2017-05-25 19:53:44'),(3420,3419,30,0,'B1',1,'2017-05-25 19:53:44','2017-05-25 19:53:44'),(3421,3421,17,0,'F2',1,'2017-05-25 19:53:44','2017-05-25 19:53:44'),(3422,3420,121,0,'F2',0.5,'2017-05-25 19:53:44','2017-05-25 19:53:44'),(3423,3423,231,0,'F#1',0.25,'2017-05-25 19:53:44','2017-05-25 19:53:44'),(3424,3424,178,0,'G#1',0.25,'2017-05-25 19:53:44','2017-05-25 19:53:44'),(3425,3427,3,0,'Gb1',1,'2017-05-25 19:53:44','2017-05-25 19:53:44'),(3426,3426,88,0,'G2',1,'2017-05-25 19:53:44','2017-05-25 19:53:44'),(3427,3425,190,0,'Db2',0.25,'2017-05-25 19:53:44','2017-05-25 19:53:44'),(3428,3432,7,0,'F#1',1,'2017-05-25 19:53:44','2017-05-25 19:53:44'),(3429,3429,22,0,'D2',1,'2017-05-25 19:53:44','2017-05-25 19:53:44'),(3430,3428,194,0,'B2',0.25,'2017-05-25 19:53:44','2017-05-25 19:53:44'),(3431,3431,76,0,'Ab2',1,'2017-05-25 19:53:44','2017-05-25 19:53:44'),(3432,3430,11,0,'D2',1,'2017-05-25 19:53:44','2017-05-25 19:53:44'),(3433,3433,114,0,'C2',0.5,'2017-05-25 19:53:44','2017-05-25 19:53:44'),(3434,3434,205,0,'C2',0.25,'2017-05-25 19:53:44','2017-05-25 19:53:44'),(3435,3435,69,0,'Db2',1,'2017-05-25 19:53:45','2017-05-25 19:53:45'),(3436,3436,126,0,'Db2',0.5,'2017-05-25 19:53:45','2017-05-25 19:53:45'),(3437,3437,71,0,'C#2',1,'2017-05-25 19:53:45','2017-05-25 19:53:45'),(3438,3441,186,0,'F2',0.25,'2017-05-25 19:53:45','2017-05-25 19:53:45'),(3439,3438,181,0,'F2',0.25,'2017-05-25 19:53:45','2017-05-25 19:53:45'),(3440,3439,130,0,'Eb2',0.5,'2017-05-25 19:53:45','2017-05-25 19:53:45'),(3441,3440,73,0,'A2',1,'2017-05-25 19:53:45','2017-05-25 19:53:45'),(3442,3442,260,0,'D#5',0.5,'2017-05-25 19:53:45','2017-05-25 19:53:45'),(3443,3443,141,0,'E2',0.5,'2017-05-25 19:53:45','2017-05-25 19:53:45'),(3444,3445,241,0,'Ab1',0.25,'2017-05-25 19:53:45','2017-05-25 19:53:45'),(3445,3444,1,0,'B1',1,'2017-05-25 19:53:45','2017-05-25 19:53:45'),(3446,3447,171,0,'F#1',0.25,'2017-05-25 19:53:45','2017-05-25 19:53:45'),(3447,3446,167,0,'A1',0.25,'2017-05-25 19:53:45','2017-05-25 19:53:45'),(3448,3448,262,0,'Eb4',0.5,'2017-05-25 19:53:45','2017-05-25 19:53:45'),(3449,3449,117,0,'Ab2',0.5,'2017-05-25 19:53:45','2017-05-25 19:53:45'),(3450,3451,175,0,'D2',0.25,'2017-05-25 19:53:45','2017-05-25 19:53:45'),(3451,3450,122,0,'F2',0.5,'2017-05-25 19:53:45','2017-05-25 19:53:45'),(3452,3452,235,0,'G#1',0.25,'2017-05-25 19:53:45','2017-05-25 19:53:45'),(3453,3453,42,0,'C2',1,'2017-05-25 19:53:45','2017-05-25 19:53:45'),(3454,3455,107,0,'A#1',0.5,'2017-05-25 19:53:45','2017-05-25 19:53:45'),(3455,3457,103,0,'A1',0.5,'2017-05-25 19:53:45','2017-05-25 19:53:45'),(3456,3454,168,0,'B1',4,'2017-05-25 19:53:45','2017-05-25 19:53:45'),(3457,3456,27,0,'Ab1',1,'2017-05-25 19:53:45','2017-05-25 19:53:45'),(3458,3459,243,0,'Ab1',0.25,'2017-05-25 19:53:45','2017-05-25 19:53:45'),(3459,3458,239,0,'D2',0.25,'2017-05-25 19:53:45','2017-05-25 19:53:45'),(3460,3460,111,0,'F2',0.5,'2017-05-25 19:53:45','2017-05-25 19:53:45'),(3461,3461,18,0,'F2',1,'2017-05-25 19:53:45','2017-05-25 19:53:45'),(3462,3462,206,0,'C2',0.25,'2017-05-25 19:53:45','2017-05-25 19:53:45'),(3463,3463,15,0,'G#1',1,'2017-05-25 19:53:45','2017-05-25 19:53:45'),(3464,3465,164,0,'B2',0.25,'2017-05-25 19:53:45','2017-05-25 19:53:45'),(3465,3464,4,0,'Gb1',1,'2017-05-25 19:53:45','2017-05-25 19:53:45'),(3466,3466,8,0,'F#1',1,'2017-05-25 19:53:45','2017-05-25 19:53:45'),(3467,3467,81,0,'E2',1,'2017-05-25 19:53:45','2017-05-25 19:53:45'),(3468,3469,182,0,'F2',0.25,'2017-05-25 19:53:45','2017-05-25 19:53:45'),(3469,3470,31,0,'B1',1,'2017-05-25 19:53:45','2017-05-25 19:53:45'),(3470,3468,23,0,'D2',1,'2017-05-25 19:53:45','2017-05-25 19:53:45'),(3471,3471,12,0,'D2',1,'2017-05-25 19:53:45','2017-05-25 19:53:45'),(3472,3472,142,0,'E2',0.5,'2017-05-25 19:53:46','2017-05-25 19:53:46'),(3473,3473,75,0,'D#2',1,'2017-05-25 19:53:46','2017-05-25 19:53:46'),(3474,3474,100,0,'D#2',0.5,'2017-05-25 19:53:46','2017-05-25 19:53:46'),(3475,3477,104,0,'A1',0.5,'2017-05-25 19:53:46','2017-05-25 19:53:46'),(3476,3476,172,0,'F#1',0.25,'2017-05-25 19:53:46','2017-05-25 19:53:46'),(3477,3475,191,0,'Db2',0.25,'2017-05-25 19:53:46','2017-05-25 19:53:46'),(3478,3478,83,0,'Eb2',1,'2017-05-25 19:53:46','2017-05-25 19:53:46'),(3479,3480,79,0,'A#2',1,'2017-05-25 19:53:46','2017-05-25 19:53:46'),(3480,3481,176,0,'D2',0.25,'2017-05-25 19:53:46','2017-05-25 19:53:46'),(3481,3479,118,0,'Ab2',0.5,'2017-05-25 19:53:46','2017-05-25 19:53:46'),(3482,3483,261,0,'D#4',0.5,'2017-05-25 19:53:46','2017-05-25 19:53:46'),(3483,3482,249,0,'C1',0.25,'2017-05-25 19:53:46','2017-05-25 19:53:46'),(3484,3484,64,0,'B1',1,'2017-05-25 19:53:46','2017-05-25 19:53:46'),(3485,3487,108,0,'A#1',0.5,'2017-05-25 19:53:46','2017-05-25 19:53:46'),(3486,3486,230,0,'Gb1',0.25,'2017-05-25 19:53:46','2017-05-25 19:53:46'),(3487,3485,127,0,'Db2',0.5,'2017-05-25 19:53:46','2017-05-25 19:53:46'),(3488,3490,237,0,'C2',0.25,'2017-05-25 19:53:46','2017-05-25 19:53:46'),(3489,3488,263,0,'Eb4',0.5,'2017-05-25 19:53:46','2017-05-25 19:53:46'),(3490,3491,112,0,'F2',0.5,'2017-05-25 19:53:46','2017-05-25 19:53:46'),(3491,3489,187,0,'F2',0.25,'2017-05-25 19:53:46','2017-05-25 19:53:46'),(3492,3492,43,0,'C2',1,'2017-05-25 19:53:46','2017-05-25 19:53:46'),(3493,3494,179,0,'G#1',0.25,'2017-05-25 19:53:46','2017-05-25 19:53:46'),(3494,3493,68,0,'F#2',1,'2017-05-25 19:53:46','2017-05-25 19:53:46'),(3495,3495,232,0,'F#1',0.25,'2017-05-25 19:53:46','2017-05-25 19:53:46'),(3496,3496,28,0,'Ab1',1,'2017-05-25 19:53:46','2017-05-25 19:53:46'),(3497,3497,5,0,'Gb1',1,'2017-05-25 19:53:46','2017-05-25 19:53:46'),(3498,3498,123,0,'F2',0.5,'2017-05-25 19:53:46','2017-05-25 19:53:46'),(3499,3500,19,0,'F2',1,'2017-05-25 19:53:46','2017-05-25 19:53:46'),(3500,3499,195,0,'B2',0.25,'2017-05-25 19:53:46','2017-05-25 19:53:46'),(3501,3502,115,0,'C2',0.5,'2017-05-25 19:53:46','2017-05-25 19:53:46'),(3502,3501,89,0,'G2',1,'2017-05-25 19:53:46','2017-05-25 19:53:46'),(3503,3503,101,0,'D#2',0.5,'2017-05-25 19:53:46','2017-05-25 19:53:46'),(3504,3504,234,0,'D2',0.25,'2017-05-25 19:53:46','2017-05-25 19:53:46'),(3505,3505,9,0,'F#1',1,'2017-05-25 19:53:46','2017-05-25 19:53:46'),(3506,3506,70,0,'Db2',1,'2017-05-25 19:53:46','2017-05-25 19:53:46'),(3507,3507,192,0,'Db2',0.25,'2017-05-25 19:53:46','2017-05-25 19:53:46'),(3508,3508,24,0,'D2',1,'2017-05-25 19:53:47','2017-05-25 19:53:47'),(3509,3509,77,0,'Ab2',1,'2017-05-25 19:53:47','2017-05-25 19:53:47'),(3510,3510,131,0,'Eb2',0.5,'2017-05-25 19:53:47','2017-05-25 19:53:47'),(3511,3511,207,0,'C2',0.25,'2017-05-25 19:53:47','2017-05-25 19:53:47'),(3512,3512,16,0,'G#1',1,'2017-05-25 19:53:47','2017-05-25 19:53:47'),(3513,3513,228,0,'B1',0.25,'2017-05-25 19:53:47','2017-05-25 19:53:47'),(3514,3514,13,0,'D2',1,'2017-05-25 19:53:47','2017-05-25 19:53:47'),(3515,3515,72,0,'C#2',1,'2017-05-25 19:53:47','2017-05-25 19:53:47'),(3516,3516,169,0,'A1',0.25,'2017-05-25 19:53:47','2017-05-25 19:53:47'),(3517,3517,188,0,'E2',0.25,'2017-05-25 19:53:47','2017-05-25 19:53:47'),(3518,3518,128,0,'Db2',0.5,'2017-05-25 19:53:47','2017-05-25 19:53:47'),(3519,3519,183,0,'F2',0.25,'2017-05-25 19:53:47','2017-05-25 19:53:47'),(3520,3520,32,0,'B1',1,'2017-05-25 19:53:47','2017-05-25 19:53:47'),(3521,3521,143,0,'E2',0.5,'2017-05-25 19:53:47','2017-05-25 19:53:47'),(3522,3523,180,0,'A#1',0.25,'2017-05-25 19:53:47','2017-05-25 19:53:47'),(3523,3524,2,0,'B1',1,'2017-05-25 19:53:47','2017-05-25 19:53:47'),(3524,3522,74,0,'A2',1,'2017-05-25 19:53:47','2017-05-25 19:53:47'),(3525,3526,173,0,'F#1',0.25,'2017-05-25 19:53:47','2017-05-25 19:53:47'),(3526,3525,105,0,'A1',0.5,'2017-05-25 19:53:47','2017-05-25 19:53:47'),(3527,3527,119,0,'Ab2',0.5,'2017-05-25 19:53:47','2017-05-25 19:53:47'),(3528,3528,242,0,'Ab1',0.25,'2017-05-25 19:53:47','2017-05-25 19:53:47'),(3529,3529,124,0,'Ab2',0.5,'2017-05-25 19:53:47','2017-05-25 19:53:47'),(3530,3530,44,0,'C2',1,'2017-05-25 19:53:47','2017-05-25 19:53:47'),(3531,3531,116,0,'A#2',0.5,'2017-05-25 19:53:47','2017-05-25 19:53:47'),(3532,3532,196,0,'A#2',0.25,'2017-05-25 19:53:47','2017-05-25 19:53:47'),(3533,3533,166,0,'B2',0.25,'2017-05-25 19:53:47','2017-05-25 19:53:47'),(3534,3534,177,0,'D2',0.25,'2017-05-25 19:53:47','2017-05-25 19:53:47'),(3535,3535,6,0,'Gb1',1,'2017-05-25 19:53:47','2017-05-25 19:53:47'),(3536,3536,109,0,'A#1',0.5,'2017-05-25 19:53:47','2017-05-25 19:53:47'),(3537,3537,20,0,'F2',1,'2017-05-25 19:53:47','2017-05-25 19:53:47'),(3538,3538,29,0,'Ab1',1,'2017-05-25 19:53:47','2017-05-25 19:53:47'),(3539,3539,208,0,'C2',0.25,'2017-05-25 19:53:47','2017-05-25 19:53:47'),(3540,3540,240,0,'Db2',0.25,'2017-05-25 19:53:47','2017-05-25 19:53:47'),(3541,3542,102,0,'D#2',0.5,'2017-05-25 19:53:47','2017-05-25 19:53:47'),(3542,3543,132,0,'D2',0.5,'2017-05-25 19:53:47','2017-05-25 19:53:47'),(3543,3541,236,0,'G1',0.25,'2017-05-25 19:53:47','2017-05-25 19:53:47'),(3544,3545,10,0,'F#1',1,'2017-05-25 19:53:48','2017-05-25 19:53:48'),(3545,3544,113,0,'F2',0.5,'2017-05-25 19:53:48','2017-05-25 19:53:48'),(3546,3546,170,0,'A1',0.25,'2017-05-25 19:53:48','2017-05-25 19:53:48'),(3547,3547,82,0,'E2',1,'2017-05-25 19:53:48','2017-05-25 19:53:48'),(3548,3549,144,0,'E2',0.5,'2017-05-25 19:53:48','2017-05-25 19:53:48'),(3549,3548,184,0,'F2',0.25,'2017-05-25 19:53:48','2017-05-25 19:53:48'),(3550,3550,244,0,'A#1',0.25,'2017-05-25 19:53:48','2017-05-25 19:53:48'),(3551,3552,25,0,'E2',1,'2017-05-25 19:53:48','2017-05-25 19:53:48'),(3552,3551,229,0,'B1',0.25,'2017-05-25 19:53:48','2017-05-25 19:53:48'),(3553,3553,17,0,'G1',1,'2017-05-25 19:53:48','2017-05-25 19:53:48'),(3554,3554,174,0,'F#1',0.25,'2017-05-25 19:53:48','2017-05-25 19:53:48'),(3555,3556,14,0,'D2',1,'2017-05-25 19:53:48','2017-05-25 19:53:48'),(3556,3555,106,0,'A1',0.5,'2017-05-25 19:53:48','2017-05-25 19:53:48'),(3557,3557,193,0,'Db2',0.25,'2017-05-25 19:53:48','2017-05-25 19:53:48'),(3558,3558,250,0,'C1',0.25,'2017-05-25 19:53:48','2017-05-25 19:53:48'),(3559,3559,120,0,'Ab2',0.5,'2017-05-25 19:53:48','2017-05-25 19:53:48'),(3560,3560,33,0,'A#1',1,'2017-05-25 19:53:48','2017-05-25 19:53:48'),(3561,3562,76,0,'D#2',1,'2017-05-25 19:53:48','2017-05-25 19:53:48'),(3562,3561,80,0,'Ab2',1,'2017-05-25 19:53:48','2017-05-25 19:53:48'),(3563,3563,3,0,'B1',1,'2017-05-25 19:53:48','2017-05-25 19:53:48'),(3564,3564,110,0,'A#1',0.5,'2017-05-25 19:53:48','2017-05-25 19:53:48'),(3565,3565,231,0,'Gb1',0.25,'2017-05-25 19:53:48','2017-05-25 19:53:48'),(3566,3566,178,0,'D2',0.25,'2017-05-25 19:53:48','2017-05-25 19:53:48'),(3567,3567,129,0,'Db2',0.5,'2017-05-25 19:53:48','2017-05-25 19:53:48'),(3568,3568,45,0,'C2',1,'2017-05-25 19:53:48','2017-05-25 19:53:48'),(3569,3569,238,0,'C2',0.25,'2017-05-25 19:53:48','2017-05-25 19:53:48'),(3570,3570,84,0,'F2',1,'2017-05-25 19:53:48','2017-05-25 19:53:48'),(3571,3571,181,0,'A#1',0.25,'2017-05-25 19:53:48','2017-05-25 19:53:48'),(3572,3573,189,0,'E2',0.25,'2017-05-25 19:53:48','2017-05-25 19:53:48'),(3573,3574,233,0,'F#1',0.25,'2017-05-25 19:53:48','2017-05-25 19:53:48'),(3574,3575,7,0,'Gb1',1,'2017-05-25 19:53:48','2017-05-25 19:53:48'),(3575,3572,69,0,'F#2',1,'2017-05-25 19:53:48','2017-05-25 19:53:48'),(3576,3576,114,0,'F2',0.5,'2017-05-25 19:53:48','2017-05-25 19:53:48'),(3577,3577,30,0,'Ab1',1,'2017-05-25 19:53:49','2017-05-25 19:53:49'),(3578,3580,197,0,'A#2',0.25,'2017-05-25 19:53:49','2017-05-25 19:53:49'),(3579,3579,90,0,'G2',1,'2017-05-25 19:53:49','2017-05-25 19:53:49'),(3580,3578,21,0,'F2',1,'2017-05-25 19:53:49','2017-05-25 19:53:49'),(3581,3581,117,0,'A#2',0.5,'2017-05-25 19:53:49','2017-05-25 19:53:49'),(3582,3582,125,0,'Ab2',0.5,'2017-05-25 19:53:49','2017-05-25 19:53:49'),(3583,3584,167,0,'B2',0.25,'2017-05-25 19:53:49','2017-05-25 19:53:49'),(3584,3583,11,0,'F#1',1,'2017-05-25 19:53:49','2017-05-25 19:53:49'),(3585,3585,71,0,'Db2',1,'2017-05-25 19:53:49','2017-05-25 19:53:49'),(3586,3586,260,0,'A5',0.5,'2017-05-25 19:53:49','2017-05-25 19:53:49'),(3587,3588,78,0,'Ab2',1,'2017-05-25 19:53:49','2017-05-25 19:53:49'),(3588,3591,133,0,'D2',0.5,'2017-05-25 19:53:49','2017-05-25 19:53:49'),(3589,3590,209,0,'C2',0.25,'2017-05-25 19:53:49','2017-05-25 19:53:49'),(3590,3587,194,0,'Db2',0.25,'2017-05-25 19:53:49','2017-05-25 19:53:49'),(3591,3589,18,0,'G1',1,'2017-05-25 19:53:49','2017-05-25 19:53:49'),(3592,3592,26,0,'E2',1,'2017-05-25 19:53:49','2017-05-25 19:53:49'),(3593,3595,171,0,'A1',0.25,'2017-05-25 19:53:49','2017-05-25 19:53:49'),(3594,3593,103,0,'D#2',0.5,'2017-05-25 19:53:49','2017-05-25 19:53:49'),(3595,3594,73,0,'C#2',1,'2017-05-25 19:53:49','2017-05-25 19:53:49'),(3596,3596,235,0,'D2',0.25,'2017-05-25 19:53:49','2017-05-25 19:53:49'),(3597,3598,185,0,'F2',0.25,'2017-05-25 19:53:49','2017-05-25 19:53:49'),(3598,3600,182,0,'A#1',0.25,'2017-05-25 19:53:49','2017-05-25 19:53:49'),(3599,3599,145,0,'E2',0.5,'2017-05-25 19:53:49','2017-05-25 19:53:49'),(3600,3601,130,0,'Db2',0.5,'2017-05-25 19:53:49','2017-05-25 19:53:49'),(3601,3597,34,0,'A#1',1,'2017-05-25 19:53:49','2017-05-25 19:53:49'),(3602,3602,190,0,'E2',0.25,'2017-05-25 19:53:49','2017-05-25 19:53:49'),(3603,3604,4,0,'B1',1,'2017-05-25 19:53:49','2017-05-25 19:53:49'),(3604,3603,107,0,'A1',0.5,'2017-05-25 19:53:49','2017-05-25 19:53:49'),(3605,3605,175,0,'F#1',0.25,'2017-05-25 19:53:49','2017-05-25 19:53:49'),(3606,3606,15,0,'D2',1,'2017-05-25 19:53:49','2017-05-25 19:53:49'),(3607,3608,46,0,'C2',1,'2017-05-25 19:53:49','2017-05-25 19:53:49'),(3608,3607,262,0,'E4',0.5,'2017-05-25 19:53:49','2017-05-25 19:53:49'),(3609,3611,198,0,'A#2',0.25,'2017-05-25 19:53:49','2017-05-25 19:53:49'),(3610,3612,121,0,'Ab2',0.5,'2017-05-25 19:53:49','2017-05-25 19:53:49'),(3611,3610,118,0,'A#2',0.5,'2017-05-25 19:53:49','2017-05-25 19:53:49'),(3612,3609,126,0,'Ab2',0.5,'2017-05-25 19:53:49','2017-05-25 19:53:49'),(3613,3613,104,0,'D#2',0.5,'2017-05-25 19:53:50','2017-05-25 19:53:50'),(3614,3616,8,0,'Gb1',1,'2017-05-25 19:53:50','2017-05-25 19:53:50'),(3615,3614,111,0,'A#1',0.5,'2017-05-25 19:53:50','2017-05-25 19:53:50'),(3616,3615,75,0,'A2',1,'2017-05-25 19:53:50','2017-05-25 19:53:50'),(3617,3617,210,0,'C2',0.25,'2017-05-25 19:53:50','2017-05-25 19:53:50'),(3618,3622,243,0,'Ab1',0.25,'2017-05-25 19:53:50','2017-05-25 19:53:50'),(3619,3618,134,0,'D2',0.5,'2017-05-25 19:53:50','2017-05-25 19:53:50'),(3620,3619,237,0,'G1',0.25,'2017-05-25 19:53:50','2017-05-25 19:53:50'),(3621,3621,241,0,'Db2',0.25,'2017-05-25 19:53:50','2017-05-25 19:53:50'),(3622,3620,22,0,'F2',1,'2017-05-25 19:53:50','2017-05-25 19:53:50'),(3623,3624,261,0,'A4',0.5,'2017-05-25 19:53:50','2017-05-25 19:53:50'),(3624,3625,12,0,'F#1',1,'2017-05-25 19:53:50','2017-05-25 19:53:50'),(3625,3626,172,0,'G1',0.25,'2017-05-25 19:53:50','2017-05-25 19:53:50'),(3626,3623,230,0,'B1',0.25,'2017-05-25 19:53:50','2017-05-25 19:53:50'),(3627,3627,146,0,'E2',0.5,'2017-05-25 19:53:50','2017-05-25 19:53:50'),(3628,3630,31,0,'Ab1',1,'2017-05-25 19:53:50','2017-05-25 19:53:50'),(3629,3629,245,0,'A#1',0.25,'2017-05-25 19:53:50','2017-05-25 19:53:50'),(3630,3628,19,0,'G1',1,'2017-05-25 19:53:50','2017-05-25 19:53:50'),(3631,3632,186,0,'F2',0.25,'2017-05-25 19:53:50','2017-05-25 19:53:50'),(3632,3633,179,0,'D2',0.25,'2017-05-25 19:53:50','2017-05-25 19:53:50'),(3633,3631,27,0,'E2',1,'2017-05-25 19:53:50','2017-05-25 19:53:50'),(3634,3636,176,0,'F#1',0.25,'2017-05-25 19:53:50','2017-05-25 19:53:50'),(3635,3635,5,0,'B1',1,'2017-05-25 19:53:50','2017-05-25 19:53:50'),(3636,3634,108,0,'Bb1',0.5,'2017-05-25 19:53:50','2017-05-25 19:53:50'),(3637,3637,267,0,'G4',0.5,'2017-05-25 19:53:50','2017-05-25 19:53:50'),(3638,3639,77,0,'D#2',1,'2017-05-25 19:53:50','2017-05-25 19:53:50'),(3639,3638,35,0,'A#1',1,'2017-05-25 19:53:50','2017-05-25 19:53:50'),(3640,3640,83,0,'E2',1,'2017-05-25 19:53:50','2017-05-25 19:53:50'),(3641,3641,122,0,'Ab2',0.5,'2017-05-25 19:53:50','2017-05-25 19:53:50'),(3642,3642,115,0,'F2',0.5,'2017-05-25 19:53:50','2017-05-25 19:53:50'),(3643,3643,81,0,'Ab2',1,'2017-05-25 19:53:50','2017-05-25 19:53:50'),(3644,3644,70,0,'F#2',1,'2017-05-25 19:53:51','2017-05-25 19:53:51'),(3645,3645,232,0,'G1',0.25,'2017-05-25 19:53:51','2017-05-25 19:53:51'),(3646,3646,112,0,'A#1',0.5,'2017-05-25 19:53:51','2017-05-25 19:53:51'),(3647,3647,251,0,'C1',0.25,'2017-05-25 19:53:51','2017-05-25 19:53:51'),(3648,3650,263,0,'E4',0.5,'2017-05-25 19:53:51','2017-05-25 19:53:51'),(3649,3648,239,0,'C2',0.25,'2017-05-25 19:53:51','2017-05-25 19:53:51'),(3650,3651,85,0,'F2',1,'2017-05-25 19:53:51','2017-05-25 19:53:51'),(3651,3652,191,0,'E2',0.25,'2017-05-25 19:53:51','2017-05-25 19:53:51'),(3652,3649,183,0,'A#1',0.25,'2017-05-25 19:53:51','2017-05-25 19:53:51'),(3653,3653,16,0,'D2',1,'2017-05-25 19:53:51','2017-05-25 19:53:51'),(3654,3654,9,0,'G1',1,'2017-05-25 19:53:51','2017-05-25 19:53:51'),(3655,3655,169,0,'B2',0.25,'2017-05-25 19:53:51','2017-05-25 19:53:51'),(3656,3656,234,0,'F#1',0.25,'2017-05-25 19:53:51','2017-05-25 19:53:51'),(3657,3657,47,0,'C2',1,'2017-05-25 19:53:51','2017-05-25 19:53:51'),(3658,3658,127,0,'Ab2',0.5,'2017-05-25 19:53:51','2017-05-25 19:53:51'),(3659,3661,23,0,'F2',1,'2017-05-25 19:53:51','2017-05-25 19:53:51'),(3660,3659,119,0,'A#2',0.5,'2017-05-25 19:53:51','2017-05-25 19:53:51'),(3661,3660,195,0,'Db2',0.25,'2017-05-25 19:53:51','2017-05-25 19:53:51'),(3662,3662,199,0,'A#2',0.25,'2017-05-25 19:53:51','2017-05-25 19:53:51'),(3663,3663,180,0,'Eb2',0.25,'2017-05-25 19:53:51','2017-05-25 19:53:51'),(3664,3664,105,0,'D#2',0.5,'2017-05-25 19:53:51','2017-05-25 19:53:51'),(3665,3666,13,0,'F#1',1,'2017-05-25 19:53:51','2017-05-25 19:53:51'),(3666,3665,72,0,'D2',1,'2017-05-25 19:53:51','2017-05-25 19:53:51'),(3667,3667,91,0,'G2',1,'2017-05-25 19:53:51','2017-05-25 19:53:51'),(3668,3671,6,0,'B1',1,'2017-05-25 19:53:51','2017-05-25 19:53:51'),(3669,3672,79,0,'Ab2',1,'2017-05-25 19:53:51','2017-05-25 19:53:51'),(3670,3670,116,0,'Gb2',0.5,'2017-05-25 19:53:51','2017-05-25 19:53:51'),(3671,3669,135,0,'D2',0.5,'2017-05-25 19:53:51','2017-05-25 19:53:51'),(3672,3668,20,0,'G1',1,'2017-05-25 19:53:51','2017-05-25 19:53:51'),(3673,3673,28,0,'E2',1,'2017-05-25 19:53:51','2017-05-25 19:53:51'),(3674,3675,173,0,'G1',0.25,'2017-05-25 19:53:51','2017-05-25 19:53:51'),(3675,3674,74,0,'C#2',1,'2017-05-25 19:53:51','2017-05-25 19:53:51'),(3676,3676,264,0,'G4',0.5,'2017-05-25 19:53:52','2017-05-25 19:53:52'),(3677,3681,236,0,'Bb2',0.25,'2017-05-25 19:53:52','2017-05-25 19:53:52'),(3678,3678,184,0,'A#1',0.25,'2017-05-25 19:53:52','2017-05-25 19:53:52'),(3679,3679,187,0,'F2',0.25,'2017-05-25 19:53:52','2017-05-25 19:53:52'),(3680,3682,170,0,'B2',0.25,'2017-05-25 19:53:52','2017-05-25 19:53:52'),(3681,3680,36,0,'A#1',1,'2017-05-25 19:53:52','2017-05-25 19:53:52'),(3682,3677,192,0,'E2',0.25,'2017-05-25 19:53:52','2017-05-25 19:53:52'),(3683,3683,177,0,'F#1',0.25,'2017-05-25 19:53:52','2017-05-25 19:53:52'),(3684,3684,109,0,'Bb1',0.5,'2017-05-25 19:53:52','2017-05-25 19:53:52'),(3685,3685,211,0,'C2',0.25,'2017-05-25 19:53:52','2017-05-25 19:53:52'),(3686,3686,106,0,'D#2',0.5,'2017-05-25 19:53:52','2017-05-25 19:53:52'),(3687,3687,128,0,'Ab2',0.5,'2017-05-25 19:53:52','2017-05-25 19:53:52'),(3688,3689,200,0,'A#2',0.25,'2017-05-25 19:53:52','2017-05-25 19:53:52'),(3689,3691,123,0,'Ab2',0.5,'2017-05-25 19:53:52','2017-05-25 19:53:52'),(3690,3690,120,0,'A#2',0.5,'2017-05-25 19:53:52','2017-05-25 19:53:52'),(3691,3688,17,0,'Eb2',1,'2017-05-25 19:53:52','2017-05-25 19:53:52'),(3692,3692,113,0,'A#1',0.5,'2017-05-25 19:53:52','2017-05-25 19:53:52'),(3693,3693,10,0,'G1',1,'2017-05-25 19:53:52','2017-05-25 19:53:52'),(3694,3694,147,0,'E2',0.5,'2017-05-25 19:53:52','2017-05-25 19:53:52'),(3695,3695,238,0,'G1',0.25,'2017-05-25 19:53:52','2017-05-25 19:53:52'),(3696,3697,24,0,'F2',1,'2017-05-25 19:53:52','2017-05-25 19:53:52'),(3697,3696,242,0,'Db2',0.25,'2017-05-25 19:53:52','2017-05-25 19:53:52'),(3698,3699,231,0,'B1',0.25,'2017-05-25 19:53:52','2017-05-25 19:53:52'),(3699,3698,76,0,'Gb2',1,'2017-05-25 19:53:52','2017-05-25 19:53:52'),(3700,3700,136,0,'D2',0.5,'2017-05-25 19:53:52','2017-05-25 19:53:52'),(3701,3701,14,0,'F#1',1,'2017-05-25 19:53:52','2017-05-25 19:53:52'),(3702,3702,174,0,'G1',0.25,'2017-05-25 19:53:52','2017-05-25 19:53:52'),(3703,3703,48,0,'C2',1,'2017-05-25 19:53:52','2017-05-25 19:53:52'),(3704,3704,21,0,'G1',1,'2017-05-25 19:53:52','2017-05-25 19:53:52'),(3705,3705,188,0,'Gb2',0.25,'2017-05-25 19:53:52','2017-05-25 19:53:52'),(3706,3707,29,0,'E2',1,'2017-05-25 19:53:52','2017-05-25 19:53:52'),(3707,3706,7,0,'B1',1,'2017-05-25 19:53:52','2017-05-25 19:53:52'),(3708,3708,181,0,'Eb2',0.25,'2017-05-25 19:53:52','2017-05-25 19:53:52'),(3709,3709,246,0,'A#1',0.25,'2017-05-25 19:53:52','2017-05-25 19:53:52'),(3710,3710,110,0,'Bb1',0.5,'2017-05-25 19:53:53','2017-05-25 19:53:53'),(3711,3711,178,0,'F#1',0.25,'2017-05-25 19:53:53','2017-05-25 19:53:53'),(3712,3712,212,0,'D2',0.25,'2017-05-25 19:53:53','2017-05-25 19:53:53'),(3713,3713,78,0,'D#2',1,'2017-05-25 19:53:53','2017-05-25 19:53:53'),(3714,3714,82,0,'Ab2',1,'2017-05-25 19:53:53','2017-05-25 19:53:53'),(3715,3715,124,0,'Gb2',0.5,'2017-05-25 19:53:53','2017-05-25 19:53:53'),(3716,3716,233,0,'G1',0.25,'2017-05-25 19:53:53','2017-05-25 19:53:53'),(3717,3718,37,0,'A#1',1,'2017-05-25 19:53:53','2017-05-25 19:53:53'),(3718,3717,117,0,'Gb2',0.5,'2017-05-25 19:53:53','2017-05-25 19:53:53'),(3719,3719,71,0,'F#2',1,'2017-05-25 19:53:53','2017-05-25 19:53:53'),(3720,3720,114,0,'A#1',0.5,'2017-05-25 19:53:53','2017-05-25 19:53:53'),(3721,3721,148,0,'D2',0.5,'2017-05-25 19:53:53','2017-05-25 19:53:53'),(3722,3723,185,0,'A#1',0.25,'2017-05-25 19:53:53','2017-05-25 19:53:53'),(3723,3724,193,0,'E2',0.25,'2017-05-25 19:53:53','2017-05-25 19:53:53'),(3724,3722,240,0,'Db2',0.25,'2017-05-25 19:53:53','2017-05-25 19:53:53'),(3725,3725,11,0,'G1',1,'2017-05-25 19:53:53','2017-05-25 19:53:53'),(3726,3726,18,0,'Eb2',1,'2017-05-25 19:53:53','2017-05-25 19:53:53'),(3727,3727,171,0,'B2',0.25,'2017-05-25 19:53:53','2017-05-25 19:53:53'),(3728,3728,260,0,'C#5',0.5,'2017-05-25 19:53:53','2017-05-25 19:53:53'),(3729,3730,252,0,'B1',0.25,'2017-05-25 19:53:53','2017-05-25 19:53:53'),(3730,3729,86,0,'F2',1,'2017-05-25 19:53:53','2017-05-25 19:53:53'),(3731,3731,129,0,'Ab2',0.5,'2017-05-25 19:53:53','2017-05-25 19:53:53'),(3732,3732,25,0,'Db2',1,'2017-05-25 19:53:53','2017-05-25 19:53:53'),(3733,3733,121,0,'A#2',0.5,'2017-05-25 19:53:53','2017-05-25 19:53:53'),(3734,3734,73,0,'D2',1,'2017-05-25 19:53:53','2017-05-25 19:53:53'),(3735,3735,182,0,'Eb2',0.25,'2017-05-25 19:53:53','2017-05-25 19:53:53'),(3736,3736,107,0,'D#2',0.5,'2017-05-25 19:53:53','2017-05-25 19:53:53'),(3737,3737,235,0,'F#1',0.25,'2017-05-25 19:53:53','2017-05-25 19:53:53'),(3738,3738,49,0,'B2',1,'2017-05-25 19:53:54','2017-05-25 19:53:54'),(3739,3740,201,0,'A#2',0.25,'2017-05-25 19:53:54','2017-05-25 19:53:54'),(3740,3739,80,0,'A2',1,'2017-05-25 19:53:54','2017-05-25 19:53:54'),(3741,3741,175,0,'G1',0.25,'2017-05-25 19:53:54','2017-05-25 19:53:54'),(3742,3743,22,0,'G1',1,'2017-05-25 19:53:54','2017-05-25 19:53:54'),(3743,3744,8,0,'B1',1,'2017-05-25 19:53:54','2017-05-25 19:53:54'),(3744,3742,30,0,'E2',1,'2017-05-25 19:53:54','2017-05-25 19:53:54'),(3745,3745,15,0,'F#1',1,'2017-05-25 19:53:54','2017-05-25 19:53:54'),(3746,3746,118,0,'Gb2',0.5,'2017-05-25 19:53:54','2017-05-25 19:53:54'),(3747,3747,92,0,'G2',1,'2017-05-25 19:53:54','2017-05-25 19:53:54'),(3748,3748,189,0,'Gb2',0.25,'2017-05-25 19:53:54','2017-05-25 19:53:54'),(3749,3749,137,0,'D2',0.5,'2017-05-25 19:53:54','2017-05-25 19:53:54'),(3750,3750,111,0,'Bb1',0.5,'2017-05-25 19:53:54','2017-05-25 19:53:54'),(3751,3751,186,0,'A#1',0.25,'2017-05-25 19:53:54','2017-05-25 19:53:54'),(3752,3752,172,0,'B2',0.25,'2017-05-25 19:53:54','2017-05-25 19:53:54'),(3753,3753,194,0,'E2',0.25,'2017-05-25 19:53:54','2017-05-25 19:53:54'),(3754,3754,237,0,'Bb2',0.25,'2017-05-25 19:53:54','2017-05-25 19:53:54'),(3755,3756,75,0,'C#2',1,'2017-05-25 19:53:54','2017-05-25 19:53:54'),(3756,3755,213,0,'D2',0.25,'2017-05-25 19:53:54','2017-05-25 19:53:54'),(3757,3757,125,0,'Gb2',0.5,'2017-05-25 19:53:54','2017-05-25 19:53:54'),(3758,3758,38,0,'A#1',1,'2017-05-25 19:53:54','2017-05-25 19:53:54'),(3759,3759,12,0,'G1',1,'2017-05-25 19:53:54','2017-05-25 19:53:54'),(3760,3760,108,0,'D#2',0.5,'2017-05-25 19:53:54','2017-05-25 19:53:54'),(3761,3762,19,0,'Eb2',1,'2017-05-25 19:53:54','2017-05-25 19:53:54'),(3762,3761,130,0,'Ab2',0.5,'2017-05-25 19:53:54','2017-05-25 19:53:54'),(3763,3763,122,0,'A#2',0.5,'2017-05-25 19:53:54','2017-05-25 19:53:54'),(3764,3764,261,0,'C#4',0.5,'2017-05-25 19:53:54','2017-05-25 19:53:54'),(3765,3765,202,0,'A#2',0.25,'2017-05-25 19:53:54','2017-05-25 19:53:54'),(3766,3767,149,0,'D2',0.5,'2017-05-25 19:53:54','2017-05-25 19:53:54'),(3767,3768,176,0,'G1',0.25,'2017-05-25 19:53:54','2017-05-25 19:53:54'),(3768,3766,26,0,'Db2',1,'2017-05-25 19:53:54','2017-05-25 19:53:54'),(3769,3769,232,0,'B1',0.25,'2017-05-25 19:53:54','2017-05-25 19:53:54'),(3770,3770,77,0,'Gb2',1,'2017-05-25 19:53:55','2017-05-25 19:53:55'),(3771,3771,239,0,'G1',0.25,'2017-05-25 19:53:55','2017-05-25 19:53:55'),(3772,3772,262,0,'Ab4',0.5,'2017-05-25 19:53:55','2017-05-25 19:53:55'),(3773,3774,138,0,'D2',0.5,'2017-05-25 19:53:55','2017-05-25 19:53:55'),(3774,3773,179,0,'F#1',0.25,'2017-05-25 19:53:55','2017-05-25 19:53:55'),(3775,3775,112,0,'Bb1',0.5,'2017-05-25 19:53:55','2017-05-25 19:53:55'),(3776,3776,190,0,'Gb2',0.25,'2017-05-25 19:53:55','2017-05-25 19:53:55'),(3777,3778,50,0,'B2',1,'2017-05-25 19:53:55','2017-05-25 19:53:55'),(3778,3777,9,0,'B1',1,'2017-05-25 19:53:55','2017-05-25 19:53:55'),(3779,3779,183,0,'Eb2',0.25,'2017-05-25 19:53:55','2017-05-25 19:53:55'),(3780,3780,243,0,'Db2',0.25,'2017-05-25 19:53:55','2017-05-25 19:53:55'),(3781,3781,23,0,'G1',1,'2017-05-25 19:53:55','2017-05-25 19:53:55'),(3782,3782,247,0,'A#1',0.25,'2017-05-25 19:53:55','2017-05-25 19:53:55'),(3783,3783,115,0,'A#1',0.5,'2017-05-25 19:53:55','2017-05-25 19:53:55'),(3784,3784,234,0,'G1',0.25,'2017-05-25 19:53:55','2017-05-25 19:53:55'),(3785,3786,126,0,'Gb2',0.5,'2017-05-25 19:53:55','2017-05-25 19:53:55'),(3786,3785,72,0,'F#2',1,'2017-05-25 19:53:55','2017-05-25 19:53:55'),(3787,3788,214,0,'D2',0.25,'2017-05-25 19:53:55','2017-05-25 19:53:55'),(3788,3787,119,0,'Gb2',0.5,'2017-05-25 19:53:55','2017-05-25 19:53:55'),(3789,3789,31,0,'E2',1,'2017-05-25 19:53:55','2017-05-25 19:53:55'),(3790,3790,79,0,'D#2',1,'2017-05-25 19:53:55','2017-05-25 19:53:55'),(3791,3791,39,0,'A#1',1,'2017-05-25 19:53:55','2017-05-25 19:53:55'),(3792,3792,16,0,'F#1',1,'2017-05-25 19:53:56','2017-05-25 19:53:56'),(3793,3793,13,0,'G1',1,'2017-05-25 19:53:56','2017-05-25 19:53:56'),(3794,3794,241,0,'Db2',0.25,'2017-05-25 19:53:56','2017-05-25 19:53:56'),(3795,3795,150,0,'D2',0.5,'2017-05-25 19:53:56','2017-05-25 19:53:56'),(3796,3797,20,0,'Eb2',1,'2017-05-25 19:53:56','2017-05-25 19:53:56'),(3797,3796,173,0,'B2',0.25,'2017-05-25 19:53:56','2017-05-25 19:53:56'),(3798,3798,83,0,'Ab2',1,'2017-05-25 19:53:56','2017-05-25 19:53:56'),(3799,3800,87,0,'F2',1,'2017-05-25 19:53:56','2017-05-25 19:53:56'),(3800,3799,187,0,'A#1',0.25,'2017-05-25 19:53:56','2017-05-25 19:53:56'),(3801,3801,180,0,'G#1',0.25,'2017-05-25 19:53:56','2017-05-25 19:53:56'),(3802,3802,74,0,'D2',1,'2017-05-25 19:53:56','2017-05-25 19:53:56'),(3803,3803,253,0,'B1',0.25,'2017-05-25 19:53:56','2017-05-25 19:53:56'),(3804,3804,184,0,'Eb2',0.25,'2017-05-25 19:53:56','2017-05-25 19:53:56'),(3805,3806,27,0,'Db2',1,'2017-05-25 19:53:56','2017-05-25 19:53:56'),(3806,3805,109,0,'D#2',0.5,'2017-05-25 19:53:56','2017-05-25 19:53:56'),(3807,3808,1,0,'B1',1,'2017-05-25 19:53:56','2017-05-25 19:53:56'),(3808,3807,263,0,'Ab4',0.5,'2017-05-25 19:53:56','2017-05-25 19:53:56'),(3809,3810,123,0,'A#2',0.5,'2017-05-25 19:53:56','2017-05-25 19:53:56'),(3810,3809,203,0,'A#2',0.25,'2017-05-25 19:53:56','2017-05-25 19:53:56'),(3811,3811,116,0,'G#1',0.5,'2017-05-25 19:53:56','2017-05-25 19:53:56'),(3812,3812,177,0,'G1',0.25,'2017-05-25 19:53:56','2017-05-25 19:53:56'),(3813,3813,51,0,'B2',1,'2017-05-25 19:53:56','2017-05-25 19:53:56'),(3814,3814,10,0,'B1',1,'2017-05-25 19:53:56','2017-05-25 19:53:56'),(3815,3816,120,0,'Gb2',0.5,'2017-05-25 19:53:56','2017-05-25 19:53:56'),(3816,3817,168,0,'B1',4,'2017-05-25 19:53:56','2017-05-25 19:53:56'),(3817,3818,195,0,'E2',0.25,'2017-05-25 19:53:56','2017-05-25 19:53:56'),(3818,3815,81,0,'A2',1,'2017-05-25 19:53:56','2017-05-25 19:53:56'),(3819,3820,24,0,'G1',1,'2017-05-25 19:53:56','2017-05-25 19:53:56'),(3820,3819,139,0,'D2',0.5,'2017-05-25 19:53:56','2017-05-25 19:53:56'),(3821,3821,236,0,'F1',0.25,'2017-05-25 19:53:56','2017-05-25 19:53:56'),(3822,3822,113,0,'Bb1',0.5,'2017-05-25 19:53:56','2017-05-25 19:53:56'),(3823,3823,174,0,'B2',0.25,'2017-05-25 19:53:56','2017-05-25 19:53:56'),(3824,3824,93,0,'G2',1,'2017-05-25 19:53:56','2017-05-25 19:53:56'),(3825,3826,238,0,'Bb2',0.25,'2017-05-25 19:53:56','2017-05-25 19:53:56'),(3826,3827,191,0,'Gb2',0.25,'2017-05-25 19:53:56','2017-05-25 19:53:56'),(3827,3825,131,0,'Ab2',0.5,'2017-05-25 19:53:56','2017-05-25 19:53:56'),(3828,3828,164,0,'D2',0.25,'2017-05-25 19:53:56','2017-05-25 19:53:56'),(3829,3830,188,0,'A1',0.25,'2017-05-25 19:53:57','2017-05-25 19:53:57'),(3830,3829,40,0,'A#1',1,'2017-05-25 19:53:57','2017-05-25 19:53:57'),(3831,3831,17,0,'F1',1,'2017-05-25 19:53:57','2017-05-25 19:53:57'),(3832,3833,110,0,'D#2',0.5,'2017-05-25 19:53:57','2017-05-25 19:53:57'),(3833,3832,14,0,'G1',1,'2017-05-25 19:53:57','2017-05-25 19:53:57'),(3834,3834,127,0,'Gb2',0.5,'2017-05-25 19:53:57','2017-05-25 19:53:57'),(3835,3836,32,0,'E2',1,'2017-05-25 19:53:57','2017-05-25 19:53:57'),(3836,3837,215,0,'D2',0.25,'2017-05-25 19:53:57','2017-05-25 19:53:57'),(3837,3835,21,0,'Eb2',1,'2017-05-25 19:53:57','2017-05-25 19:53:57'),(3838,3838,100,0,'D2',0.5,'2017-05-25 19:53:57','2017-05-25 19:53:57'),(3839,3839,204,0,'A#2',0.25,'2017-05-25 19:53:57','2017-05-25 19:53:57'),(3840,3840,124,0,'Db2',0.5,'2017-05-25 19:53:57','2017-05-25 19:53:57'),(3841,3841,233,0,'B1',0.25,'2017-05-25 19:53:57','2017-05-25 19:53:57'),(3842,3843,178,0,'G1',0.25,'2017-05-25 19:53:57','2017-05-25 19:53:57'),(3843,3842,76,0,'C#2',1,'2017-05-25 19:53:57','2017-05-25 19:53:57'),(3844,3844,28,0,'Db2',1,'2017-05-25 19:53:57','2017-05-25 19:53:57'),(3845,3846,196,0,'D#2',0.25,'2017-05-25 19:53:57','2017-05-25 19:53:57'),(3846,3845,78,0,'Gb2',1,'2017-05-25 19:53:57','2017-05-25 19:53:57'),(3847,3847,151,0,'D2',0.5,'2017-05-25 19:53:57','2017-05-25 19:53:57'),(3848,3848,64,0,'B1',1,'2017-05-25 19:53:57','2017-05-25 19:53:57'),(3849,3850,240,0,'Gb1',0.25,'2017-05-25 19:53:57','2017-05-25 19:53:57'),(3850,3849,140,0,'D2',0.5,'2017-05-25 19:53:57','2017-05-25 19:53:57'),(3851,3851,114,0,'Bb1',0.5,'2017-05-25 19:53:57','2017-05-25 19:53:57'),(3852,3852,11,0,'B1',1,'2017-05-25 19:53:57','2017-05-25 19:53:57'),(3853,3855,52,0,'B2',1,'2017-05-25 19:53:57','2017-05-25 19:53:57'),(3854,3853,192,0,'Gb2',0.25,'2017-05-25 19:53:57','2017-05-25 19:53:57'),(3855,3856,185,0,'Eb2',0.25,'2017-05-25 19:53:57','2017-05-25 19:53:57'),(3856,3857,68,0,'Gb2',1,'2017-05-25 19:53:57','2017-05-25 19:53:57'),(3857,3854,181,0,'G#1',0.25,'2017-05-25 19:53:57','2017-05-25 19:53:57'),(3858,3858,132,0,'G2',0.5,'2017-05-25 19:53:57','2017-05-25 19:53:57'),(3859,3859,25,0,'A1',1,'2017-05-25 19:53:57','2017-05-25 19:53:57'),(3860,3860,248,0,'A#1',0.25,'2017-05-25 19:53:57','2017-05-25 19:53:57'),(3861,3862,73,0,'F#2',1,'2017-05-25 19:53:57','2017-05-25 19:53:57'),(3862,3861,260,0,'D5',0.5,'2017-05-25 19:53:57','2017-05-25 19:53:57'),(3863,3863,121,0,'Gb2',0.5,'2017-05-25 19:53:58','2017-05-25 19:53:58'),(3864,3864,117,0,'G#1',0.5,'2017-05-25 19:53:58','2017-05-25 19:53:58'),(3865,3866,244,0,'D#2',0.25,'2017-05-25 19:53:58','2017-05-25 19:53:58'),(3866,3868,216,0,'D2',0.25,'2017-05-25 19:53:58','2017-05-25 19:53:58'),(3867,3867,101,0,'D2',0.5,'2017-05-25 19:53:58','2017-05-25 19:53:58'),(3868,3865,128,0,'Gb2',0.5,'2017-05-25 19:53:58','2017-05-25 19:53:58'),(3869,3869,80,0,'Db2',1,'2017-05-25 19:53:58','2017-05-25 19:53:58'),(3870,3870,41,0,'A#1',1,'2017-05-25 19:53:58','2017-05-25 19:53:58'),(3871,3872,235,0,'G1',0.25,'2017-05-25 19:53:58','2017-05-25 19:53:58'),(3872,3871,175,0,'B2',0.25,'2017-05-25 19:53:58','2017-05-25 19:53:58'),(3873,3873,33,0,'D#2',1,'2017-05-25 19:53:58','2017-05-25 19:53:58'),(3874,3876,152,0,'D2',0.5,'2017-05-25 19:53:58','2017-05-25 19:53:58'),(3875,3878,22,0,'Eb2',1,'2017-05-25 19:53:58','2017-05-25 19:53:58'),(3876,3877,242,0,'Db2',0.25,'2017-05-25 19:53:58','2017-05-25 19:53:58'),(3877,3874,18,0,'F1',1,'2017-05-25 19:53:58','2017-05-25 19:53:58'),(3878,3875,228,0,'B1',0.25,'2017-05-25 19:53:58','2017-05-25 19:53:58'),(3879,3879,88,0,'F2',1,'2017-05-25 19:53:58','2017-05-25 19:53:58'),(3880,3880,189,0,'A1',0.25,'2017-05-25 19:53:58','2017-05-25 19:53:58'),(3881,3881,111,0,'D#2',0.5,'2017-05-25 19:53:58','2017-05-25 19:53:58'),(3882,3882,15,0,'G1',1,'2017-05-25 19:53:58','2017-05-25 19:53:58'),(3883,3883,84,0,'A#2',1,'2017-05-25 19:53:58','2017-05-25 19:53:58'),(3884,3887,2,0,'B1',1,'2017-05-25 19:53:58','2017-05-25 19:53:58'),(3885,3885,182,0,'G#1',0.25,'2017-05-25 19:53:58','2017-05-25 19:53:58'),(3886,3888,186,0,'Eb2',0.25,'2017-05-25 19:53:58','2017-05-25 19:53:58'),(3887,3884,29,0,'Db2',1,'2017-05-25 19:53:58','2017-05-25 19:53:58'),(3888,3886,254,0,'B1',0.25,'2017-05-25 19:53:58','2017-05-25 19:53:58'),(3889,3889,125,0,'Db2',0.5,'2017-05-25 19:53:58','2017-05-25 19:53:58'),(3890,3890,205,0,'A#2',0.25,'2017-05-25 19:53:58','2017-05-25 19:53:58'),(3891,3891,75,0,'D2',1,'2017-05-25 19:53:58','2017-05-25 19:53:58'),(3892,3893,197,0,'D#2',0.25,'2017-05-25 19:53:58','2017-05-25 19:53:58'),(3893,3892,12,0,'B1',1,'2017-05-25 19:53:58','2017-05-25 19:53:58'),(3894,3895,122,0,'Gb2',0.5,'2017-05-25 19:53:58','2017-05-25 19:53:58'),(3895,3896,82,0,'A2',1,'2017-05-25 19:53:58','2017-05-25 19:53:58'),(3896,3894,118,0,'G#1',0.5,'2017-05-25 19:53:58','2017-05-25 19:53:58'),(3897,3898,53,0,'B2',1,'2017-05-25 19:53:58','2017-05-25 19:53:58'),(3898,3897,166,0,'D2',0.25,'2017-05-25 19:53:58','2017-05-25 19:53:58'),(3899,3899,26,0,'A1',1,'2017-05-25 19:53:58','2017-05-25 19:53:58'),(3900,3900,141,0,'D2',0.5,'2017-05-25 19:53:59','2017-05-25 19:53:59'),(3901,3901,261,0,'D4',0.5,'2017-05-25 19:53:59','2017-05-25 19:53:59'),(3902,3902,133,0,'G2',0.5,'2017-05-25 19:53:59','2017-05-25 19:53:59'),(3903,3903,176,0,'B2',0.25,'2017-05-25 19:53:59','2017-05-25 19:53:59'),(3904,3906,239,0,'Bb2',0.25,'2017-05-25 19:53:59','2017-05-25 19:53:59'),(3905,3904,193,0,'Gb2',0.25,'2017-05-25 19:53:59','2017-05-25 19:53:59'),(3906,3907,94,0,'G2',1,'2017-05-25 19:53:59','2017-05-25 19:53:59'),(3907,3909,102,0,'D2',0.5,'2017-05-25 19:53:59','2017-05-25 19:53:59'),(3908,3908,190,0,'A1',0.25,'2017-05-25 19:53:59','2017-05-25 19:53:59'),(3909,3905,237,0,'F1',0.25,'2017-05-25 19:53:59','2017-05-25 19:53:59'),(3910,3910,42,0,'A#1',1,'2017-05-25 19:53:59','2017-05-25 19:53:59'),(3911,3911,179,0,'G1',0.25,'2017-05-25 19:53:59','2017-05-25 19:53:59'),(3912,3912,112,0,'D#2',0.5,'2017-05-25 19:53:59','2017-05-25 19:53:59'),(3913,3913,34,0,'D#2',1,'2017-05-25 19:53:59','2017-05-25 19:53:59'),(3914,3914,23,0,'Eb2',1,'2017-05-25 19:53:59','2017-05-25 19:53:59'),(3915,3916,217,0,'D2',0.25,'2017-05-25 19:53:59','2017-05-25 19:53:59'),(3916,3918,129,0,'Gb2',0.5,'2017-05-25 19:53:59','2017-05-25 19:53:59'),(3917,3917,229,0,'B1',0.25,'2017-05-25 19:53:59','2017-05-25 19:53:59'),(3918,3915,19,0,'F1',1,'2017-05-25 19:53:59','2017-05-25 19:53:59'),(3919,3919,126,0,'Db2',0.5,'2017-05-25 19:53:59','2017-05-25 19:53:59'),(3920,3920,115,0,'Bb1',0.5,'2017-05-25 19:53:59','2017-05-25 19:53:59'),(3921,3921,206,0,'A#2',0.25,'2017-05-25 19:53:59','2017-05-25 19:53:59'),(3922,3922,198,0,'D#2',0.25,'2017-05-25 19:53:59','2017-05-25 19:53:59'),(3923,3923,234,0,'B1',0.25,'2017-05-25 19:53:59','2017-05-25 19:53:59'),(3924,3924,79,0,'Gb2',1,'2017-05-25 19:53:59','2017-05-25 19:53:59'),(3925,3926,241,0,'Gb1',0.25,'2017-05-25 19:53:59','2017-05-25 19:53:59'),(3926,3927,153,0,'D2',0.5,'2017-05-25 19:53:59','2017-05-25 19:53:59'),(3927,3925,77,0,'C#2',1,'2017-05-25 19:53:59','2017-05-25 19:53:59'),(3928,3929,30,0,'Db2',1,'2017-05-25 19:53:59','2017-05-25 19:53:59'),(3929,3928,3,0,'B1',1,'2017-05-25 19:53:59','2017-05-25 19:53:59'),(3930,3930,16,0,'G1',1,'2017-05-25 19:53:59','2017-05-25 19:53:59'),(3931,3931,13,0,'B1',1,'2017-05-25 19:53:59','2017-05-25 19:53:59'),(3932,3932,142,0,'D2',0.5,'2017-05-25 19:53:59','2017-05-25 19:53:59'),(3933,3933,187,0,'Eb2',0.25,'2017-05-25 19:54:00','2017-05-25 19:54:00'),(3934,3934,134,0,'G2',0.5,'2017-05-25 19:54:00','2017-05-25 19:54:00'),(3935,3935,27,0,'A1',1,'2017-05-25 19:54:00','2017-05-25 19:54:00'),(3936,3937,183,0,'G#1',0.25,'2017-05-25 19:54:00','2017-05-25 19:54:00'),(3937,3936,69,0,'Gb2',1,'2017-05-25 19:54:00','2017-05-25 19:54:00'),(3938,3938,194,0,'Gb2',0.25,'2017-05-25 19:54:00','2017-05-25 19:54:00'),(3939,3939,54,0,'B2',1,'2017-05-25 19:54:00','2017-05-25 19:54:00'),(3940,3940,180,0,'Ab1',0.25,'2017-05-25 19:54:00','2017-05-25 19:54:00'),(3941,3941,123,0,'Gb2',0.5,'2017-05-25 19:54:00','2017-05-25 19:54:00'),(3942,3942,245,0,'D#2',0.25,'2017-05-25 19:54:00','2017-05-25 19:54:00'),(3943,3944,74,0,'F#2',1,'2017-05-25 19:54:00','2017-05-25 19:54:00'),(3944,3943,249,0,'A#1',0.25,'2017-05-25 19:54:00','2017-05-25 19:54:00'),(3945,3945,119,0,'G#1',0.5,'2017-05-25 19:54:00','2017-05-25 19:54:00'),(3946,3946,81,0,'Db2',1,'2017-05-25 19:54:00','2017-05-25 19:54:00'),(3947,3947,167,0,'D2',0.25,'2017-05-25 19:54:00','2017-05-25 19:54:00'),(3948,3948,130,0,'Gb2',0.5,'2017-05-25 19:54:00','2017-05-25 19:54:00'),(3949,3949,218,0,'D2',0.25,'2017-05-25 19:54:00','2017-05-25 19:54:00'),(3950,3950,116,0,'B1',0.5,'2017-05-25 19:54:00','2017-05-25 19:54:00'),(3951,3951,24,0,'Eb2',1,'2017-05-25 19:54:00','2017-05-25 19:54:00'),(3952,3952,35,0,'D#2',1,'2017-05-25 19:54:00','2017-05-25 19:54:00'),(3953,3954,43,0,'A#1',1,'2017-05-25 19:54:01','2017-05-25 19:54:01'),(3954,3953,177,0,'B2',0.25,'2017-05-25 19:54:01','2017-05-25 19:54:01'),(3955,3957,191,0,'A1',0.25,'2017-05-25 19:54:01','2017-05-25 19:54:01'),(3956,3956,103,0,'D2',0.5,'2017-05-25 19:54:01','2017-05-25 19:54:01'),(3957,3955,20,0,'F1',1,'2017-05-25 19:54:01','2017-05-25 19:54:01'),(3958,3958,154,0,'D2',0.5,'2017-05-25 19:54:01','2017-05-25 19:54:01'),(3959,3959,236,0,'Eb1',0.25,'2017-05-25 19:54:01','2017-05-25 19:54:01'),(3960,3960,262,0,'A4',0.5,'2017-05-25 19:54:01','2017-05-25 19:54:01'),(3961,3961,188,0,'E2',0.25,'2017-05-25 19:54:01','2017-05-25 19:54:01'),(3962,3963,89,0,'F2',1,'2017-05-25 19:54:01','2017-05-25 19:54:01'),(3963,3962,85,0,'A#2',1,'2017-05-25 19:54:01','2017-05-25 19:54:01'),(3964,3964,113,0,'D#2',0.5,'2017-05-25 19:54:01','2017-05-25 19:54:01'),(3965,3965,127,0,'Db2',0.5,'2017-05-25 19:54:01','2017-05-25 19:54:01'),(3966,3966,184,0,'G#1',0.25,'2017-05-25 19:54:01','2017-05-25 19:54:01'),(3967,3967,255,0,'B1',0.25,'2017-05-25 19:54:01','2017-05-25 19:54:01'),(3968,3969,17,0,'Ab1',1,'2017-05-25 19:54:01','2017-05-25 19:54:01'),(3969,3970,124,0,'E2',0.5,'2017-05-25 19:54:01','2017-05-25 19:54:01'),(3970,3971,243,0,'Db2',0.25,'2017-05-25 19:54:01','2017-05-25 19:54:01'),(3971,3968,4,0,'B1',1,'2017-05-25 19:54:01','2017-05-25 19:54:01'),(3972,3972,207,0,'A#2',0.25,'2017-05-25 19:54:01','2017-05-25 19:54:01'),(3973,3973,14,0,'B1',1,'2017-05-25 19:54:01','2017-05-25 19:54:01'),(3974,3974,199,0,'D#2',0.25,'2017-05-25 19:54:01','2017-05-25 19:54:01'),(3975,3976,55,0,'B2',1,'2017-05-25 19:54:01','2017-05-25 19:54:01'),(3976,3975,28,0,'A1',1,'2017-05-25 19:54:01','2017-05-25 19:54:01'),(3977,3977,120,0,'G#1',0.5,'2017-05-25 19:54:01','2017-05-25 19:54:01'),(3978,3978,76,0,'B2',1,'2017-05-25 19:54:01','2017-05-25 19:54:01'),(3979,3979,240,0,'B2',0.25,'2017-05-25 19:54:01','2017-05-25 19:54:01'),(3980,3980,31,0,'Db2',1,'2017-05-25 19:54:01','2017-05-25 19:54:01'),(3981,3981,143,0,'D2',0.5,'2017-05-25 19:54:01','2017-05-25 19:54:01'),(3982,3982,135,0,'G2',0.5,'2017-05-25 19:54:01','2017-05-25 19:54:01'),(3983,3983,178,0,'B2',0.25,'2017-05-25 19:54:01','2017-05-25 19:54:01'),(3984,3984,104,0,'D2',0.5,'2017-05-25 19:54:01','2017-05-25 19:54:01'),(3985,3985,192,0,'A1',0.25,'2017-05-25 19:54:02','2017-05-25 19:54:02'),(3986,3986,95,0,'G2',1,'2017-05-25 19:54:02','2017-05-25 19:54:02'),(3987,3987,238,0,'F1',0.25,'2017-05-25 19:54:02','2017-05-25 19:54:02'),(3988,3988,181,0,'Ab1',0.25,'2017-05-25 19:54:02','2017-05-25 19:54:02'),(3989,3989,83,0,'A2',1,'2017-05-25 19:54:02','2017-05-25 19:54:02'),(3990,3990,25,0,'B2',1,'2017-05-25 19:54:02','2017-05-25 19:54:02'),(3991,3991,44,0,'A#1',1,'2017-05-25 19:54:02','2017-05-25 19:54:02'),(3992,3993,230,0,'B1',0.25,'2017-05-25 19:54:02','2017-05-25 19:54:02'),(3993,3994,114,0,'D#2',0.5,'2017-05-25 19:54:02','2017-05-25 19:54:02'),(3994,3992,36,0,'D#2',1,'2017-05-25 19:54:02','2017-05-25 19:54:02'),(3995,3995,128,0,'Db2',0.5,'2017-05-25 19:54:02','2017-05-25 19:54:02'),(3996,3998,117,0,'B1',0.5,'2017-05-25 19:54:02','2017-05-25 19:54:02'),(3997,3997,21,0,'F1',1,'2017-05-25 19:54:02','2017-05-25 19:54:02'),(3998,3996,219,0,'D2',0.25,'2017-05-25 19:54:02','2017-05-25 19:54:02'),(3999,4000,80,0,'G2',1,'2017-05-25 19:54:02','2017-05-25 19:54:02'),(4000,3999,263,0,'A4',0.5,'2017-05-25 19:54:02','2017-05-25 19:54:02'),(4001,4001,208,0,'A#2',0.25,'2017-05-25 19:54:02','2017-05-25 19:54:02'),(4002,4003,5,0,'B1',1,'2017-05-25 19:54:02','2017-05-25 19:54:02'),(4003,4002,260,0,'F#5',0.5,'2017-05-25 19:54:02','2017-05-25 19:54:02'),(4004,4005,242,0,'Gb1',0.25,'2017-05-25 19:54:02','2017-05-25 19:54:02'),(4005,4004,200,0,'D#2',0.25,'2017-05-25 19:54:02','2017-05-25 19:54:02'),(4006,4006,18,0,'Ab1',1,'2017-05-25 19:54:02','2017-05-25 19:54:02'),(4007,4007,155,0,'D2',0.5,'2017-05-25 19:54:02','2017-05-25 19:54:02'),(4008,4008,78,0,'C#2',1,'2017-05-25 19:54:02','2017-05-25 19:54:02'),(4009,4009,189,0,'E2',0.25,'2017-05-25 19:54:02','2017-05-25 19:54:02'),(4010,4010,195,0,'Gb2',0.25,'2017-05-25 19:54:02','2017-05-25 19:54:02'),(4011,4011,144,0,'D2',0.5,'2017-05-25 19:54:02','2017-05-25 19:54:02'),(4012,4014,29,0,'A1',1,'2017-05-25 19:54:02','2017-05-25 19:54:02'),(4013,4013,70,0,'Gb2',1,'2017-05-25 19:54:02','2017-05-25 19:54:02'),(4014,4012,235,0,'B1',0.25,'2017-05-25 19:54:02','2017-05-25 19:54:02'),(4015,4015,136,0,'G2',0.5,'2017-05-25 19:54:02','2017-05-25 19:54:02'),(4016,4016,182,0,'Ab1',0.25,'2017-05-25 19:54:03','2017-05-25 19:54:03'),(4017,4017,185,0,'G#1',0.25,'2017-05-25 19:54:03','2017-05-25 19:54:03'),(4018,4018,56,0,'B2',1,'2017-05-25 19:54:03','2017-05-25 19:54:03'),(4019,4019,125,0,'E2',0.5,'2017-05-25 19:54:03','2017-05-25 19:54:03'),(4020,4020,250,0,'A#1',0.25,'2017-05-25 19:54:03','2017-05-25 19:54:03'),(4021,4021,82,0,'Db2',1,'2017-05-25 19:54:03','2017-05-25 19:54:03'),(4022,4022,15,0,'B1',1,'2017-05-25 19:54:03','2017-05-25 19:54:03'),(4023,4024,169,0,'D2',0.25,'2017-05-25 19:54:03','2017-05-25 19:54:03'),(4024,4023,246,0,'D#2',0.25,'2017-05-25 19:54:03','2017-05-25 19:54:03'),(4025,4025,121,0,'G#1',0.5,'2017-05-25 19:54:03','2017-05-25 19:54:03'),(4026,4026,118,0,'B1',0.5,'2017-05-25 19:54:03','2017-05-25 19:54:03'),(4027,4027,220,0,'Db2',0.25,'2017-05-25 19:54:03','2017-05-25 19:54:03'),(4028,4028,26,0,'B2',1,'2017-05-25 19:54:03','2017-05-25 19:54:03'),(4029,4029,45,0,'A#1',1,'2017-05-25 19:54:03','2017-05-25 19:54:03'),(4030,4030,193,0,'A1',0.25,'2017-05-25 19:54:03','2017-05-25 19:54:03'),(4031,4031,37,0,'D#2',1,'2017-05-25 19:54:03','2017-05-25 19:54:03'),(4032,4032,105,0,'D2',0.5,'2017-05-25 19:54:03','2017-05-25 19:54:03'),(4033,4033,75,0,'F#2',1,'2017-05-25 19:54:03','2017-05-25 19:54:03'),(4034,4035,22,0,'F1',1,'2017-05-25 19:54:03','2017-05-25 19:54:03'),(4035,4034,237,0,'Eb1',0.25,'2017-05-25 19:54:03','2017-05-25 19:54:03'),(4036,4037,156,0,'F2',0.5,'2017-05-25 19:54:03','2017-05-25 19:54:03'),(4037,4036,190,0,'E2',0.25,'2017-05-25 19:54:03','2017-05-25 19:54:03'),(4038,4038,90,0,'F2',1,'2017-05-25 19:54:03','2017-05-25 19:54:03'),(4039,4039,129,0,'Db2',0.5,'2017-05-25 19:54:03','2017-05-25 19:54:03'),(4040,4040,261,0,'F#4',0.5,'2017-05-25 19:54:03','2017-05-25 19:54:03'),(4041,4041,6,0,'B1',1,'2017-05-25 19:54:03','2017-05-25 19:54:03'),(4042,4042,86,0,'A#2',1,'2017-05-25 19:54:03','2017-05-25 19:54:03'),(4043,4043,186,0,'G#1',0.25,'2017-05-25 19:54:03','2017-05-25 19:54:03'),(4044,4046,256,0,'Bb1',0.25,'2017-05-25 19:54:03','2017-05-25 19:54:03'),(4045,4044,126,0,'E2',0.5,'2017-05-25 19:54:03','2017-05-25 19:54:03'),(4046,4045,19,0,'Ab1',1,'2017-05-25 19:54:03','2017-05-25 19:54:03'),(4047,4047,209,0,'A#2',0.25,'2017-05-25 19:54:03','2017-05-25 19:54:03'),(4048,4048,30,0,'A1',1,'2017-05-25 19:54:03','2017-05-25 19:54:03'),(4049,4049,201,0,'D#2',0.25,'2017-05-25 19:54:04','2017-05-25 19:54:04'),(4050,4050,179,0,'B2',0.25,'2017-05-25 19:54:04','2017-05-25 19:54:04'),(4051,4051,170,0,'D2',0.25,'2017-05-25 19:54:04','2017-05-25 19:54:04'),(4052,4052,122,0,'G#1',0.5,'2017-05-25 19:54:04','2017-05-25 19:54:04'),(4053,4053,241,0,'B2',0.25,'2017-05-25 19:54:04','2017-05-25 19:54:04'),(4054,4054,77,0,'B2',1,'2017-05-25 19:54:04','2017-05-25 19:54:04'),(4055,4055,57,0,'Db2',1,'2017-05-25 19:54:04','2017-05-25 19:54:04'),(4056,4056,145,0,'D2',0.5,'2017-05-25 19:54:04','2017-05-25 19:54:04'),(4057,4057,194,0,'A1',0.25,'2017-05-25 19:54:04','2017-05-25 19:54:04'),(4058,4058,115,0,'D#2',0.5,'2017-05-25 19:54:04','2017-05-25 19:54:04'),(4059,4059,137,0,'G2',0.5,'2017-05-25 19:54:04','2017-05-25 19:54:04'),(4060,4060,106,0,'D2',0.5,'2017-05-25 19:54:04','2017-05-25 19:54:04'),(4061,4061,239,0,'F1',0.25,'2017-05-25 19:54:04','2017-05-25 19:54:04'),(4062,4063,183,0,'Ab1',0.25,'2017-05-25 19:54:04','2017-05-25 19:54:04'),(4063,4062,27,0,'B2',1,'2017-05-25 19:54:04','2017-05-25 19:54:04'),(4064,4064,96,0,'F2',1,'2017-05-25 19:54:04','2017-05-25 19:54:04'),(4065,4065,46,0,'A#1',1,'2017-05-25 19:54:04','2017-05-25 19:54:04'),(4066,4066,130,0,'Db2',0.5,'2017-05-25 19:54:04','2017-05-25 19:54:04'),(4067,4068,16,0,'B1',1,'2017-05-25 19:54:04','2017-05-25 19:54:04'),(4068,4067,38,0,'D#2',1,'2017-05-25 19:54:04','2017-05-25 19:54:04'),(4069,4069,231,0,'B1',0.25,'2017-05-25 19:54:04','2017-05-25 19:54:04'),(4070,4070,23,0,'F1',1,'2017-05-25 19:54:04','2017-05-25 19:54:04'),(4071,4072,81,0,'G2',1,'2017-05-25 19:54:04','2017-05-25 19:54:04'),(4072,4073,221,0,'Db2',0.25,'2017-05-25 19:54:04','2017-05-25 19:54:04'),(4073,4071,119,0,'B1',0.5,'2017-05-25 19:54:04','2017-05-25 19:54:04'),(4074,4074,210,0,'A#2',0.25,'2017-05-25 19:54:04','2017-05-25 19:54:04'),(4075,4075,262,0,'Db4',0.5,'2017-05-25 19:54:04','2017-05-25 19:54:04'),(4076,4077,202,0,'D#2',0.25,'2017-05-25 19:54:04','2017-05-25 19:54:04'),(4077,4076,180,0,'C#2',0.25,'2017-05-25 19:54:04','2017-05-25 19:54:04'),(4078,4078,7,0,'B1',1,'2017-05-25 19:54:04','2017-05-25 19:54:04'),(4079,4079,191,0,'E2',0.25,'2017-05-25 19:54:04','2017-05-25 19:54:04'),(4080,4080,79,0,'C#2',1,'2017-05-25 19:54:04','2017-05-25 19:54:04'),(4081,4081,157,0,'F2',0.5,'2017-05-25 19:54:04','2017-05-25 19:54:04'),(4082,4082,146,0,'D2',0.5,'2017-05-25 19:54:04','2017-05-25 19:54:04'),(4083,4083,20,0,'Ab1',1,'2017-05-25 19:54:04','2017-05-25 19:54:04'),(4084,4084,243,0,'Gb1',0.25,'2017-05-25 19:54:05','2017-05-25 19:54:05'),(4085,4085,138,0,'G2',0.5,'2017-05-25 19:54:05','2017-05-25 19:54:05'),(4086,4086,116,0,'C#2',0.5,'2017-05-25 19:54:05','2017-05-25 19:54:05'),(4087,4087,127,0,'E2',0.5,'2017-05-25 19:54:05','2017-05-25 19:54:05'),(4088,4088,71,0,'Gb2',1,'2017-05-25 19:54:05','2017-05-25 19:54:05'),(4089,4089,187,0,'G#1',0.25,'2017-05-25 19:54:05','2017-05-25 19:54:05'),(4090,4091,267,0,'F4',0.5,'2017-05-25 19:54:05','2017-05-25 19:54:05'),(4091,4090,58,0,'Db2',1,'2017-05-25 19:54:05','2017-05-25 19:54:05'),(4092,4092,184,0,'Ab1',0.25,'2017-05-25 19:54:05','2017-05-25 19:54:05'),(4093,4093,31,0,'A1',1,'2017-05-25 19:54:05','2017-05-25 19:54:05'),(4094,4094,247,0,'D#2',0.25,'2017-05-25 19:54:05','2017-05-25 19:54:05'),(4095,4095,171,0,'D2',0.25,'2017-05-25 19:54:05','2017-05-25 19:54:05'),(4096,4096,236,0,'A#1',0.25,'2017-05-25 19:54:05','2017-05-25 19:54:05'),(4097,4097,123,0,'G#1',0.5,'2017-05-25 19:54:05','2017-05-25 19:54:05'),(4098,4098,28,0,'B2',1,'2017-05-25 19:54:05','2017-05-25 19:54:05'),(4099,4100,222,0,'Db2',0.25,'2017-05-25 19:54:05','2017-05-25 19:54:05'),(4100,4099,251,0,'A#1',0.25,'2017-05-25 19:54:05','2017-05-25 19:54:05'),(4101,4101,120,0,'B1',0.5,'2017-05-25 19:54:05','2017-05-25 19:54:05'),(4102,4104,107,0,'D2',0.5,'2017-05-25 19:54:05','2017-05-25 19:54:05'),(4103,4102,83,0,'Db2',1,'2017-05-25 19:54:05','2017-05-25 19:54:05'),(4104,4103,39,0,'D#2',1,'2017-05-25 19:54:05','2017-05-25 19:54:05'),(4105,4105,17,0,'A#1',1,'2017-05-25 19:54:05','2017-05-25 19:54:05'),(4106,4106,24,0,'F1',1,'2017-05-25 19:54:05','2017-05-25 19:54:05'),(4107,4109,47,0,'A#1',1,'2017-05-25 19:54:05','2017-05-25 19:54:05'),(4108,4108,158,0,'F2',0.5,'2017-05-25 19:54:05','2017-05-25 19:54:05'),(4109,4107,192,0,'E2',0.25,'2017-05-25 19:54:05','2017-05-25 19:54:05'),(4110,4110,238,0,'Eb1',0.25,'2017-05-25 19:54:05','2017-05-25 19:54:05'),(4111,4111,263,0,'Db4',0.5,'2017-05-25 19:54:06','2017-05-25 19:54:06'),(4112,4114,188,0,'G1',0.25,'2017-05-25 19:54:06','2017-05-25 19:54:06'),(4113,4112,87,0,'A#2',1,'2017-05-25 19:54:06','2017-05-25 19:54:06'),(4114,4113,76,0,'F#2',1,'2017-05-25 19:54:06','2017-05-25 19:54:06'),(4115,4115,8,0,'B1',1,'2017-05-25 19:54:06','2017-05-25 19:54:06'),(4116,4118,257,0,'Bb1',0.25,'2017-05-25 19:54:06','2017-05-25 19:54:06'),(4117,4117,91,0,'F2',1,'2017-05-25 19:54:06','2017-05-25 19:54:06'),(4118,4119,21,0,'Ab1',1,'2017-05-25 19:54:06','2017-05-25 19:54:06'),(4119,4116,128,0,'E2',0.5,'2017-05-25 19:54:06','2017-05-25 19:54:06'),(4120,4120,203,0,'D#2',0.25,'2017-05-25 19:54:06','2017-05-25 19:54:06'),(4121,4124,172,0,'C2',0.25,'2017-05-25 19:54:06','2017-05-25 19:54:06'),(4122,4121,181,0,'C#2',0.25,'2017-05-25 19:54:06','2017-05-25 19:54:06'),(4123,4122,124,0,'B1',0.5,'2017-05-25 19:54:06','2017-05-25 19:54:06'),(4124,4123,195,0,'A1',0.25,'2017-05-25 19:54:06','2017-05-25 19:54:06'),(4125,4125,78,0,'B2',1,'2017-05-25 19:54:06','2017-05-25 19:54:06'),(4126,4128,59,0,'Db2',1,'2017-05-25 19:54:06','2017-05-25 19:54:06'),(4127,4127,264,0,'F4',0.5,'2017-05-25 19:54:06','2017-05-25 19:54:06'),(4128,4126,242,0,'B2',0.25,'2017-05-25 19:54:06','2017-05-25 19:54:06'),(4129,4129,117,0,'C#2',0.5,'2017-05-25 19:54:06','2017-05-25 19:54:06'),(4130,4131,139,0,'G2',0.5,'2017-05-25 19:54:06','2017-05-25 19:54:06'),(4131,4130,240,0,'E1',0.25,'2017-05-25 19:54:06','2017-05-25 19:54:06'),(4132,4133,131,0,'Db2',0.5,'2017-05-25 19:54:06','2017-05-25 19:54:06'),(4133,4132,108,0,'Eb2',0.5,'2017-05-25 19:54:06','2017-05-25 19:54:06'),(4134,4134,185,0,'Ab1',0.25,'2017-05-25 19:54:06','2017-05-25 19:54:06'),(4135,4135,211,0,'A#2',0.25,'2017-05-25 19:54:06','2017-05-25 19:54:06'),(4136,4136,29,0,'B2',1,'2017-05-25 19:54:06','2017-05-25 19:54:06'),(4137,4137,97,0,'F2',1,'2017-05-25 19:54:06','2017-05-25 19:54:06'),(4138,4138,18,0,'A#1',1,'2017-05-25 19:54:06','2017-05-25 19:54:06'),(4139,4139,25,0,'G1',1,'2017-05-25 19:54:06','2017-05-25 19:54:06'),(4140,4140,32,0,'A1',1,'2017-05-25 19:54:06','2017-05-25 19:54:06'),(4141,4141,40,0,'D#2',1,'2017-05-25 19:54:06','2017-05-25 19:54:06'),(4142,4142,232,0,'C1',0.25,'2017-05-25 19:54:06','2017-05-25 19:54:06'),(4143,4144,82,0,'G2',1,'2017-05-25 19:54:07','2017-05-25 19:54:07'),(4144,4143,147,0,'D2',0.5,'2017-05-25 19:54:07','2017-05-25 19:54:07'),(4145,4146,121,0,'B1',0.5,'2017-05-25 19:54:07','2017-05-25 19:54:07'),(4146,4145,223,0,'Db2',0.25,'2017-05-25 19:54:07','2017-05-25 19:54:07'),(4147,4149,204,0,'D#2',0.25,'2017-05-25 19:54:07','2017-05-25 19:54:07'),(4148,4150,182,0,'C#2',0.25,'2017-05-25 19:54:07','2017-05-25 19:54:07'),(4149,4148,196,0,'G#1',0.25,'2017-05-25 19:54:07','2017-05-25 19:54:07'),(4150,4147,80,0,'B2',1,'2017-05-25 19:54:07','2017-05-25 19:54:07'),(4151,4151,9,0,'C1',1,'2017-05-25 19:54:07','2017-05-25 19:54:07'),(4152,4154,48,0,'A#1',1,'2017-05-25 19:54:07','2017-05-25 19:54:07'),(4153,4152,193,0,'E2',0.25,'2017-05-25 19:54:07','2017-05-25 19:54:07'),(4154,4153,159,0,'F2',0.5,'2017-05-25 19:54:07','2017-05-25 19:54:07'),(4155,4155,22,0,'Ab1',1,'2017-05-25 19:54:07','2017-05-25 19:54:07'),(4156,4158,132,0,'C2',0.5,'2017-05-25 19:54:07','2017-05-25 19:54:07'),(4157,4157,140,0,'G2',0.5,'2017-05-25 19:54:07','2017-05-25 19:54:07'),(4158,4160,72,0,'G2',1,'2017-05-25 19:54:07','2017-05-25 19:54:07'),(4159,4156,189,0,'G1',0.25,'2017-05-25 19:54:07','2017-05-25 19:54:07'),(4160,4159,118,0,'C#2',0.5,'2017-05-25 19:54:07','2017-05-25 19:54:07'),(4161,4163,129,0,'E2',0.5,'2017-05-25 19:54:07','2017-05-25 19:54:07'),(4162,4161,212,0,'C2',0.25,'2017-05-25 19:54:07','2017-05-25 19:54:07'),(4163,4162,60,0,'Db2',1,'2017-05-25 19:54:07','2017-05-25 19:54:07'),(4164,4164,186,0,'Ab1',0.25,'2017-05-25 19:54:07','2017-05-25 19:54:07'),(4165,4166,173,0,'C2',0.25,'2017-05-25 19:54:07','2017-05-25 19:54:07'),(4166,4165,237,0,'A#1',0.25,'2017-05-25 19:54:07','2017-05-25 19:54:07'),(4167,4167,248,0,'D#2',0.25,'2017-05-25 19:54:07','2017-05-25 19:54:07'),(4168,4169,244,0,'G#1',0.25,'2017-05-25 19:54:07','2017-05-25 19:54:07'),(4169,4168,125,0,'B1',0.5,'2017-05-25 19:54:07','2017-05-25 19:54:07'),(4170,4170,30,0,'B2',1,'2017-05-25 19:54:07','2017-05-25 19:54:07'),(4171,4171,224,0,'D2',0.25,'2017-05-25 19:54:07','2017-05-25 19:54:07'),(4172,4173,122,0,'B1',0.5,'2017-05-25 19:54:07','2017-05-25 19:54:07'),(4173,4172,148,0,'C2',0.5,'2017-05-25 19:54:07','2017-05-25 19:54:07'),(4174,4174,109,0,'Eb2',0.5,'2017-05-25 19:54:08','2017-05-25 19:54:08'),(4175,4175,19,0,'A#1',1,'2017-05-25 19:54:08','2017-05-25 19:54:08'),(4176,4176,33,0,'G#1',1,'2017-05-25 19:54:08','2017-05-25 19:54:08'),(4177,4177,26,0,'G1',1,'2017-05-25 19:54:08','2017-05-25 19:54:08'),(4178,4178,41,0,'D#2',1,'2017-05-25 19:54:08','2017-05-25 19:54:08'),(4179,4179,160,0,'D2',0.5,'2017-05-25 19:54:08','2017-05-25 19:54:08'),(4180,4180,194,0,'E2',0.25,'2017-05-25 19:54:08','2017-05-25 19:54:08'),(4181,4181,252,0,'A1',0.25,'2017-05-25 19:54:08','2017-05-25 19:54:08'),(4182,4182,239,0,'Eb1',0.25,'2017-05-25 19:54:08','2017-05-25 19:54:08'),(4183,4183,10,0,'C1',1,'2017-05-25 19:54:08','2017-05-25 19:54:08'),(4184,4186,84,0,'D#2',1,'2017-05-25 19:54:08','2017-05-25 19:54:08'),(4185,4185,190,0,'G1',0.25,'2017-05-25 19:54:08','2017-05-25 19:54:08'),(4186,4187,88,0,'A#2',1,'2017-05-25 19:54:08','2017-05-25 19:54:08'),(4187,4184,77,0,'F#2',1,'2017-05-25 19:54:08','2017-05-25 19:54:08'),(4188,4189,258,0,'Bb1',0.25,'2017-05-25 19:54:08','2017-05-25 19:54:08'),(4189,4188,49,0,'A1',1,'2017-05-25 19:54:08','2017-05-25 19:54:08'),(4190,4190,130,0,'E2',0.5,'2017-05-25 19:54:08','2017-05-25 19:54:08'),(4191,4192,174,0,'C2',0.25,'2017-05-25 19:54:08','2017-05-25 19:54:08'),(4192,4191,23,0,'Ab1',1,'2017-05-25 19:54:08','2017-05-25 19:54:08'),(4193,4193,197,0,'G#1',0.25,'2017-05-25 19:54:08','2017-05-25 19:54:08'),(4194,4194,126,0,'B1',0.5,'2017-05-25 19:54:08','2017-05-25 19:54:08'),(4195,4195,205,0,'D#2',0.25,'2017-05-25 19:54:08','2017-05-25 19:54:08'),(4196,4196,183,0,'C#2',0.25,'2017-05-25 19:54:08','2017-05-25 19:54:08'),(4197,4197,92,0,'F2',1,'2017-05-25 19:54:08','2017-05-25 19:54:08'),(4198,4198,61,0,'Bb2',1,'2017-05-25 19:54:08','2017-05-25 19:54:08'),(4199,4199,262,0,'G4',0.5,'2017-05-25 19:54:08','2017-05-25 19:54:08'),(4200,4200,110,0,'Eb2',0.5,'2017-05-25 19:54:08','2017-05-25 19:54:08'),(4201,4201,79,0,'B2',1,'2017-05-25 19:54:08','2017-05-25 19:54:08'),(4202,4202,141,0,'G2',0.5,'2017-05-25 19:54:09','2017-05-25 19:54:09'),(4203,4205,241,0,'E1',0.25,'2017-05-25 19:54:09','2017-05-25 19:54:09'),(4204,4203,133,0,'C2',0.5,'2017-05-25 19:54:09','2017-05-25 19:54:09'),(4205,4204,119,0,'C#2',0.5,'2017-05-25 19:54:09','2017-05-25 19:54:09'),(4206,4206,243,0,'B2',0.25,'2017-05-25 19:54:09','2017-05-25 19:54:09'),(4207,4207,213,0,'C2',0.25,'2017-05-25 19:54:09','2017-05-25 19:54:09'),(4208,4208,98,0,'G2',1,'2017-05-25 19:54:09','2017-05-25 19:54:09'),(4209,4209,187,0,'Ab1',0.25,'2017-05-25 19:54:09','2017-05-25 19:54:09'),(4210,4210,233,0,'C1',0.25,'2017-05-25 19:54:09','2017-05-25 19:54:09'),(4211,4213,34,0,'G#1',1,'2017-05-25 19:54:09','2017-05-25 19:54:09'),(4212,4212,20,0,'A#1',1,'2017-05-25 19:54:09','2017-05-25 19:54:09'),(4213,4211,27,0,'G1',1,'2017-05-25 19:54:09','2017-05-25 19:54:09'),(4214,4214,42,0,'D#2',1,'2017-05-25 19:54:09','2017-05-25 19:54:09'),(4215,4215,225,0,'D2',0.25,'2017-05-25 19:54:09','2017-05-25 19:54:09'),(4216,4216,149,0,'C2',0.5,'2017-05-25 19:54:09','2017-05-25 19:54:09'),(4217,4217,31,0,'B2',1,'2017-05-25 19:54:09','2017-05-25 19:54:09'),(4218,4219,11,0,'C1',1,'2017-05-25 19:54:09','2017-05-25 19:54:09'),(4219,4218,123,0,'B1',0.5,'2017-05-25 19:54:09','2017-05-25 19:54:09'),(4220,4220,206,0,'D#2',0.25,'2017-05-25 19:54:09','2017-05-25 19:54:09'),(4221,4221,198,0,'G#1',0.25,'2017-05-25 19:54:09','2017-05-25 19:54:09'),(4222,4222,184,0,'C#2',0.25,'2017-05-25 19:54:09','2017-05-25 19:54:09'),(4223,4223,161,0,'D2',0.5,'2017-05-25 19:54:09','2017-05-25 19:54:09'),(4224,4225,50,0,'A1',1,'2017-05-25 19:54:09','2017-05-25 19:54:09'),(4225,4224,81,0,'B2',1,'2017-05-25 19:54:09','2017-05-25 19:54:09'),(4226,4226,83,0,'G2',1,'2017-05-25 19:54:09','2017-05-25 19:54:09'),(4227,4227,24,0,'Ab1',1,'2017-05-25 19:54:09','2017-05-25 19:54:09'),(4228,4228,73,0,'G2',1,'2017-05-25 19:54:09','2017-05-25 19:54:09'),(4229,4229,134,0,'C2',0.5,'2017-05-25 19:54:09','2017-05-25 19:54:09'),(4230,4230,142,0,'G2',0.5,'2017-05-25 19:54:09','2017-05-25 19:54:09'),(4231,4232,120,0,'C#2',0.5,'2017-05-25 19:54:10','2017-05-25 19:54:10'),(4232,4231,62,0,'Bb2',1,'2017-05-25 19:54:10','2017-05-25 19:54:10'),(4233,4233,191,0,'G1',0.25,'2017-05-25 19:54:10','2017-05-25 19:54:10'),(4234,4234,214,0,'C2',0.25,'2017-05-25 19:54:10','2017-05-25 19:54:10'),(4235,4235,263,0,'G4',0.5,'2017-05-25 19:54:10','2017-05-25 19:54:10'),(4236,4236,188,0,'A1',0.25,'2017-05-25 19:54:10','2017-05-25 19:54:10'),(4237,4237,175,0,'C2',0.25,'2017-05-25 19:54:10','2017-05-25 19:54:10'),(4238,4238,245,0,'G#1',0.25,'2017-05-25 19:54:10','2017-05-25 19:54:10'),(4239,4240,238,0,'A#1',0.25,'2017-05-25 19:54:10','2017-05-25 19:54:10'),(4240,4241,226,0,'D2',0.25,'2017-05-25 19:54:10','2017-05-25 19:54:10'),(4241,4239,249,0,'D#2',0.25,'2017-05-25 19:54:10','2017-05-25 19:54:10'),(4242,4242,127,0,'B1',0.5,'2017-05-25 19:54:10','2017-05-25 19:54:10'),(4243,4243,150,0,'C2',0.5,'2017-05-25 19:54:10','2017-05-25 19:54:10'),(4244,4245,195,0,'E2',0.25,'2017-05-25 19:54:10','2017-05-25 19:54:10'),(4245,4244,124,0,'A1',0.5,'2017-05-25 19:54:10','2017-05-25 19:54:10'),(4246,4246,111,0,'Eb2',0.5,'2017-05-25 19:54:10','2017-05-25 19:54:10'),(4247,4247,35,0,'G#1',1,'2017-05-25 19:54:10','2017-05-25 19:54:10'),(4248,4248,21,0,'A#1',1,'2017-05-25 19:54:10','2017-05-25 19:54:10'),(4249,4249,43,0,'D#2',1,'2017-05-25 19:54:10','2017-05-25 19:54:10'),(4250,4250,162,0,'D2',0.5,'2017-05-25 19:54:10','2017-05-25 19:54:10'),(4251,4251,28,0,'G1',1,'2017-05-25 19:54:10','2017-05-25 19:54:10'),(4252,4252,253,0,'A1',0.25,'2017-05-25 19:54:10','2017-05-25 19:54:10'),(4253,4253,240,0,'E1',0.25,'2017-05-25 19:54:10','2017-05-25 19:54:10'),(4254,4254,12,0,'C1',1,'2017-05-25 19:54:10','2017-05-25 19:54:10'),(4255,4255,78,0,'F#2',1,'2017-05-25 19:54:10','2017-05-25 19:54:10'),(4256,4256,89,0,'A#2',1,'2017-05-25 19:54:10','2017-05-25 19:54:10'),(4257,4257,85,0,'D#2',1,'2017-05-25 19:54:10','2017-05-25 19:54:10'),(4258,4258,266,0,'G4',0.5,'2017-05-25 19:54:10','2017-05-25 19:54:10'),(4259,4259,192,0,'G1',0.25,'2017-05-25 19:54:10','2017-05-25 19:54:10'),(4260,4260,51,0,'A1',1,'2017-05-25 19:54:10','2017-05-25 19:54:10'),(4261,4261,25,0,'E1',1,'2017-05-25 19:54:10','2017-05-25 19:54:10'),(4262,4262,176,0,'C2',0.25,'2017-05-25 19:54:11','2017-05-25 19:54:11'),(4263,4263,185,0,'C#2',0.25,'2017-05-25 19:54:11','2017-05-25 19:54:11'),(4264,4264,207,0,'D#2',0.25,'2017-05-25 19:54:11','2017-05-25 19:54:11'),(4265,4265,199,0,'G#1',0.25,'2017-05-25 19:54:11','2017-05-25 19:54:11'),(4266,4268,63,0,'Bb2',1,'2017-05-25 19:54:11','2017-05-25 19:54:11'),(4267,4266,93,0,'F2',1,'2017-05-25 19:54:11','2017-05-25 19:54:11'),(4268,4267,128,0,'B1',0.5,'2017-05-25 19:54:11','2017-05-25 19:54:11'),(4269,4269,80,0,'C2',1,'2017-05-25 19:54:11','2017-05-25 19:54:11'),(4270,4270,112,0,'Eb2',0.5,'2017-05-25 19:54:11','2017-05-25 19:54:11'),(4271,4271,143,0,'G2',0.5,'2017-05-25 19:54:11','2017-05-25 19:54:11'),(4272,4272,121,0,'C#2',0.5,'2017-05-25 19:54:11','2017-05-25 19:54:11'),(4273,4273,215,0,'C2',0.25,'2017-05-25 19:54:11','2017-05-25 19:54:11'),(4274,4275,189,0,'A1',0.25,'2017-05-25 19:54:11','2017-05-25 19:54:11'),(4275,4277,135,0,'C2',0.5,'2017-05-25 19:54:11','2017-05-25 19:54:11'),(4276,4274,67,0,'G2',1,'2017-05-25 19:54:11','2017-05-25 19:54:11'),(4277,4276,242,0,'E1',0.25,'2017-05-25 19:54:11','2017-05-25 19:54:11'),(4278,4278,234,0,'C1',0.25,'2017-05-25 19:54:11','2017-05-25 19:54:11'),(4279,4279,44,0,'D#2',1,'2017-05-25 19:54:11','2017-05-25 19:54:11'),(4280,4280,22,0,'A#1',1,'2017-05-25 19:54:11','2017-05-25 19:54:11'),(4281,4281,125,0,'A1',0.5,'2017-05-25 19:54:11','2017-05-25 19:54:11'),(4282,4282,151,0,'C2',0.5,'2017-05-25 19:54:11','2017-05-25 19:54:11'),(4283,4284,265,0,'G4',0.5,'2017-05-25 19:54:11','2017-05-25 19:54:11'),(4284,4285,29,0,'G1',1,'2017-05-25 19:54:11','2017-05-25 19:54:11'),(4285,4283,36,0,'G#1',1,'2017-05-25 19:54:11','2017-05-25 19:54:11'),(4286,4286,13,0,'C1',1,'2017-05-25 19:54:11','2017-05-25 19:54:11'),(4287,4288,208,0,'D#2',0.25,'2017-05-25 19:54:12','2017-05-25 19:54:12'),(4288,4289,26,0,'E1',1,'2017-05-25 19:54:12','2017-05-25 19:54:12'),(4289,4287,186,0,'C#2',0.25,'2017-05-25 19:54:12','2017-05-25 19:54:12'),(4290,4290,52,0,'A1',1,'2017-05-25 19:54:12','2017-05-25 19:54:12'),(4291,4291,82,0,'B2',1,'2017-05-25 19:54:12','2017-05-25 19:54:12'),(4292,4292,200,0,'G#1',0.25,'2017-05-25 19:54:12','2017-05-25 19:54:12'),(4293,4293,74,0,'G2',1,'2017-05-25 19:54:12','2017-05-25 19:54:12'),(4294,4294,144,0,'G2',0.5,'2017-05-25 19:54:12','2017-05-25 19:54:12'),(4295,4295,122,0,'C#2',0.5,'2017-05-25 19:54:12','2017-05-25 19:54:12'),(4296,4297,216,0,'C2',0.25,'2017-05-25 19:54:12','2017-05-25 19:54:12'),(4297,4296,190,0,'A1',0.25,'2017-05-25 19:54:12','2017-05-25 19:54:12'),(4298,4298,193,0,'G1',0.25,'2017-05-25 19:54:12','2017-05-25 19:54:12'),(4299,4300,177,0,'C2',0.25,'2017-05-25 19:54:12','2017-05-25 19:54:12'),(4300,4299,136,0,'C2',0.5,'2017-05-25 19:54:12','2017-05-25 19:54:12'),(4301,4301,250,0,'D#2',0.25,'2017-05-25 19:54:12','2017-05-25 19:54:12'),(4302,4302,239,0,'A#1',0.25,'2017-05-25 19:54:12','2017-05-25 19:54:12'),(4303,4303,152,0,'C2',0.5,'2017-05-25 19:54:12','2017-05-25 19:54:12'),(4304,4305,126,0,'A1',0.5,'2017-05-25 19:54:12','2017-05-25 19:54:12'),(4305,4304,129,0,'B1',0.5,'2017-05-25 19:54:12','2017-05-25 19:54:12'),(4306,4306,113,0,'Eb2',0.5,'2017-05-25 19:54:12','2017-05-25 19:54:12'),(4307,4307,246,0,'G#1',0.25,'2017-05-25 19:54:12','2017-05-25 19:54:12'),(4308,4308,45,0,'D#2',1,'2017-05-25 19:54:12','2017-05-25 19:54:12'),(4309,4309,23,0,'A#1',1,'2017-05-25 19:54:12','2017-05-25 19:54:12'),(4310,4310,254,0,'A1',0.25,'2017-05-25 19:54:12','2017-05-25 19:54:12'),(4311,4311,30,0,'G1',1,'2017-05-25 19:54:12','2017-05-25 19:54:12'),(4312,4312,241,0,'E1',0.25,'2017-05-25 19:54:12','2017-05-25 19:54:12'),(4313,4313,37,0,'G#1',1,'2017-05-25 19:54:12','2017-05-25 19:54:12'),(4314,4314,14,0,'C1',1,'2017-05-25 19:54:12','2017-05-25 19:54:12'),(4315,4315,90,0,'A#2',1,'2017-05-25 19:54:12','2017-05-25 19:54:12'),(4316,4316,79,0,'F#2',1,'2017-05-25 19:54:12','2017-05-25 19:54:12'),(4317,4317,27,0,'E1',1,'2017-05-25 19:54:12','2017-05-25 19:54:12'),(4318,4318,194,0,'G1',0.25,'2017-05-25 19:54:12','2017-05-25 19:54:12'),(4319,4319,53,0,'A1',1,'2017-05-25 19:54:12','2017-05-25 19:54:12'),(4320,4320,86,0,'D#2',1,'2017-05-25 19:54:13','2017-05-25 19:54:13'),(4321,4321,178,0,'C2',0.25,'2017-05-25 19:54:13','2017-05-25 19:54:13'),(4322,4322,209,0,'D#2',0.25,'2017-05-25 19:54:13','2017-05-25 19:54:13'),(4323,4323,81,0,'C2',1,'2017-05-25 19:54:13','2017-05-25 19:54:13'),(4324,4325,130,0,'B1',0.5,'2017-05-25 19:54:13','2017-05-25 19:54:13'),(4325,4326,94,0,'F2',1,'2017-05-25 19:54:13','2017-05-25 19:54:13'),(4326,4324,187,0,'C#2',0.25,'2017-05-25 19:54:13','2017-05-25 19:54:13'),(4327,4327,201,0,'G#1',0.25,'2017-05-25 19:54:13','2017-05-25 19:54:13'),(4328,4328,114,0,'Eb2',0.5,'2017-05-25 19:54:13','2017-05-25 19:54:13'),(4329,4329,145,0,'G2',0.5,'2017-05-25 19:54:13','2017-05-25 19:54:13'),(4330,4330,191,0,'A1',0.25,'2017-05-25 19:54:13','2017-05-25 19:54:13'),(4331,4331,217,0,'C2',0.25,'2017-05-25 19:54:13','2017-05-25 19:54:13'),(4332,4332,123,0,'C#2',0.5,'2017-05-25 19:54:13','2017-05-25 19:54:13'),(4333,4333,262,0,'B4',0.5,'2017-05-25 19:54:13','2017-05-25 19:54:13'),(4334,4334,137,0,'C2',0.5,'2017-05-25 19:54:13','2017-05-25 19:54:13'),(4335,4335,260,0,'G5',0.5,'2017-05-25 19:54:13','2017-05-25 19:54:13'),(4336,4336,46,0,'D#2',1,'2017-05-25 19:54:13','2017-05-25 19:54:13'),(4337,4337,127,0,'A1',0.5,'2017-05-25 19:54:13','2017-05-25 19:54:13'),(4338,4338,153,0,'C2',0.5,'2017-05-25 19:54:13','2017-05-25 19:54:13'),(4339,4339,24,0,'A#1',1,'2017-05-25 19:54:13','2017-05-25 19:54:13'),(4340,4340,243,0,'E1',0.25,'2017-05-25 19:54:13','2017-05-25 19:54:13'),(4341,4341,38,0,'G#1',1,'2017-05-25 19:54:13','2017-05-25 19:54:13'),(4342,4342,235,0,'C1',0.25,'2017-05-25 19:54:13','2017-05-25 19:54:13'),(4343,4343,210,0,'D#2',0.25,'2017-05-25 19:54:13','2017-05-25 19:54:13'),(4344,4344,28,0,'E1',1,'2017-05-25 19:54:13','2017-05-25 19:54:13'),(4345,4345,31,0,'G1',1,'2017-05-25 19:54:13','2017-05-25 19:54:13'),(4346,4346,188,0,'C2',0.25,'2017-05-25 19:54:13','2017-05-25 19:54:13'),(4347,4349,54,0,'A1',1,'2017-05-25 19:54:13','2017-05-25 19:54:13'),(4348,4347,15,0,'C1',1,'2017-05-25 19:54:13','2017-05-25 19:54:13'),(4349,4348,202,0,'G#1',0.25,'2017-05-25 19:54:13','2017-05-25 19:54:13'),(4350,4350,146,0,'G2',0.5,'2017-05-25 19:54:14','2017-05-25 19:54:14'),(4351,4351,192,0,'A1',0.25,'2017-05-25 19:54:14','2017-05-25 19:54:14'),(4352,4352,83,0,'B2',1,'2017-05-25 19:54:14','2017-05-25 19:54:14'),(4353,4353,124,0,'E2',0.5,'2017-05-25 19:54:14','2017-05-25 19:54:14'),(4354,4356,75,0,'G2',1,'2017-05-25 19:54:14','2017-05-25 19:54:14'),(4355,4354,138,0,'C2',0.5,'2017-05-25 19:54:14','2017-05-25 19:54:14'),(4356,4355,218,0,'C2',0.25,'2017-05-25 19:54:14','2017-05-25 19:54:14'),(4357,4358,263,0,'B4',0.5,'2017-05-25 19:54:14','2017-05-25 19:54:14'),(4358,4357,267,0,'A#4',0.5,'2017-05-25 19:54:14','2017-05-25 19:54:14'),(4359,4360,240,0,'A1',0.25,'2017-05-25 19:54:14','2017-05-25 19:54:14'),(4360,4359,128,0,'A1',0.5,'2017-05-25 19:54:14','2017-05-25 19:54:14'),(4361,4361,247,0,'G#1',0.25,'2017-05-25 19:54:14','2017-05-25 19:54:14'),(4362,4362,261,0,'G4',0.5,'2017-05-25 19:54:14','2017-05-25 19:54:14'),(4363,4363,154,0,'C2',0.5,'2017-05-25 19:54:14','2017-05-25 19:54:14'),(4364,4365,25,0,'C1',1,'2017-05-25 19:54:14','2017-05-25 19:54:14'),(4365,4366,251,0,'D#2',0.25,'2017-05-25 19:54:14','2017-05-25 19:54:14'),(4366,4364,195,0,'G1',0.25,'2017-05-25 19:54:14','2017-05-25 19:54:14'),(4367,4367,242,0,'E1',0.25,'2017-05-25 19:54:14','2017-05-25 19:54:14'),(4368,4368,39,0,'G#1',1,'2017-05-25 19:54:14','2017-05-25 19:54:14'),(4369,4369,255,0,'A1',0.25,'2017-05-25 19:54:14','2017-05-25 19:54:14'),(4370,4370,179,0,'C2',0.25,'2017-05-25 19:54:14','2017-05-25 19:54:14'),(4371,4371,80,0,'E2',1,'2017-05-25 19:54:14','2017-05-25 19:54:14'),(4372,4372,29,0,'E1',1,'2017-05-25 19:54:14','2017-05-25 19:54:14'),(4373,4373,47,0,'D#2',1,'2017-05-25 19:54:14','2017-05-25 19:54:14'),(4374,4374,131,0,'B1',0.5,'2017-05-25 19:54:14','2017-05-25 19:54:14'),(4375,4377,87,0,'D#2',1,'2017-05-25 19:54:14','2017-05-25 19:54:14'),(4376,4376,115,0,'Eb2',0.5,'2017-05-25 19:54:14','2017-05-25 19:54:14'),(4377,4375,55,0,'A1',1,'2017-05-25 19:54:14','2017-05-25 19:54:14'),(4378,4379,91,0,'A#2',1,'2017-05-25 19:54:15','2017-05-25 19:54:15'),(4379,4378,189,0,'C2',0.25,'2017-05-25 19:54:15','2017-05-25 19:54:15'),(4380,4380,82,0,'C2',1,'2017-05-25 19:54:15','2017-05-25 19:54:15'),(4381,4381,32,0,'G1',1,'2017-05-25 19:54:15','2017-05-25 19:54:15'),(4382,4382,203,0,'G#1',0.25,'2017-05-25 19:54:15','2017-05-25 19:54:15'),(4383,4384,16,0,'C1',1,'2017-05-25 19:54:15','2017-05-25 19:54:15'),(4384,4383,95,0,'F2',1,'2017-05-25 19:54:15','2017-05-25 19:54:15'),(4385,4385,125,0,'E2',0.5,'2017-05-25 19:54:15','2017-05-25 19:54:15'),(4386,4386,196,0,'F#1',0.25,'2017-05-25 19:54:15','2017-05-25 19:54:15'),(4387,4388,193,0,'A1',0.25,'2017-05-25 19:54:15','2017-05-25 19:54:15'),(4388,4387,264,0,'A#4',0.5,'2017-05-25 19:54:15','2017-05-25 19:54:15'),(4389,4389,139,0,'C2',0.5,'2017-05-25 19:54:15','2017-05-25 19:54:15'),(4390,4391,219,0,'C2',0.25,'2017-05-25 19:54:15','2017-05-25 19:54:15'),(4391,4390,180,0,'Db2',0.25,'2017-05-25 19:54:15','2017-05-25 19:54:15'),(4392,4393,132,0,'A#1',0.5,'2017-05-25 19:54:15','2017-05-25 19:54:15'),(4393,4394,129,0,'A1',0.5,'2017-05-25 19:54:15','2017-05-25 19:54:15'),(4394,4392,26,0,'C1',1,'2017-05-25 19:54:15','2017-05-25 19:54:15'),(4395,4395,211,0,'D#2',0.25,'2017-05-25 19:54:15','2017-05-25 19:54:15'),(4396,4396,40,0,'G#1',1,'2017-05-25 19:54:15','2017-05-25 19:54:15'),(4397,4397,155,0,'C2',0.5,'2017-05-25 19:54:15','2017-05-25 19:54:15'),(4398,4398,116,0,'E2',0.5,'2017-05-25 19:54:15','2017-05-25 19:54:15'),(4399,4399,30,0,'E1',1,'2017-05-25 19:54:15','2017-05-25 19:54:15'),(4400,4401,147,0,'G2',0.5,'2017-05-25 19:54:15','2017-05-25 19:54:15'),(4401,4400,244,0,'F#1',0.25,'2017-05-25 19:54:15','2017-05-25 19:54:15'),(4402,4402,190,0,'C2',0.25,'2017-05-25 19:54:15','2017-05-25 19:54:15'),(4403,4405,236,0,'Ab1',0.25,'2017-05-25 19:54:15','2017-05-25 19:54:15'),(4404,4403,204,0,'G#1',0.25,'2017-05-25 19:54:15','2017-05-25 19:54:15'),(4405,4404,56,0,'A1',1,'2017-05-25 19:54:15','2017-05-25 19:54:15'),(4406,4407,194,0,'A1',0.25,'2017-05-25 19:54:16','2017-05-25 19:54:16'),(4407,4406,48,0,'D#2',1,'2017-05-25 19:54:16','2017-05-25 19:54:16'),(4408,4408,33,0,'F#1',1,'2017-05-25 19:54:16','2017-05-25 19:54:16'),(4409,4409,126,0,'E2',0.5,'2017-05-25 19:54:16','2017-05-25 19:54:16'),(4410,4411,17,0,'Db1',1,'2017-05-25 19:54:16','2017-05-25 19:54:16'),(4411,4410,140,0,'C2',0.5,'2017-05-25 19:54:16','2017-05-25 19:54:16'),(4412,4412,220,0,'B2',0.25,'2017-05-25 19:54:16','2017-05-25 19:54:16'),(4413,4413,212,0,'F2',0.25,'2017-05-25 19:54:16','2017-05-25 19:54:16'),(4414,4414,130,0,'A1',0.5,'2017-05-25 19:54:16','2017-05-25 19:54:16'),(4415,4415,84,0,'C#2',1,'2017-05-25 19:54:16','2017-05-25 19:54:16'),(4416,4416,241,0,'A1',0.25,'2017-05-25 19:54:16','2017-05-25 19:54:16'),(4417,4417,76,0,'E2',1,'2017-05-25 19:54:16','2017-05-25 19:54:16'),(4418,4418,248,0,'G#1',0.25,'2017-05-25 19:54:16','2017-05-25 19:54:16'),(4419,4419,156,0,'Eb2',0.5,'2017-05-25 19:54:16','2017-05-25 19:54:16'),(4420,4421,262,0,'C4',0.5,'2017-05-25 19:54:16','2017-05-25 19:54:16'),(4421,4420,148,0,'F2',0.5,'2017-05-25 19:54:16','2017-05-25 19:54:16'),(4422,4423,197,0,'F#1',0.25,'2017-05-25 19:54:16','2017-05-25 19:54:16'),(4423,4422,27,0,'C1',1,'2017-05-25 19:54:16','2017-05-25 19:54:16'),(4424,4424,181,0,'Db2',0.25,'2017-05-25 19:54:16','2017-05-25 19:54:16'),(4425,4425,41,0,'G#1',1,'2017-05-25 19:54:16','2017-05-25 19:54:16'),(4426,4426,256,0,'Ab1',0.25,'2017-05-25 19:54:16','2017-05-25 19:54:16'),(4427,4427,133,0,'A#1',0.5,'2017-05-25 19:54:16','2017-05-25 19:54:16'),(4428,4428,81,0,'E2',1,'2017-05-25 19:54:16','2017-05-25 19:54:16'),(4429,4429,252,0,'D2',0.25,'2017-05-25 19:54:16','2017-05-25 19:54:16'),(4430,4430,243,0,'E1',0.25,'2017-05-25 19:54:16','2017-05-25 19:54:16'),(4431,4431,88,0,'D#2',1,'2017-05-25 19:54:16','2017-05-25 19:54:16'),(4432,4432,117,0,'E2',0.5,'2017-05-25 19:54:16','2017-05-25 19:54:16'),(4433,4433,57,0,'B1',1,'2017-05-25 19:54:16','2017-05-25 19:54:16'),(4434,4434,34,0,'F#1',1,'2017-05-25 19:54:16','2017-05-25 19:54:16'),(4435,4435,191,0,'C2',0.25,'2017-05-25 19:54:16','2017-05-25 19:54:16'),(4436,4436,49,0,'D2',1,'2017-05-25 19:54:16','2017-05-25 19:54:16'),(4437,4437,31,0,'E1',1,'2017-05-25 19:54:17','2017-05-25 19:54:17'),(4438,4438,18,0,'Db1',1,'2017-05-25 19:54:17','2017-05-25 19:54:17'),(4439,4439,205,0,'G#1',0.25,'2017-05-25 19:54:17','2017-05-25 19:54:17'),(4440,4440,96,0,'Eb2',1,'2017-05-25 19:54:17','2017-05-25 19:54:17'),(4441,4442,92,0,'A#2',1,'2017-05-25 19:54:17','2017-05-25 19:54:17'),(4442,4441,198,0,'F#1',0.25,'2017-05-25 19:54:17','2017-05-25 19:54:17'),(4443,4443,127,0,'E2',0.5,'2017-05-25 19:54:17','2017-05-25 19:54:17'),(4444,4444,182,0,'Db2',0.25,'2017-05-25 19:54:17','2017-05-25 19:54:17'),(4445,4446,141,0,'C2',0.5,'2017-05-25 19:54:17','2017-05-25 19:54:17'),(4446,4445,83,0,'C2',1,'2017-05-25 19:54:17','2017-05-25 19:54:17'),(4447,4447,221,0,'B2',0.25,'2017-05-25 19:54:17','2017-05-25 19:54:17'),(4448,4448,28,0,'C1',1,'2017-05-25 19:54:17','2017-05-25 19:54:17'),(4449,4450,134,0,'A#1',0.5,'2017-05-25 19:54:17','2017-05-25 19:54:17'),(4450,4449,213,0,'F2',0.25,'2017-05-25 19:54:17','2017-05-25 19:54:17'),(4451,4451,118,0,'E2',0.5,'2017-05-25 19:54:17','2017-05-25 19:54:17'),(4452,4452,263,0,'C4',0.5,'2017-05-25 19:54:17','2017-05-25 19:54:17'),(4453,4453,42,0,'G#1',1,'2017-05-25 19:54:17','2017-05-25 19:54:17'),(4454,4454,157,0,'Eb2',0.5,'2017-05-25 19:54:17','2017-05-25 19:54:17'),(4455,4456,192,0,'C2',0.25,'2017-05-25 19:54:17','2017-05-25 19:54:17'),(4456,4457,245,0,'F#1',0.25,'2017-05-25 19:54:17','2017-05-25 19:54:17'),(4457,4455,149,0,'F2',0.5,'2017-05-25 19:54:17','2017-05-25 19:54:17'),(4458,4458,237,0,'Ab1',0.25,'2017-05-25 19:54:17','2017-05-25 19:54:17'),(4459,4459,206,0,'G#1',0.25,'2017-05-25 19:54:17','2017-05-25 19:54:17'),(4460,4460,195,0,'A1',0.25,'2017-05-25 19:54:17','2017-05-25 19:54:17'),(4461,4461,58,0,'B1',1,'2017-05-25 19:54:17','2017-05-25 19:54:17'),(4462,4463,50,0,'D2',1,'2017-05-25 19:54:17','2017-05-25 19:54:17'),(4463,4464,35,0,'F#1',1,'2017-05-25 19:54:17','2017-05-25 19:54:17'),(4464,4462,128,0,'E2',0.5,'2017-05-25 19:54:17','2017-05-25 19:54:17'),(4465,4466,142,0,'C2',0.5,'2017-05-25 19:54:17','2017-05-25 19:54:17'),(4466,4465,19,0,'Db1',1,'2017-05-25 19:54:17','2017-05-25 19:54:17'),(4467,4467,222,0,'B2',0.25,'2017-05-25 19:54:18','2017-05-25 19:54:18'),(4468,4470,242,0,'A1',0.25,'2017-05-25 19:54:18','2017-05-25 19:54:18'),(4469,4469,85,0,'C#2',1,'2017-05-25 19:54:18','2017-05-25 19:54:18'),(4470,4468,214,0,'F2',0.25,'2017-05-25 19:54:18','2017-05-25 19:54:18'),(4471,4471,249,0,'G#1',0.25,'2017-05-25 19:54:18','2017-05-25 19:54:18'),(4472,4472,77,0,'E2',1,'2017-05-25 19:54:18','2017-05-25 19:54:18'),(4473,4473,158,0,'Eb2',0.5,'2017-05-25 19:54:18','2017-05-25 19:54:18'),(4474,4474,150,0,'F2',0.5,'2017-05-25 19:54:18','2017-05-25 19:54:18'),(4475,4476,29,0,'C1',1,'2017-05-25 19:54:18','2017-05-25 19:54:18'),(4476,4475,199,0,'F#1',0.25,'2017-05-25 19:54:18','2017-05-25 19:54:18'),(4477,4477,43,0,'G#1',1,'2017-05-25 19:54:18','2017-05-25 19:54:18'),(4478,4478,183,0,'Db2',0.25,'2017-05-25 19:54:18','2017-05-25 19:54:18'),(4479,4479,257,0,'Ab1',0.25,'2017-05-25 19:54:18','2017-05-25 19:54:18'),(4480,4481,82,0,'E2',1,'2017-05-25 19:54:18','2017-05-25 19:54:18'),(4481,4480,135,0,'A#1',0.5,'2017-05-25 19:54:18','2017-05-25 19:54:18'),(4482,4482,253,0,'D2',0.25,'2017-05-25 19:54:18','2017-05-25 19:54:18'),(4483,4483,119,0,'E2',0.5,'2017-05-25 19:54:18','2017-05-25 19:54:18'),(4484,4484,89,0,'D#2',1,'2017-05-25 19:54:18','2017-05-25 19:54:18'),(4485,4485,59,0,'B1',1,'2017-05-25 19:54:18','2017-05-25 19:54:18'),(4486,4486,36,0,'F#1',1,'2017-05-25 19:54:18','2017-05-25 19:54:18'),(4487,4487,51,0,'D2',1,'2017-05-25 19:54:18','2017-05-25 19:54:18'),(4488,4488,193,0,'C2',0.25,'2017-05-25 19:54:18','2017-05-25 19:54:18'),(4489,4489,20,0,'Db1',1,'2017-05-25 19:54:18','2017-05-25 19:54:18'),(4490,4490,207,0,'G#1',0.25,'2017-05-25 19:54:18','2017-05-25 19:54:18'),(4491,4491,97,0,'Eb2',1,'2017-05-25 19:54:18','2017-05-25 19:54:18'),(4492,4492,200,0,'F#1',0.25,'2017-05-25 19:54:18','2017-05-25 19:54:18'),(4493,4493,129,0,'E2',0.5,'2017-05-25 19:54:18','2017-05-25 19:54:18'),(4494,4494,93,0,'A#2',1,'2017-05-25 19:54:18','2017-05-25 19:54:18'),(4495,4495,184,0,'Db2',0.25,'2017-05-25 19:54:19','2017-05-25 19:54:19'),(4496,4496,143,0,'C2',0.5,'2017-05-25 19:54:19','2017-05-25 19:54:19'),(4497,4497,223,0,'B2',0.25,'2017-05-25 19:54:19','2017-05-25 19:54:19'),(4498,4499,215,0,'F2',0.25,'2017-05-25 19:54:19','2017-05-25 19:54:19'),(4499,4498,30,0,'C1',1,'2017-05-25 19:54:19','2017-05-25 19:54:19'),(4500,4500,136,0,'A#1',0.5,'2017-05-25 19:54:19','2017-05-25 19:54:19'),(4501,4501,120,0,'E2',0.5,'2017-05-25 19:54:19','2017-05-25 19:54:19'),(4502,4502,44,0,'G#1',1,'2017-05-25 19:54:19','2017-05-25 19:54:19'),(4503,4503,159,0,'Eb2',0.5,'2017-05-25 19:54:19','2017-05-25 19:54:19'),(4504,4504,246,0,'F#1',0.25,'2017-05-25 19:54:19','2017-05-25 19:54:19'),(4505,4506,194,0,'C2',0.25,'2017-05-25 19:54:19','2017-05-25 19:54:19'),(4506,4505,151,0,'F2',0.5,'2017-05-25 19:54:19','2017-05-25 19:54:19'),(4507,4507,238,0,'Ab1',0.25,'2017-05-25 19:54:19','2017-05-25 19:54:19'),(4508,4508,208,0,'G#1',0.25,'2017-05-25 19:54:19','2017-05-25 19:54:19'),(4509,4509,60,0,'B1',1,'2017-05-25 19:54:19','2017-05-25 19:54:19'),(4510,4510,37,0,'F#1',1,'2017-05-25 19:54:19','2017-05-25 19:54:19'),(4511,4511,130,0,'E2',0.5,'2017-05-25 19:54:19','2017-05-25 19:54:19'),(4512,4513,144,0,'C2',0.5,'2017-05-25 19:54:19','2017-05-25 19:54:19'),(4513,4515,21,0,'Db1',1,'2017-05-25 19:54:19','2017-05-25 19:54:19'),(4514,4512,52,0,'D2',1,'2017-05-25 19:54:19','2017-05-25 19:54:19'),(4515,4514,224,0,'C2',0.25,'2017-05-25 19:54:19','2017-05-25 19:54:19'),(4516,4516,86,0,'C#2',1,'2017-05-25 19:54:19','2017-05-25 19:54:19'),(4517,4517,262,0,'E4',0.5,'2017-05-25 19:54:19','2017-05-25 19:54:19'),(4518,4518,250,0,'G#1',0.25,'2017-05-25 19:54:19','2017-05-25 19:54:19'),(4519,4519,216,0,'F2',0.25,'2017-05-25 19:54:19','2017-05-25 19:54:19'),(4520,4520,78,0,'E2',1,'2017-05-25 19:54:19','2017-05-25 19:54:19'),(4521,4521,160,0,'C2',0.5,'2017-05-25 19:54:19','2017-05-25 19:54:19'),(4522,4522,201,0,'F#1',0.25,'2017-05-25 19:54:20','2017-05-25 19:54:20'),(4523,4523,243,0,'A1',0.25,'2017-05-25 19:54:20','2017-05-25 19:54:20'),(4524,4526,45,0,'G#1',1,'2017-05-25 19:54:20','2017-05-25 19:54:20'),(4525,4525,152,0,'F2',0.5,'2017-05-25 19:54:20','2017-05-25 19:54:20'),(4526,4524,185,0,'Db2',0.25,'2017-05-25 19:54:20','2017-05-25 19:54:20'),(4527,4527,258,0,'Ab1',0.25,'2017-05-25 19:54:20','2017-05-25 19:54:20'),(4528,4528,137,0,'A#1',0.5,'2017-05-25 19:54:20','2017-05-25 19:54:20'),(4529,4529,31,0,'C1',1,'2017-05-25 19:54:20','2017-05-25 19:54:20'),(4530,4530,254,0,'D2',0.25,'2017-05-25 19:54:20','2017-05-25 19:54:20'),(4531,4532,90,0,'D#2',1,'2017-05-25 19:54:20','2017-05-25 19:54:20'),(4532,4533,121,0,'E2',0.5,'2017-05-25 19:54:20','2017-05-25 19:54:20'),(4533,4531,61,0,'Ab1',1,'2017-05-25 19:54:20','2017-05-25 19:54:20'),(4534,4534,38,0,'F#1',1,'2017-05-25 19:54:20','2017-05-25 19:54:20'),(4535,4535,83,0,'E2',1,'2017-05-25 19:54:20','2017-05-25 19:54:20'),(4536,4536,209,0,'G#1',0.25,'2017-05-25 19:54:20','2017-05-25 19:54:20'),(4537,4537,53,0,'D2',1,'2017-05-25 19:54:20','2017-05-25 19:54:20'),(4538,4538,98,0,'F2',1,'2017-05-25 19:54:20','2017-05-25 19:54:20'),(4539,4539,22,0,'Db1',1,'2017-05-25 19:54:20','2017-05-25 19:54:20'),(4540,4541,202,0,'F#1',0.25,'2017-05-25 19:54:21','2017-05-25 19:54:21'),(4541,4540,263,0,'E4',0.5,'2017-05-25 19:54:21','2017-05-25 19:54:21'),(4542,4543,94,0,'A#2',1,'2017-05-25 19:54:21','2017-05-25 19:54:21'),(4543,4542,145,0,'C2',0.5,'2017-05-25 19:54:21','2017-05-25 19:54:21'),(4544,4544,186,0,'Db2',0.25,'2017-05-25 19:54:21','2017-05-25 19:54:21'),(4545,4545,225,0,'C2',0.25,'2017-05-25 19:54:21','2017-05-25 19:54:21'),(4546,4546,138,0,'A#1',0.5,'2017-05-25 19:54:21','2017-05-25 19:54:21'),(4547,4547,195,0,'C2',0.25,'2017-05-25 19:54:21','2017-05-25 19:54:21'),(4548,4549,161,0,'C2',0.5,'2017-05-25 19:54:21','2017-05-25 19:54:21'),(4549,4551,217,0,'F2',0.25,'2017-05-25 19:54:21','2017-05-25 19:54:21'),(4550,4550,122,0,'E2',0.5,'2017-05-25 19:54:21','2017-05-25 19:54:21'),(4551,4548,46,0,'G#1',1,'2017-05-25 19:54:21','2017-05-25 19:54:21'),(4552,4552,247,0,'F#1',0.25,'2017-05-25 19:54:21','2017-05-25 19:54:21'),(4553,4553,131,0,'E2',0.5,'2017-05-25 19:54:21','2017-05-25 19:54:21'),(4554,4556,239,0,'Ab1',0.25,'2017-05-25 19:54:21','2017-05-25 19:54:21'),(4555,4555,153,0,'F2',0.5,'2017-05-25 19:54:21','2017-05-25 19:54:21'),(4556,4554,210,0,'G#1',0.25,'2017-05-25 19:54:21','2017-05-25 19:54:21'),(4557,4557,62,0,'Ab1',1,'2017-05-25 19:54:21','2017-05-25 19:54:21'),(4558,4558,39,0,'F#1',1,'2017-05-25 19:54:21','2017-05-25 19:54:21'),(4559,4559,32,0,'C1',1,'2017-05-25 19:54:21','2017-05-25 19:54:21'),(4560,4560,54,0,'D2',1,'2017-05-25 19:54:21','2017-05-25 19:54:21'),(4561,4562,146,0,'C2',0.5,'2017-05-25 19:54:21','2017-05-25 19:54:21'),(4562,4561,23,0,'Db1',1,'2017-05-25 19:54:21','2017-05-25 19:54:21'),(4563,4563,226,0,'C2',0.25,'2017-05-25 19:54:21','2017-05-25 19:54:21'),(4564,4564,87,0,'C#2',1,'2017-05-25 19:54:21','2017-05-25 19:54:21'),(4565,4565,196,0,'B2',0.25,'2017-05-25 19:54:21','2017-05-25 19:54:21'),(4566,4566,218,0,'F2',0.25,'2017-05-25 19:54:22','2017-05-25 19:54:22'),(4567,4567,162,0,'C2',0.5,'2017-05-25 19:54:22','2017-05-25 19:54:22'),(4568,4568,267,0,'D#4',0.5,'2017-05-25 19:54:22','2017-05-25 19:54:22'),(4569,4569,79,0,'E2',1,'2017-05-25 19:54:22','2017-05-25 19:54:22'),(4570,4570,132,0,'D#2',0.5,'2017-05-25 19:54:22','2017-05-25 19:54:22'),(4571,4571,203,0,'F#1',0.25,'2017-05-25 19:54:22','2017-05-25 19:54:22'),(4572,4573,266,0,'F4',0.5,'2017-05-25 19:54:22','2017-05-25 19:54:22'),(4573,4572,154,0,'F2',0.5,'2017-05-25 19:54:22','2017-05-25 19:54:22'),(4574,4575,187,0,'Db2',0.25,'2017-05-25 19:54:22','2017-05-25 19:54:22'),(4575,4574,251,0,'G#1',0.25,'2017-05-25 19:54:22','2017-05-25 19:54:22'),(4576,4576,244,0,'B1',0.25,'2017-05-25 19:54:22','2017-05-25 19:54:22'),(4577,4577,139,0,'A#1',0.5,'2017-05-25 19:54:22','2017-05-25 19:54:22'),(4578,4579,63,0,'Ab1',1,'2017-05-25 19:54:22','2017-05-25 19:54:22'),(4579,4580,47,0,'G#1',1,'2017-05-25 19:54:22','2017-05-25 19:54:22'),(4580,4578,255,0,'D2',0.25,'2017-05-25 19:54:22','2017-05-25 19:54:22'),(4581,4581,123,0,'E2',0.5,'2017-05-25 19:54:22','2017-05-25 19:54:22'),(4582,4582,33,0,'B1',1,'2017-05-25 19:54:22','2017-05-25 19:54:22'),(4583,4583,40,0,'F#1',1,'2017-05-25 19:54:22','2017-05-25 19:54:22'),(4584,4584,91,0,'D#2',1,'2017-05-25 19:54:22','2017-05-25 19:54:22'),(4585,4585,67,0,'F2',1,'2017-05-25 19:54:22','2017-05-25 19:54:22'),(4586,4587,24,0,'Db1',1,'2017-05-25 19:54:22','2017-05-25 19:54:22'),(4587,4586,55,0,'D2',1,'2017-05-25 19:54:22','2017-05-25 19:54:22'),(4588,4588,84,0,'F#2',1,'2017-05-25 19:54:22','2017-05-25 19:54:22'),(4589,4590,204,0,'F#1',0.25,'2017-05-25 19:54:22','2017-05-25 19:54:22'),(4590,4591,265,0,'F4',0.5,'2017-05-25 19:54:22','2017-05-25 19:54:22'),(4591,4589,264,0,'D#4',0.5,'2017-05-25 19:54:22','2017-05-25 19:54:22'),(4592,4592,188,0,'D2',0.25,'2017-05-25 19:54:22','2017-05-25 19:54:22'),(4593,4593,95,0,'A#2',1,'2017-05-25 19:54:22','2017-05-25 19:54:22'),(4594,4594,197,0,'B2',0.25,'2017-05-25 19:54:22','2017-05-25 19:54:22'),(4595,4596,211,0,'G#1',0.25,'2017-05-25 19:54:22','2017-05-25 19:54:22'),(4596,4595,140,0,'A#1',0.5,'2017-05-25 19:54:22','2017-05-25 19:54:22'),(4597,4597,219,0,'F2',0.25,'2017-05-25 19:54:23','2017-05-25 19:54:23'),(4598,4598,124,0,'D2',0.5,'2017-05-25 19:54:23','2017-05-25 19:54:23'),(4599,4599,133,0,'D#2',0.5,'2017-05-25 19:54:23','2017-05-25 19:54:23'),(4600,4600,147,0,'C2',0.5,'2017-05-25 19:54:23','2017-05-25 19:54:23'),(4601,4601,248,0,'F#1',0.25,'2017-05-25 19:54:23','2017-05-25 19:54:23'),(4602,4603,155,0,'F2',0.5,'2017-05-25 19:54:23','2017-05-25 19:54:23'),(4603,4602,240,0,'A1',0.25,'2017-05-25 19:54:23','2017-05-25 19:54:23'),(4604,4604,34,0,'B1',1,'2017-05-25 19:54:23','2017-05-25 19:54:23'),(4605,4606,41,0,'F#1',1,'2017-05-25 19:54:23','2017-05-25 19:54:23'),(4606,4605,48,0,'G#1',1,'2017-05-25 19:54:23','2017-05-25 19:54:23'),(4607,4607,56,0,'D2',1,'2017-05-25 19:54:23','2017-05-25 19:54:23'),(4608,4608,25,0,'A1',1,'2017-05-25 19:54:23','2017-05-25 19:54:23'),(4609,4609,198,0,'B2',0.25,'2017-05-25 19:54:23','2017-05-25 19:54:23'),(4610,4611,212,0,'A#1',0.25,'2017-05-25 19:54:23','2017-05-25 19:54:23'),(4611,4610,88,0,'C#2',1,'2017-05-25 19:54:23','2017-05-25 19:54:23'),(4612,4612,220,0,'E2',0.25,'2017-05-25 19:54:23','2017-05-25 19:54:23'),(4613,4613,80,0,'F2',1,'2017-05-25 19:54:23','2017-05-25 19:54:23'),(4614,4614,134,0,'D#2',0.5,'2017-05-25 19:54:23','2017-05-25 19:54:23'),(4615,4616,205,0,'F#1',0.25,'2017-05-25 19:54:23','2017-05-25 19:54:23'),(4616,4615,148,0,'A#2',0.5,'2017-05-25 19:54:23','2017-05-25 19:54:23'),(4617,4617,156,0,'Ab2',0.5,'2017-05-25 19:54:23','2017-05-25 19:54:23'),(4618,4618,189,0,'D2',0.25,'2017-05-25 19:54:23','2017-05-25 19:54:23'),(4619,4619,245,0,'B1',0.25,'2017-05-25 19:54:23','2017-05-25 19:54:23'),(4620,4620,252,0,'G1',0.25,'2017-05-25 19:54:23','2017-05-25 19:54:23'),(4621,4621,141,0,'A#1',0.5,'2017-05-25 19:54:23','2017-05-25 19:54:23'),(4622,4622,256,0,'Db2',0.25,'2017-05-25 19:54:24','2017-05-25 19:54:24'),(4623,4623,125,0,'D2',0.5,'2017-05-25 19:54:24','2017-05-25 19:54:24'),(4624,4624,35,0,'B1',1,'2017-05-25 19:54:24','2017-05-25 19:54:24'),(4625,4625,42,0,'F#1',1,'2017-05-25 19:54:24','2017-05-25 19:54:24'),(4626,4626,49,0,'G1',1,'2017-05-25 19:54:24','2017-05-25 19:54:24'),(4627,4627,57,0,'E2',1,'2017-05-25 19:54:24','2017-05-25 19:54:24'),(4628,4628,26,0,'A1',1,'2017-05-25 19:54:24','2017-05-25 19:54:24'),(4629,4629,85,0,'F#2',1,'2017-05-25 19:54:24','2017-05-25 19:54:24'),(4630,4630,206,0,'F#1',0.25,'2017-05-25 19:54:24','2017-05-25 19:54:24'),(4631,4631,92,0,'D#2',1,'2017-05-25 19:54:24','2017-05-25 19:54:24'),(4632,4633,96,0,'Ab2',1,'2017-05-25 19:54:24','2017-05-25 19:54:24'),(4633,4632,190,0,'D2',0.25,'2017-05-25 19:54:24','2017-05-25 19:54:24'),(4634,4634,199,0,'B2',0.25,'2017-05-25 19:54:24','2017-05-25 19:54:24'),(4635,4635,213,0,'A#1',0.25,'2017-05-25 19:54:24','2017-05-25 19:54:24'),(4636,4636,142,0,'A#1',0.5,'2017-05-25 19:54:24','2017-05-25 19:54:24'),(4637,4637,126,0,'D2',0.5,'2017-05-25 19:54:24','2017-05-25 19:54:24'),(4638,4638,221,0,'E2',0.25,'2017-05-25 19:54:24','2017-05-25 19:54:24'),(4639,4639,135,0,'D#2',0.5,'2017-05-25 19:54:24','2017-05-25 19:54:24'),(4640,4640,149,0,'A#2',0.5,'2017-05-25 19:54:24','2017-05-25 19:54:24'),(4641,4641,249,0,'F#1',0.25,'2017-05-25 19:54:24','2017-05-25 19:54:24'),(4642,4642,241,0,'A1',0.25,'2017-05-25 19:54:24','2017-05-25 19:54:24'),(4643,4643,157,0,'Ab2',0.5,'2017-05-25 19:54:24','2017-05-25 19:54:24'),(4644,4644,36,0,'B1',1,'2017-05-25 19:54:24','2017-05-25 19:54:24'),(4645,4645,50,0,'G1',1,'2017-05-25 19:54:24','2017-05-25 19:54:24'),(4646,4646,43,0,'F#1',1,'2017-05-25 19:54:24','2017-05-25 19:54:24'),(4647,4648,58,0,'E2',1,'2017-05-25 19:54:24','2017-05-25 19:54:24'),(4648,4647,27,0,'A1',1,'2017-05-25 19:54:24','2017-05-25 19:54:24'),(4649,4649,200,0,'B2',0.25,'2017-05-25 19:54:24','2017-05-25 19:54:24'),(4650,4651,89,0,'C#2',1,'2017-05-25 19:54:24','2017-05-25 19:54:24'),(4651,4650,214,0,'A#1',0.25,'2017-05-25 19:54:24','2017-05-25 19:54:24'),(4652,4652,81,0,'F2',1,'2017-05-25 19:54:24','2017-05-25 19:54:24'),(4653,4653,222,0,'E2',0.25,'2017-05-25 19:54:24','2017-05-25 19:54:24'),(4654,4654,136,0,'D#2',0.5,'2017-05-25 19:54:24','2017-05-25 19:54:24'),(4655,4655,150,0,'A#2',0.5,'2017-05-25 19:54:25','2017-05-25 19:54:25'),(4656,4656,207,0,'F#1',0.25,'2017-05-25 19:54:25','2017-05-25 19:54:25'),(4657,4657,158,0,'Ab2',0.5,'2017-05-25 19:54:25','2017-05-25 19:54:25'),(4658,4658,191,0,'D2',0.25,'2017-05-25 19:54:25','2017-05-25 19:54:25'),(4659,4659,246,0,'B1',0.25,'2017-05-25 19:54:25','2017-05-25 19:54:25'),(4660,4660,143,0,'A#1',0.5,'2017-05-25 19:54:25','2017-05-25 19:54:25'),(4661,4661,253,0,'G1',0.25,'2017-05-25 19:54:25','2017-05-25 19:54:25'),(4662,4662,127,0,'D2',0.5,'2017-05-25 19:54:25','2017-05-25 19:54:25'),(4663,4663,257,0,'Db2',0.25,'2017-05-25 19:54:25','2017-05-25 19:54:25'),(4664,4664,37,0,'B1',1,'2017-05-25 19:54:25','2017-05-25 19:54:25'),(4665,4666,44,0,'F#1',1,'2017-05-25 19:54:25','2017-05-25 19:54:25'),(4666,4665,51,0,'G1',1,'2017-05-25 19:54:25','2017-05-25 19:54:25'),(4667,4667,28,0,'A1',1,'2017-05-25 19:54:25','2017-05-25 19:54:25'),(4668,4668,59,0,'E2',1,'2017-05-25 19:54:25','2017-05-25 19:54:25'),(4669,4669,86,0,'F#2',1,'2017-05-25 19:54:25','2017-05-25 19:54:25'),(4670,4670,208,0,'F#1',0.25,'2017-05-25 19:54:25','2017-05-25 19:54:25'),(4671,4671,93,0,'D#2',1,'2017-05-25 19:54:25','2017-05-25 19:54:25'),(4672,4672,192,0,'D2',0.25,'2017-05-25 19:54:25','2017-05-25 19:54:25'),(4673,4673,97,0,'Ab2',1,'2017-05-25 19:54:25','2017-05-25 19:54:25'),(4674,4674,201,0,'B2',0.25,'2017-05-25 19:54:25','2017-05-25 19:54:25'),(4675,4675,144,0,'A#1',0.5,'2017-05-25 19:54:25','2017-05-25 19:54:25'),(4676,4676,215,0,'A#1',0.25,'2017-05-25 19:54:25','2017-05-25 19:54:25'),(4677,4678,223,0,'E2',0.25,'2017-05-25 19:54:25','2017-05-25 19:54:25'),(4678,4677,128,0,'D2',0.5,'2017-05-25 19:54:25','2017-05-25 19:54:25'),(4679,4679,137,0,'D#2',0.5,'2017-05-25 19:54:25','2017-05-25 19:54:25'),(4680,4681,151,0,'A#2',0.5,'2017-05-25 19:54:25','2017-05-25 19:54:25'),(4681,4680,250,0,'F#1',0.25,'2017-05-25 19:54:25','2017-05-25 19:54:25'),(4682,4683,159,0,'Ab2',0.5,'2017-05-25 19:54:25','2017-05-25 19:54:25'),(4683,4682,242,0,'A1',0.25,'2017-05-25 19:54:25','2017-05-25 19:54:25'),(4684,4684,38,0,'B1',1,'2017-05-25 19:54:25','2017-05-25 19:54:25'),(4685,4685,45,0,'F#1',1,'2017-05-25 19:54:25','2017-05-25 19:54:25'),(4686,4686,52,0,'G1',1,'2017-05-25 19:54:25','2017-05-25 19:54:25'),(4687,4688,29,0,'A1',1,'2017-05-25 19:54:25','2017-05-25 19:54:25'),(4688,4687,60,0,'E2',1,'2017-05-25 19:54:25','2017-05-25 19:54:25'),(4689,4689,202,0,'B2',0.25,'2017-05-25 19:54:25','2017-05-25 19:54:25'),(4690,4691,216,0,'A#1',0.25,'2017-05-25 19:54:26','2017-05-25 19:54:26'),(4691,4690,90,0,'C#2',1,'2017-05-25 19:54:26','2017-05-25 19:54:26'),(4692,4692,224,0,'F2',0.25,'2017-05-25 19:54:26','2017-05-25 19:54:26'),(4693,4693,82,0,'F2',1,'2017-05-25 19:54:26','2017-05-25 19:54:26'),(4694,4694,138,0,'D#2',0.5,'2017-05-25 19:54:26','2017-05-25 19:54:26'),(4695,4695,152,0,'A#2',0.5,'2017-05-25 19:54:26','2017-05-25 19:54:26'),(4696,4696,209,0,'F#1',0.25,'2017-05-25 19:54:26','2017-05-25 19:54:26'),(4697,4697,193,0,'D2',0.25,'2017-05-25 19:54:26','2017-05-25 19:54:26'),(4698,4698,160,0,'F2',0.5,'2017-05-25 19:54:26','2017-05-25 19:54:26'),(4699,4699,247,0,'B1',0.25,'2017-05-25 19:54:26','2017-05-25 19:54:26'),(4700,4701,254,0,'G1',0.25,'2017-05-25 19:54:26','2017-05-25 19:54:26'),(4701,4700,145,0,'A#1',0.5,'2017-05-25 19:54:26','2017-05-25 19:54:26'),(4702,4702,129,0,'D2',0.5,'2017-05-25 19:54:26','2017-05-25 19:54:26'),(4703,4703,258,0,'Db2',0.25,'2017-05-25 19:54:26','2017-05-25 19:54:26'),(4704,4704,39,0,'B1',1,'2017-05-25 19:54:26','2017-05-25 19:54:26'),(4705,4705,46,0,'F#1',1,'2017-05-25 19:54:26','2017-05-25 19:54:26'),(4706,4706,53,0,'G1',1,'2017-05-25 19:54:26','2017-05-25 19:54:26'),(4707,4707,30,0,'A1',1,'2017-05-25 19:54:26','2017-05-25 19:54:26'),(4708,4708,61,0,'Db2',1,'2017-05-25 19:54:26','2017-05-25 19:54:26'),(4709,4709,87,0,'F#2',1,'2017-05-25 19:54:26','2017-05-25 19:54:26'),(4710,4710,210,0,'F#1',0.25,'2017-05-25 19:54:26','2017-05-25 19:54:26'),(4711,4711,94,0,'D#2',1,'2017-05-25 19:54:26','2017-05-25 19:54:26'),(4712,4712,194,0,'D2',0.25,'2017-05-25 19:54:26','2017-05-25 19:54:26'),(4713,4713,98,0,'Bb2',1,'2017-05-25 19:54:26','2017-05-25 19:54:26'),(4714,4714,203,0,'B2',0.25,'2017-05-25 19:54:26','2017-05-25 19:54:26'),(4715,4715,146,0,'A#1',0.5,'2017-05-25 19:54:26','2017-05-25 19:54:26'),(4716,4716,217,0,'A#1',0.25,'2017-05-25 19:54:26','2017-05-25 19:54:26'),(4717,4718,225,0,'F2',0.25,'2017-05-25 19:54:26','2017-05-25 19:54:26'),(4718,4717,130,0,'D2',0.5,'2017-05-25 19:54:26','2017-05-25 19:54:26'),(4719,4719,139,0,'D#2',0.5,'2017-05-25 19:54:26','2017-05-25 19:54:26'),(4720,4720,267,0,'C#4',0.5,'2017-05-25 19:54:26','2017-05-25 19:54:26'),(4721,4721,153,0,'A#2',0.5,'2017-05-25 19:54:26','2017-05-25 19:54:26'),(4722,4723,161,0,'F2',0.5,'2017-05-25 19:54:26','2017-05-25 19:54:26'),(4723,4722,262,0,'F4',0.5,'2017-05-25 19:54:26','2017-05-25 19:54:26'),(4724,4724,40,0,'B1',1,'2017-05-25 19:54:26','2017-05-25 19:54:26'),(4725,4725,251,0,'F#1',0.25,'2017-05-25 19:54:27','2017-05-25 19:54:27'),(4726,4726,54,0,'G1',1,'2017-05-25 19:54:27','2017-05-25 19:54:27'),(4727,4727,243,0,'A1',0.25,'2017-05-25 19:54:27','2017-05-25 19:54:27'),(4728,4728,62,0,'Db2',1,'2017-05-25 19:54:27','2017-05-25 19:54:27'),(4729,4729,204,0,'B2',0.25,'2017-05-25 19:54:27','2017-05-25 19:54:27'),(4730,4730,218,0,'A#1',0.25,'2017-05-25 19:54:27','2017-05-25 19:54:27'),(4731,4731,47,0,'F#1',1,'2017-05-25 19:54:27','2017-05-25 19:54:27'),(4732,4732,31,0,'A1',1,'2017-05-25 19:54:27','2017-05-25 19:54:27'),(4733,4733,226,0,'F2',0.25,'2017-05-25 19:54:27','2017-05-25 19:54:27'),(4734,4734,140,0,'D#2',0.5,'2017-05-25 19:54:27','2017-05-25 19:54:27'),(4735,4735,154,0,'A#2',0.5,'2017-05-25 19:54:27','2017-05-25 19:54:27'),(4736,4736,91,0,'C#2',1,'2017-05-25 19:54:27','2017-05-25 19:54:27'),(4737,4737,83,0,'F2',1,'2017-05-25 19:54:27','2017-05-25 19:54:27'),(4738,4738,162,0,'F2',0.5,'2017-05-25 19:54:27','2017-05-25 19:54:27'),(4739,4739,248,0,'B1',0.25,'2017-05-25 19:54:27','2017-05-25 19:54:27'),(4740,4741,255,0,'G1',0.25,'2017-05-25 19:54:27','2017-05-25 19:54:27'),(4741,4740,264,0,'C#4',0.5,'2017-05-25 19:54:27','2017-05-25 19:54:27'),(4742,4742,266,0,'Bb4',0.5,'2017-05-25 19:54:27','2017-05-25 19:54:27'),(4743,4743,263,0,'F4',0.5,'2017-05-25 19:54:27','2017-05-25 19:54:27'),(4744,4744,41,0,'B1',1,'2017-05-25 19:54:27','2017-05-25 19:54:27'),(4745,4745,55,0,'G1',1,'2017-05-25 19:54:27','2017-05-25 19:54:27'),(4746,4746,211,0,'F#1',0.25,'2017-05-25 19:54:27','2017-05-25 19:54:27'),(4747,4747,63,0,'Db2',1,'2017-05-25 19:54:27','2017-05-25 19:54:27'),(4748,4748,195,0,'D2',0.25,'2017-05-25 19:54:27','2017-05-25 19:54:27'),(4749,4749,88,0,'F#2',1,'2017-05-25 19:54:27','2017-05-25 19:54:27'),(4750,4750,147,0,'A#1',0.5,'2017-05-25 19:54:27','2017-05-25 19:54:27'),(4751,4751,95,0,'D#2',1,'2017-05-25 19:54:27','2017-05-25 19:54:27'),(4752,4752,67,0,'Bb2',1,'2017-05-25 19:54:27','2017-05-25 19:54:27'),(4753,4753,205,0,'B2',0.25,'2017-05-25 19:54:27','2017-05-25 19:54:27'),(4754,4754,48,0,'F#1',1,'2017-05-25 19:54:27','2017-05-25 19:54:27'),(4755,4755,219,0,'A#1',0.25,'2017-05-25 19:54:27','2017-05-25 19:54:27'),(4756,4756,265,0,'Bb4',0.5,'2017-05-25 19:54:27','2017-05-25 19:54:27'),(4757,4757,141,0,'D#2',0.5,'2017-05-25 19:54:27','2017-05-25 19:54:27'),(4758,4758,212,0,'G#1',0.25,'2017-05-25 19:54:27','2017-05-25 19:54:27'),(4759,4759,155,0,'A#2',0.5,'2017-05-25 19:54:27','2017-05-25 19:54:27'),(4760,4760,42,0,'B1',1,'2017-05-25 19:54:28','2017-05-25 19:54:28'),(4761,4761,148,0,'G#1',0.5,'2017-05-25 19:54:28','2017-05-25 19:54:28'),(4762,4762,56,0,'G1',1,'2017-05-25 19:54:28','2017-05-25 19:54:28'),(4763,4763,206,0,'B2',0.25,'2017-05-25 19:54:28','2017-05-25 19:54:28'),(4764,4764,220,0,'A1',0.25,'2017-05-25 19:54:28','2017-05-25 19:54:28'),(4765,4765,252,0,'F1',0.25,'2017-05-25 19:54:28','2017-05-25 19:54:28'),(4766,4766,142,0,'D#2',0.5,'2017-05-25 19:54:28','2017-05-25 19:54:28'),(4767,4767,156,0,'Db2',0.5,'2017-05-25 19:54:28','2017-05-25 19:54:28'),(4768,4768,49,0,'F1',1,'2017-05-25 19:54:28','2017-05-25 19:54:28'),(4769,4769,249,0,'B1',0.25,'2017-05-25 19:54:28','2017-05-25 19:54:28'),(4770,4771,92,0,'C#2',1,'2017-05-25 19:54:28','2017-05-25 19:54:28'),(4771,4770,256,0,'Gb1',0.25,'2017-05-25 19:54:28','2017-05-25 19:54:28'),(4772,4772,43,0,'B1',1,'2017-05-25 19:54:28','2017-05-25 19:54:28'),(4773,4774,57,0,'A1',1,'2017-05-25 19:54:28','2017-05-25 19:54:28'),(4774,4773,213,0,'G#1',0.25,'2017-05-25 19:54:28','2017-05-25 19:54:28'),(4775,4775,89,0,'F#2',1,'2017-05-25 19:54:28','2017-05-25 19:54:28'),(4776,4776,96,0,'Db2',1,'2017-05-25 19:54:28','2017-05-25 19:54:28'),(4777,4777,149,0,'G#1',0.5,'2017-05-25 19:54:28','2017-05-25 19:54:28'),(4778,4778,207,0,'B2',0.25,'2017-05-25 19:54:28','2017-05-25 19:54:28'),(4779,4779,221,0,'A1',0.25,'2017-05-25 19:54:28','2017-05-25 19:54:28'),(4780,4780,50,0,'F1',1,'2017-05-25 19:54:28','2017-05-25 19:54:28'),(4781,4781,143,0,'D#2',0.5,'2017-05-25 19:54:28','2017-05-25 19:54:28'),(4782,4782,157,0,'Db2',0.5,'2017-05-25 19:54:28','2017-05-25 19:54:28'),(4783,4783,214,0,'G#1',0.25,'2017-05-25 19:54:28','2017-05-25 19:54:28'),(4784,4784,44,0,'B1',1,'2017-05-25 19:54:28','2017-05-25 19:54:28'),(4785,4785,150,0,'G#1',0.5,'2017-05-25 19:54:28','2017-05-25 19:54:28'),(4786,4786,58,0,'A1',1,'2017-05-25 19:54:28','2017-05-25 19:54:28'),(4787,4787,208,0,'B2',0.25,'2017-05-25 19:54:28','2017-05-25 19:54:28'),(4788,4788,253,0,'F1',0.25,'2017-05-25 19:54:28','2017-05-25 19:54:28'),(4789,4789,222,0,'A1',0.25,'2017-05-25 19:54:28','2017-05-25 19:54:28'),(4790,4790,144,0,'D#2',0.5,'2017-05-25 19:54:28','2017-05-25 19:54:28'),(4791,4791,51,0,'F1',1,'2017-05-25 19:54:29','2017-05-25 19:54:29'),(4792,4792,158,0,'Db2',0.5,'2017-05-25 19:54:29','2017-05-25 19:54:29'),(4793,4793,250,0,'B1',0.25,'2017-05-25 19:54:29','2017-05-25 19:54:29'),(4794,4794,93,0,'C#2',1,'2017-05-25 19:54:29','2017-05-25 19:54:29'),(4795,4795,257,0,'Gb1',0.25,'2017-05-25 19:54:29','2017-05-25 19:54:29'),(4796,4796,45,0,'B1',1,'2017-05-25 19:54:29','2017-05-25 19:54:29'),(4797,4797,215,0,'G#1',0.25,'2017-05-25 19:54:29','2017-05-25 19:54:29'),(4798,4798,59,0,'A1',1,'2017-05-25 19:54:29','2017-05-25 19:54:29'),(4799,4799,90,0,'F#2',1,'2017-05-25 19:54:29','2017-05-25 19:54:29'),(4800,4800,151,0,'G#1',0.5,'2017-05-25 19:54:29','2017-05-25 19:54:29'),(4801,4801,97,0,'Db2',1,'2017-05-25 19:54:29','2017-05-25 19:54:29'),(4802,4802,209,0,'B2',0.25,'2017-05-25 19:54:29','2017-05-25 19:54:29'),(4803,4803,52,0,'F1',1,'2017-05-25 19:54:29','2017-05-25 19:54:29'),(4804,4804,223,0,'A1',0.25,'2017-05-25 19:54:29','2017-05-25 19:54:29'),(4805,4805,145,0,'D#2',0.5,'2017-05-25 19:54:29','2017-05-25 19:54:29'),(4806,4806,216,0,'G#1',0.25,'2017-05-25 19:54:29','2017-05-25 19:54:29'),(4807,4807,159,0,'Db2',0.5,'2017-05-25 19:54:29','2017-05-25 19:54:29'),(4808,4808,46,0,'B1',1,'2017-05-25 19:54:29','2017-05-25 19:54:29'),(4809,4809,152,0,'G#1',0.5,'2017-05-25 19:54:29','2017-05-25 19:54:29'),(4810,4810,60,0,'A1',1,'2017-05-25 19:54:29','2017-05-25 19:54:29'),(4811,4811,210,0,'B2',0.25,'2017-05-25 19:54:29','2017-05-25 19:54:29'),(4812,4812,254,0,'F1',0.25,'2017-05-25 19:54:29','2017-05-25 19:54:29'),(4813,4813,224,0,'Bb1',0.25,'2017-05-25 19:54:29','2017-05-25 19:54:29'),(4814,4814,146,0,'D#2',0.5,'2017-05-25 19:54:29','2017-05-25 19:54:29'),(4815,4815,53,0,'F1',1,'2017-05-25 19:54:29','2017-05-25 19:54:29'),(4816,4816,160,0,'Bb2',0.5,'2017-05-25 19:54:29','2017-05-25 19:54:29'),(4817,4817,267,0,'F#4',0.5,'2017-05-25 19:54:29','2017-05-25 19:54:29'),(4818,4818,94,0,'C#2',1,'2017-05-25 19:54:29','2017-05-25 19:54:29'),(4819,4819,258,0,'Gb1',0.25,'2017-05-25 19:54:29','2017-05-25 19:54:29'),(4820,4820,251,0,'B1',0.25,'2017-05-25 19:54:29','2017-05-25 19:54:29'),(4821,4821,217,0,'G#1',0.25,'2017-05-25 19:54:29','2017-05-25 19:54:29'),(4822,4822,61,0,'Gb1',1,'2017-05-25 19:54:29','2017-05-25 19:54:29'),(4823,4823,47,0,'B1',1,'2017-05-25 19:54:30','2017-05-25 19:54:30'),(4824,4824,98,0,'Eb2',1,'2017-05-25 19:54:30','2017-05-25 19:54:30'),(4825,4825,153,0,'G#1',0.5,'2017-05-25 19:54:30','2017-05-25 19:54:30'),(4826,4826,91,0,'F#2',1,'2017-05-25 19:54:30','2017-05-25 19:54:30'),(4827,4828,54,0,'F1',1,'2017-05-25 19:54:30','2017-05-25 19:54:30'),(4828,4827,225,0,'Bb1',0.25,'2017-05-25 19:54:30','2017-05-25 19:54:30'),(4829,4829,264,0,'F#4',0.5,'2017-05-25 19:54:30','2017-05-25 19:54:30'),(4830,4830,218,0,'G#1',0.25,'2017-05-25 19:54:30','2017-05-25 19:54:30'),(4831,4831,161,0,'Bb2',0.5,'2017-05-25 19:54:30','2017-05-25 19:54:30'),(4832,4832,211,0,'B2',0.25,'2017-05-25 19:54:30','2017-05-25 19:54:30'),(4833,4834,154,0,'G#1',0.5,'2017-05-25 19:54:30','2017-05-25 19:54:30'),(4834,4833,62,0,'Gb1',1,'2017-05-25 19:54:30','2017-05-25 19:54:30'),(4835,4835,147,0,'D#2',0.5,'2017-05-25 19:54:30','2017-05-25 19:54:30'),(4836,4836,226,0,'Bb1',0.25,'2017-05-25 19:54:30','2017-05-25 19:54:30'),(4837,4837,255,0,'F1',0.25,'2017-05-25 19:54:30','2017-05-25 19:54:30'),(4838,4838,48,0,'B1',1,'2017-05-25 19:54:30','2017-05-25 19:54:30'),(4839,4839,55,0,'F1',1,'2017-05-25 19:54:30','2017-05-25 19:54:30'),(4840,4840,162,0,'Bb2',0.5,'2017-05-25 19:54:30','2017-05-25 19:54:30'),(4841,4841,212,0,'C#2',0.25,'2017-05-25 19:54:30','2017-05-25 19:54:30'),(4842,4842,95,0,'C#2',1,'2017-05-25 19:54:30','2017-05-25 19:54:30'),(4843,4843,266,0,'Eb4',0.5,'2017-05-25 19:54:30','2017-05-25 19:54:30'),(4844,4844,148,0,'C#2',0.5,'2017-05-25 19:54:30','2017-05-25 19:54:30'),(4845,4845,219,0,'G#1',0.25,'2017-05-25 19:54:30','2017-05-25 19:54:30'),(4846,4846,63,0,'Gb1',1,'2017-05-25 19:54:30','2017-05-25 19:54:30'),(4847,4847,252,0,'A#1',0.25,'2017-05-25 19:54:30','2017-05-25 19:54:30'),(4848,4848,155,0,'G#1',0.5,'2017-05-25 19:54:30','2017-05-25 19:54:30'),(4849,4849,67,0,'Eb2',1,'2017-05-25 19:54:30','2017-05-25 19:54:30'),(4850,4850,49,0,'A#1',1,'2017-05-25 19:54:30','2017-05-25 19:54:30'),(4851,4851,56,0,'F1',1,'2017-05-25 19:54:30','2017-05-25 19:54:30'),(4852,4852,265,0,'Eb4',0.5,'2017-05-25 19:54:30','2017-05-25 19:54:30'),(4853,4853,92,0,'F#2',1,'2017-05-25 19:54:30','2017-05-25 19:54:30'),(4854,4854,220,0,'G1',0.25,'2017-05-25 19:54:30','2017-05-25 19:54:30'),(4855,4855,213,0,'C#2',0.25,'2017-05-25 19:54:31','2017-05-25 19:54:31'),(4856,4856,156,0,'B1',0.5,'2017-05-25 19:54:31','2017-05-25 19:54:31'),(4857,4857,149,0,'C#2',0.5,'2017-05-25 19:54:31','2017-05-25 19:54:31'),(4858,4858,256,0,'E1',0.25,'2017-05-25 19:54:31','2017-05-25 19:54:31'),(4859,4859,50,0,'A#1',1,'2017-05-25 19:54:31','2017-05-25 19:54:31'),(4860,4860,57,0,'G1',1,'2017-05-25 19:54:31','2017-05-25 19:54:31'),(4861,4861,214,0,'C#2',0.25,'2017-05-25 19:54:31','2017-05-25 19:54:31'),(4862,4862,96,0,'B2',1,'2017-05-25 19:54:31','2017-05-25 19:54:31'),(4863,4863,150,0,'C#2',0.5,'2017-05-25 19:54:31','2017-05-25 19:54:31'),(4864,4864,221,0,'G1',0.25,'2017-05-25 19:54:31','2017-05-25 19:54:31'),(4865,4865,253,0,'A#1',0.25,'2017-05-25 19:54:31','2017-05-25 19:54:31'),(4866,4866,157,0,'B1',0.5,'2017-05-25 19:54:31','2017-05-25 19:54:31'),(4867,4867,51,0,'A#1',1,'2017-05-25 19:54:31','2017-05-25 19:54:31'),(4868,4868,58,0,'G1',1,'2017-05-25 19:54:31','2017-05-25 19:54:31'),(4869,4869,93,0,'F#2',1,'2017-05-25 19:54:31','2017-05-25 19:54:31'),(4870,4870,222,0,'G1',0.25,'2017-05-25 19:54:31','2017-05-25 19:54:31'),(4871,4871,215,0,'C#2',0.25,'2017-05-25 19:54:31','2017-05-25 19:54:31'),(4872,4872,158,0,'B1',0.5,'2017-05-25 19:54:31','2017-05-25 19:54:31'),(4873,4873,151,0,'C#2',0.5,'2017-05-25 19:54:32','2017-05-25 19:54:32'),(4874,4874,257,0,'E1',0.25,'2017-05-25 19:54:32','2017-05-25 19:54:32'),(4875,4875,52,0,'A#1',1,'2017-05-25 19:54:32','2017-05-25 19:54:32'),(4876,4876,59,0,'G1',1,'2017-05-25 19:54:32','2017-05-25 19:54:32'),(4877,4877,216,0,'C#2',0.25,'2017-05-25 19:54:32','2017-05-25 19:54:32'),(4878,4878,97,0,'B2',1,'2017-05-25 19:54:32','2017-05-25 19:54:32'),(4879,4879,152,0,'C#2',0.5,'2017-05-25 19:54:32','2017-05-25 19:54:32'),(4880,4880,223,0,'G1',0.25,'2017-05-25 19:54:32','2017-05-25 19:54:32'),(4881,4881,254,0,'A#1',0.25,'2017-05-25 19:54:32','2017-05-25 19:54:32'),(4882,4882,159,0,'B1',0.5,'2017-05-25 19:54:32','2017-05-25 19:54:32'),(4883,4883,53,0,'A#1',1,'2017-05-25 19:54:32','2017-05-25 19:54:32'),(4884,4884,60,0,'G1',1,'2017-05-25 19:54:32','2017-05-25 19:54:32'),(4885,4885,94,0,'F#2',1,'2017-05-25 19:54:32','2017-05-25 19:54:32'),(4886,4886,224,0,'Ab1',0.25,'2017-05-25 19:54:32','2017-05-25 19:54:32'),(4887,4887,217,0,'C#2',0.25,'2017-05-25 19:54:32','2017-05-25 19:54:32'),(4888,4888,160,0,'Ab1',0.5,'2017-05-25 19:54:32','2017-05-25 19:54:32'),(4889,4889,153,0,'C#2',0.5,'2017-05-25 19:54:32','2017-05-25 19:54:32'),(4890,4890,258,0,'E1',0.25,'2017-05-25 19:54:32','2017-05-25 19:54:32'),(4891,4891,54,0,'A#1',1,'2017-05-25 19:54:32','2017-05-25 19:54:32'),(4892,4892,61,0,'E1',1,'2017-05-25 19:54:32','2017-05-25 19:54:32'),(4893,4893,218,0,'C#2',0.25,'2017-05-25 19:54:32','2017-05-25 19:54:32'),(4894,4894,98,0,'Db2',1,'2017-05-25 19:54:32','2017-05-25 19:54:32'),(4895,4895,154,0,'C#2',0.5,'2017-05-25 19:54:32','2017-05-25 19:54:32'),(4896,4896,225,0,'Ab1',0.25,'2017-05-25 19:54:32','2017-05-25 19:54:32'),(4897,4897,255,0,'A#1',0.25,'2017-05-25 19:54:32','2017-05-25 19:54:32'),(4898,4898,161,0,'Ab1',0.5,'2017-05-25 19:54:33','2017-05-25 19:54:33'),(4899,4899,55,0,'A#1',1,'2017-05-25 19:54:33','2017-05-25 19:54:33'),(4900,4900,62,0,'E1',1,'2017-05-25 19:54:33','2017-05-25 19:54:33'),(4901,4901,95,0,'F#2',1,'2017-05-25 19:54:33','2017-05-25 19:54:33'),(4902,4902,226,0,'Ab1',0.25,'2017-05-25 19:54:33','2017-05-25 19:54:33'),(4903,4903,219,0,'C#2',0.25,'2017-05-25 19:54:33','2017-05-25 19:54:33'),(4904,4904,162,0,'Ab1',0.5,'2017-05-25 19:54:33','2017-05-25 19:54:33'),(4905,4905,155,0,'C#2',0.5,'2017-05-25 19:54:33','2017-05-25 19:54:33'),(4906,4906,266,0,'Db4',0.5,'2017-05-25 19:54:33','2017-05-25 19:54:33'),(4907,4907,56,0,'A#1',1,'2017-05-25 19:54:33','2017-05-25 19:54:33'),(4908,4908,63,0,'E1',1,'2017-05-25 19:54:33','2017-05-25 19:54:33'),(4909,4909,220,0,'C2',0.25,'2017-05-25 19:54:33','2017-05-25 19:54:33'),(4910,4910,67,0,'Db2',1,'2017-05-25 19:54:33','2017-05-25 19:54:33'),(4911,4911,156,0,'E2',0.5,'2017-05-25 19:54:33','2017-05-25 19:54:33'),(4912,4912,265,0,'Db4',0.5,'2017-05-25 19:54:33','2017-05-25 19:54:33'),(4913,4913,256,0,'A1',0.25,'2017-05-25 19:54:33','2017-05-25 19:54:33'),(4914,4914,57,0,'C1',1,'2017-05-25 19:54:33','2017-05-25 19:54:33'),(4915,4915,96,0,'E2',1,'2017-05-25 19:54:33','2017-05-25 19:54:33'),(4916,4916,221,0,'C2',0.25,'2017-05-25 19:54:33','2017-05-25 19:54:33'),(4917,4917,157,0,'E2',0.5,'2017-05-25 19:54:33','2017-05-25 19:54:33'),(4918,4918,58,0,'C1',1,'2017-05-25 19:54:33','2017-05-25 19:54:33'),(4919,4919,222,0,'C2',0.25,'2017-05-25 19:54:34','2017-05-25 19:54:34'),(4920,4920,158,0,'E2',0.5,'2017-05-25 19:54:34','2017-05-25 19:54:34'),(4921,4921,257,0,'A1',0.25,'2017-05-25 19:54:34','2017-05-25 19:54:34'),(4922,4922,59,0,'C1',1,'2017-05-25 19:54:34','2017-05-25 19:54:34'),(4923,4923,97,0,'E2',1,'2017-05-25 19:54:34','2017-05-25 19:54:34'),(4924,4924,223,0,'C2',0.25,'2017-05-25 19:54:34','2017-05-25 19:54:34'),(4925,4925,159,0,'E2',0.5,'2017-05-25 19:54:34','2017-05-25 19:54:34'),(4926,4926,60,0,'C1',1,'2017-05-25 19:54:34','2017-05-25 19:54:34'),(4927,4927,224,0,'Db2',0.25,'2017-05-25 19:54:34','2017-05-25 19:54:34'),(4928,4928,160,0,'Db2',0.5,'2017-05-25 19:54:34','2017-05-25 19:54:34'),(4929,4929,258,0,'A1',0.25,'2017-05-25 19:54:34','2017-05-25 19:54:34'),(4930,4930,61,0,'A1',1,'2017-05-25 19:54:34','2017-05-25 19:54:34'),(4931,4931,98,0,'Gb2',1,'2017-05-25 19:54:34','2017-05-25 19:54:34'),(4932,4932,225,0,'Db2',0.25,'2017-05-25 19:54:34','2017-05-25 19:54:34'),(4933,4933,161,0,'Db2',0.5,'2017-05-25 19:54:35','2017-05-25 19:54:35'),(4934,4934,62,0,'A1',1,'2017-05-25 19:54:35','2017-05-25 19:54:35'),(4935,4935,226,0,'Db2',0.25,'2017-05-25 19:54:35','2017-05-25 19:54:35'),(4936,4936,162,0,'Db2',0.5,'2017-05-25 19:54:35','2017-05-25 19:54:35'),(4937,4937,266,0,'Gb4',0.5,'2017-05-25 19:54:35','2017-05-25 19:54:35'),(4938,4938,63,0,'A1',1,'2017-05-25 19:54:35','2017-05-25 19:54:35'),(4939,4939,67,0,'Gb2',1,'2017-05-25 19:54:35','2017-05-25 19:54:35'),(4940,4940,265,0,'Gb4',0.5,'2017-05-25 19:54:35','2017-05-25 19:54:35');
/*!40000 ALTER TABLE `point` ENABLE KEYS */;
UNLOCK TABLES;

--
-- Table structure for table `schema_version`
--

DROP TABLE IF EXISTS `schema_version`;
/*!40101 SET @saved_cs_client     = @@character_set_client */;
/*!40101 SET character_set_client = utf8 */;
CREATE TABLE `schema_version` (
  `installed_rank` int(11) NOT NULL,
  `version` varchar(50) DEFAULT NULL,
  `description` varchar(200) NOT NULL,
  `type` varchar(20) NOT NULL,
  `script` varchar(1000) NOT NULL,
  `checksum` int(11) DEFAULT NULL,
  `installed_by` varchar(100) NOT NULL,
  `installed_on` timestamp NOT NULL DEFAULT CURRENT_TIMESTAMP,
  `execution_time` int(11) NOT NULL,
  `success` tinyint(1) NOT NULL,
  PRIMARY KEY (`installed_rank`),
  KEY `schema_version_s_idx` (`success`)
) ENGINE=InnoDB DEFAULT CHARSET=latin1;
/*!40101 SET character_set_client = @saved_cs_client */;

--
-- Dumping data for table `schema_version`
--

LOCK TABLES `schema_version` WRITE;
/*!40000 ALTER TABLE `schema_version` DISABLE KEYS */;
INSERT INTO `schema_version` VALUES (1,'1','user auth','SQL','V1__user_auth.sql',447090788,'ebroot','2017-02-04 17:36:22',142,1),(2,'2','account','SQL','V2__account.sql',-728725086,'ebroot','2017-02-04 17:36:23',117,1),(3,'3','credit','SQL','V3__credit.sql',-385750700,'ebroot','2017-02-04 17:36:23',54,1),(4,'4','library idea phase meme voice event','SQL','V4__library_idea_phase_meme_voice_event.sql',-1534808241,'ebroot','2017-02-04 17:36:23',387,1),(5,'5','instrument meme audio chord event','SQL','V5__instrument_meme_audio_chord_event.sql',-1907897642,'ebroot','2017-02-04 17:36:23',226,1),(6,'6','chain link chord choice','SQL','V6__chain_link_chord_choice.sql',-2093488888,'ebroot','2017-02-04 17:36:24',525,1),(7,'7','arrangement morph point pick','SQL','V7__arrangement_morph_point_pick.sql',-1775760070,'ebroot','2017-02-04 17:36:24',162,1),(8,'8','user auth column renaming','SQL','V8__user_auth_column_renaming.sql',-1774157694,'ebroot','2017-02-04 17:36:24',64,1),(9,'9','user role','SQL','V9__user_role.sql',-2040912989,'ebroot','2017-02-04 17:36:24',51,1),(10,'10','user access token','SQL','V10__user_access_token.sql',-1589285188,'ebroot','2017-02-04 17:36:24',36,1),(11,'11','user auth column renaming','SQL','V11__user_auth_column_renaming.sql',342405360,'ebroot','2017-02-04 17:36:24',13,1),(12,'12','RENAME account user TO account user role','SQL','V12__RENAME_account_user_TO_account_user_role.sql',569433197,'ebroot','2017-02-04 17:36:24',48,1),(13,'14','ALTER user DROP COLUMN admin','SQL','V14__ALTER_user_DROP_COLUMN_admin.sql',660577316,'ebroot','2017-02-04 17:36:25',54,1),(14,'15','ALTER account ADD COLUMN name','SQL','V15__ALTER_account_ADD_COLUMN_name.sql',2013415455,'ebroot','2017-02-04 17:36:25',54,1),(15,'16','ALTER library ADD COLUMN name','SQL','V16__ALTER_library_ADD_COLUMN_name.sql',652666977,'ebroot','2017-02-04 17:36:25',48,1),(16,'17','RENAME ALTER account user role TO account user','SQL','V17__RENAME_ALTER_account_user_role_TO_account_user.sql',-527669089,'ebroot','2017-02-04 17:36:25',89,1),(17,'18','ALTER chain BELONGS TO account HAS MANY library','SQL','V18__ALTER_chain_BELONGS_TO_account_HAS_MANY_library.sql',407528039,'ebroot','2017-02-04 17:36:25',130,1),(18,'19','DROP credit ALTER idea instrument belong directly to user','SQL','V19__DROP_credit_ALTER_idea_instrument_belong_directly_to_user.sql',-940090323,'ebroot','2017-02-04 17:36:25',382,1),(19,'20','ALTER phase choice BIGINT offset total','SQL','V20__ALTER_phase_choice_BIGINT_offset_total.sql',1174421309,'ebroot','2017-02-04 17:36:26',241,1),(20,'21','ALTER DROP order FORM instrument idea phase meme','SQL','V21__ALTER_DROP_order_FORM_instrument_idea_phase_meme.sql',-825269746,'ebroot','2017-02-04 17:36:26',143,1),(21,'22','ALTER phase optional values','SQL','V22__ALTER_phase_optional_values.sql',2115016285,'ebroot','2017-02-05 23:06:15',315,1),(22,'23','ALTER audio COLUMNS waveformUrl','SQL','V23__ALTER_audio_COLUMNS_waveformUrl.sql',-1407515541,'ebroot','2017-02-07 03:21:14',29,1),(23,'24','ALTER audio FLOAT start length','SQL','V24__ALTER_audio_FLOAT_start_length.sql',-2000888804,'ebroot','2017-02-07 03:21:14',125,1),(24,'25','ALTER chain ADD COLUMNS name state startat stopat','SQL','V25__ALTER_chain_ADD_COLUMNS_name_state_startat_stopat.sql',1356557345,'ebroot','2017-02-10 00:03:21',205,1),(25,'26','ALTER link FLOAT start finish','SQL','V26__ALTER_link_FLOAT_start_finish.sql',-1185447213,'ebroot','2017-02-10 00:03:21',107,1),(26,'27','ALTER all tables ADD COLUMN createdat updatedat','SQL','V27__ALTER_all_tables_ADD_COLUMN_createdat_updatedat.sql',-794640015,'ebroot','2017-02-10 00:03:25',3684,1),(27,'28','ALTER chain link TIMESTAMP microsecond precision','SQL','V28__ALTER_chain_link_TIMESTAMP_microsecond_precision.sql',-1850945451,'ebroot','2017-02-13 19:04:58',239,1),(28,'29','ALTER arrangement DROP COLUMNS name density tempo','SQL','V29__ALTER_arrangement_DROP_COLUMNS_name_density_tempo.sql',-1660342705,'ebroot','2017-02-14 04:55:49',175,1),(29,'30','ALTER pick FLOAT start length','SQL','V30__ALTER_pick_FLOAT_start_length.sql',-1842518453,'ebroot','2017-02-14 04:55:50',126,1),(30,'31','ALTER pick ADD BELONGS TO arrangement','SQL','V31__ALTER_pick_ADD_BELONGS_TO_arrangement.sql',1953331613,'ebroot','2017-02-14 04:55:50',139,1),(31,'32','ALTER link OPTIONAL total density key tempo','SQL','V32__ALTER_link_OPTIONAL_total_density_key_tempo.sql',-98188439,'ebroot','2017-02-19 22:29:51',207,1),(32,'33','ALTER link UNIQUE chain offset','SQL','V33__ALTER_link_UNIQUE_chain_offset.sql',1398816976,'ebroot','2017-02-19 22:29:51',29,1),(33,'34','ALTER audio COLUMNS waveformKey','SQL','V34__ALTER_audio_COLUMNS_waveformKey.sql',66858661,'ebroot','2017-04-21 16:24:11',40,1),(34,'35','CREATE TABLE chain config','SQL','V35__CREATE_TABLE_chain_config.sql',-2134731909,'ebroot','2017-04-28 14:57:19',58,1),(35,'36','CREATE TABLE chain idea','SQL','V36__CREATE_TABLE_chain_idea.sql',2038472760,'ebroot','2017-04-28 14:57:19',52,1),(36,'37','CREATE TABLE chain instrument','SQL','V37__CREATE_TABLE_chain_instrument.sql',1486524130,'ebroot','2017-04-28 14:57:19',53,1),(37,'38','ALTER chain ADD COLUMN type','SQL','V38__ALTER_chain_ADD_COLUMN_type.sql',608321610,'ebroot','2017-04-28 14:57:19',78,1),(38,'39','ALTER phase MODIFY COLUMN total No Longer Required','SQL','V39__ALTER_phase_MODIFY_COLUMN_total_No_Longer_Required.sql',-1504223876,'ebroot','2017-05-01 19:09:45',95,1),(39,'40','ALTER choice MODIFY COLUMN phase offset ULONG','SQL','V40__ALTER_choice_MODIFY_COLUMN_phase_offset_ULONG.sql',-240451169,'ebroot','2017-05-18 00:34:09',63,1),(40,'41','CREATE TABLE link meme','SQL','V41__CREATE_TABLE_link_meme.sql',-18883080,'ebroot','2017-05-18 00:34:09',51,1),(41,'42','ALTER phase link INT total','SQL','V42__ALTER_phase_link_INT_total.sql',-1400879099,'ebroot','2017-05-18 00:34:10',122,1),(42,'43','CREATE TABLE link message','SQL','V43__CREATE_TABLE_link_message.sql',1616909549,'ebroot','2017-05-18 00:34:10',46,1);
/*!40000 ALTER TABLE `schema_version` ENABLE KEYS */;
UNLOCK TABLES;

--
-- Table structure for table `user`
--

DROP TABLE IF EXISTS `user`;
/*!40101 SET @saved_cs_client     = @@character_set_client */;
/*!40101 SET character_set_client = utf8 */;
CREATE TABLE `user` (
  `id` bigint(20) unsigned NOT NULL AUTO_INCREMENT,
  `name` varchar(255) NOT NULL,
  `email` varchar(1023) DEFAULT NULL,
  `avatar_url` varchar(1023) DEFAULT NULL,
  `created_at` timestamp NULL DEFAULT CURRENT_TIMESTAMP,
  `updated_at` timestamp NULL DEFAULT CURRENT_TIMESTAMP ON UPDATE CURRENT_TIMESTAMP,
  PRIMARY KEY (`id`),
  UNIQUE KEY `id_UNIQUE` (`id`)
) ENGINE=InnoDB AUTO_INCREMENT=13 DEFAULT CHARSET=latin1;
/*!40101 SET character_set_client = @saved_cs_client */;

--
-- Dumping data for table `user`
--

LOCK TABLES `user` WRITE;
/*!40000 ALTER TABLE `user` DISABLE KEYS */;
INSERT INTO `user` VALUES (1,'Charney Kaye','charneykaye@gmail.com','https://lh6.googleusercontent.com/-uVJxoVmL42M/AAAAAAAAAAI/AAAAAAAAACg/kMWD0kJityM/photo.jpg?sz=50','2017-02-10 00:03:24','2017-02-10 00:03:24'),(2,'Chris Luken','christopher.luken@gmail.com','https://lh6.googleusercontent.com/-LPlAziFhPyU/AAAAAAAAAAI/AAAAAAAAADA/P4VW3DIXFlw/photo.jpg?sz=50','2017-02-10 00:03:24','2017-02-10 00:03:24'),(3,'David Cole','davecolemusic@gmail.com','https://lh3.googleusercontent.com/-XdUIqdMkCWA/AAAAAAAAAAI/AAAAAAAAAAA/4252rscbv5M/photo.jpg?sz=50','2017-03-08 02:26:51','2017-03-08 02:26:51'),(4,'Shannon Holloway','shannon.holloway@gmail.com','https://lh3.googleusercontent.com/-fvuNROyYKxk/AAAAAAAAAAI/AAAAAAAACo4/1d4e9rStIzY/photo.jpg?sz=50','2017-03-08 18:14:53','2017-03-08 18:14:53'),(5,'Lev Kaye','lev@kaye.com','https://lh3.googleusercontent.com/-Jq1k3laPQ08/AAAAAAAAAAI/AAAAAAAAAAA/l7dj-EXs8jQ/photo.jpg?sz=50','2017-03-09 23:47:12','2017-03-09 23:47:12'),(6,'Justin Knowlden (gus)','gus@gusg.us','https://lh4.googleusercontent.com/-U7mR8RgRhDE/AAAAAAAAAAI/AAAAAAAAB1k/VuF8nayQqdI/photo.jpg?sz=50','2017-04-14 20:41:41','2017-04-14 20:41:41'),(7,'dave farkas','sakrafd@gmail.com','https://lh3.googleusercontent.com/-XdUIqdMkCWA/AAAAAAAAAAI/AAAAAAAAAAA/4252rscbv5M/photo.jpg?sz=50','2017-04-14 20:42:36','2017-04-14 20:42:36'),(8,'Aji Putra','aji.perdana.putra@gmail.com','https://lh5.googleusercontent.com/-yRjdJCgBHjQ/AAAAAAAAAAI/AAAAAAAABis/_Xue_78MM44/photo.jpg?sz=50','2017-04-21 17:33:25','2017-04-21 17:33:25'),(9,'live espn789','scoreplace@gmail.com','https://lh3.googleusercontent.com/-XdUIqdMkCWA/AAAAAAAAAAI/AAAAAAAAAAA/4252rscbv5M/photo.jpg?sz=50','2017-04-21 19:13:22','2017-04-21 19:13:22'),(10,'Dmitry Solomadin','dmitry.solomadin@gmail.com','https://lh6.googleusercontent.com/-Ns78xq2VzKk/AAAAAAAAAAI/AAAAAAAAE44/ZOuBZnZqYeU/photo.jpg?sz=50','2017-05-03 21:09:33','2017-05-03 21:09:33'),(11,'Michael Prolagaev','prolagaev@gmail.com','https://lh3.googleusercontent.com/-XdUIqdMkCWA/AAAAAAAAAAI/AAAAAAAAAAA/4252rscbv5M/photo.jpg?sz=50','2017-05-04 16:13:06','2017-05-04 16:13:06'),(12,'Charney Kaye','nick.c.kaye@gmail.com','https://lh5.googleusercontent.com/-_oXIqxZhTkk/AAAAAAAAAAI/AAAAAAAAUks/dg9oNRfPFco/photo.jpg?sz=50','2017-05-18 17:37:32','2017-05-18 17:37:32');
/*!40000 ALTER TABLE `user` ENABLE KEYS */;
UNLOCK TABLES;

--
-- Table structure for table `user_access_token`
--

DROP TABLE IF EXISTS `user_access_token`;
/*!40101 SET @saved_cs_client     = @@character_set_client */;
/*!40101 SET character_set_client = utf8 */;
CREATE TABLE `user_access_token` (
  `id` bigint(20) unsigned NOT NULL AUTO_INCREMENT,
  `user_auth_id` bigint(20) unsigned NOT NULL,
  `user_id` bigint(20) unsigned NOT NULL,
  `access_token` text NOT NULL,
  `created_at` timestamp NULL DEFAULT CURRENT_TIMESTAMP,
  `updated_at` timestamp NULL DEFAULT CURRENT_TIMESTAMP ON UPDATE CURRENT_TIMESTAMP,
  PRIMARY KEY (`id`),
  UNIQUE KEY `id_UNIQUE` (`id`),
  KEY `user_access_token_fk_user_idx` (`user_id`),
  KEY `user_access_token_fk_user_auth_idx` (`user_auth_id`),
  CONSTRAINT `user_access_token_fk_user` FOREIGN KEY (`user_id`) REFERENCES `user` (`id`) ON DELETE NO ACTION ON UPDATE NO ACTION,
  CONSTRAINT `user_access_token_fk_user_auth` FOREIGN KEY (`user_auth_id`) REFERENCES `user_auth` (`id`) ON DELETE NO ACTION ON UPDATE NO ACTION
) ENGINE=InnoDB AUTO_INCREMENT=76 DEFAULT CHARSET=latin1;
/*!40101 SET character_set_client = @saved_cs_client */;

--
-- Dumping data for table `user_access_token`
--

LOCK TABLES `user_access_token` WRITE;
/*!40000 ALTER TABLE `user_access_token` DISABLE KEYS */;
INSERT INTO `user_access_token` VALUES (50,9,9,'1492802002402-2645fc15-cf05-4e3b-a731-d48b5736350c-7876368845949','2017-04-21 19:13:22','2017-04-21 19:13:22'),(57,10,10,'1493845773520-4c307deb-d04c-4b75-ad1f-21a39e391e0a-1391417066623501','2017-05-03 21:09:33','2017-05-03 21:09:33'),(61,6,6,'1494353347354-deef0623-af2a-4630-856e-dd1d814cbc97-7691250440480651','2017-05-09 18:09:07','2017-05-09 18:09:07'),(66,11,11,'1495128848278-18075e01-8e5c-4d5d-a9bb-1c1d0fb83c6d-7528554631436332','2017-05-18 17:34:08','2017-05-18 17:34:08'),(67,11,11,'1495128982725-7e10d7aa-d9be-42c6-b3c5-549ccbb3bbca-1001571185746332','2017-05-18 17:36:22','2017-05-18 17:36:22'),(75,1,1,'1495742772912-e141e5e4-34ef-4a9c-9c23-33368f4cf38d-3781359995620592','2017-05-25 20:06:12','2017-05-25 20:06:12');
/*!40000 ALTER TABLE `user_access_token` ENABLE KEYS */;
UNLOCK TABLES;

--
-- Table structure for table `user_auth`
--

DROP TABLE IF EXISTS `user_auth`;
/*!40101 SET @saved_cs_client     = @@character_set_client */;
/*!40101 SET character_set_client = utf8 */;
CREATE TABLE `user_auth` (
  `id` bigint(20) unsigned NOT NULL AUTO_INCREMENT,
  `type` varchar(255) NOT NULL,
  `external_access_token` varchar(1023) NOT NULL,
  `external_refresh_token` varchar(1023) DEFAULT NULL,
  `external_account` varchar(1023) NOT NULL,
  `user_id` bigint(20) unsigned NOT NULL,
  `created_at` timestamp NULL DEFAULT CURRENT_TIMESTAMP,
  `updated_at` timestamp NULL DEFAULT CURRENT_TIMESTAMP ON UPDATE CURRENT_TIMESTAMP,
  PRIMARY KEY (`id`),
  UNIQUE KEY `id_UNIQUE` (`id`),
  KEY `user_auth_fk_user_idx` (`user_id`),
  CONSTRAINT `user_auth_fk_user` FOREIGN KEY (`user_id`) REFERENCES `user` (`id`) ON DELETE NO ACTION ON UPDATE NO ACTION
) ENGINE=InnoDB AUTO_INCREMENT=13 DEFAULT CHARSET=latin1;
/*!40101 SET character_set_client = @saved_cs_client */;

--
-- Table structure for table `user_role`
--

DROP TABLE IF EXISTS `user_role`;
/*!40101 SET @saved_cs_client     = @@character_set_client */;
/*!40101 SET character_set_client = utf8 */;
CREATE TABLE `user_role` (
  `id` bigint(20) unsigned NOT NULL AUTO_INCREMENT,
  `type` varchar(255) NOT NULL,
  `user_id` bigint(20) unsigned NOT NULL,
  `created_at` timestamp NULL DEFAULT CURRENT_TIMESTAMP,
  `updated_at` timestamp NULL DEFAULT CURRENT_TIMESTAMP ON UPDATE CURRENT_TIMESTAMP,
  PRIMARY KEY (`id`),
  UNIQUE KEY `id_UNIQUE` (`id`),
  KEY `user_role_fk_user_idx` (`user_id`),
  CONSTRAINT `user_role_fk_user` FOREIGN KEY (`user_id`) REFERENCES `user` (`id`) ON DELETE NO ACTION ON UPDATE NO ACTION
) ENGINE=InnoDB AUTO_INCREMENT=25 DEFAULT CHARSET=latin1;
/*!40101 SET character_set_client = @saved_cs_client */;

--
-- Dumping data for table `user_role`
--

LOCK TABLES `user_role` WRITE;
/*!40000 ALTER TABLE `user_role` DISABLE KEYS */;
INSERT INTO `user_role` VALUES (1,'user',1,'2017-02-10 00:03:24','2017-02-10 00:03:24'),(2,'admin',1,'2017-02-10 00:03:24','2017-02-10 00:03:24'),(3,'user',2,'2017-02-10 00:03:24','2017-02-10 00:03:24'),(4,'artist',1,'2017-02-10 00:03:24','2017-02-10 00:03:24'),(5,'artist',2,'2017-02-10 00:03:24','2017-02-10 00:03:24'),(6,'user',3,'2017-03-08 02:26:51','2017-03-08 02:26:51'),(7,'artist',3,'2017-03-08 02:27:15','2017-03-08 02:27:15'),(8,'user',4,'2017-03-08 18:14:53','2017-03-08 18:14:53'),(9,'artist',4,'2017-03-09 17:48:55','2017-03-09 17:48:55'),(10,'user',5,'2017-03-09 23:47:12','2017-03-09 23:47:12'),(11,'artist',5,'2017-03-10 05:39:23','2017-03-10 05:39:23'),(12,'user',6,'2017-04-14 20:41:41','2017-04-14 20:41:41'),(13,'user',7,'2017-04-14 20:42:36','2017-04-14 20:42:36'),(14,'artist',6,'2017-04-17 20:59:16','2017-04-17 20:59:16'),(15,'artist',7,'2017-04-17 20:59:21','2017-04-17 20:59:21'),(16,'user',8,'2017-04-21 17:33:25','2017-04-21 17:33:25'),(17,'user',9,'2017-04-21 19:13:22','2017-04-21 19:13:22'),(18,'user',10,'2017-05-03 21:09:33','2017-05-03 21:09:33'),(19,'user',11,'2017-05-04 16:13:06','2017-05-04 16:13:06'),(20,'artist',11,'2017-05-18 17:33:19','2017-05-18 17:33:19'),(21,'engineer',11,'2017-05-18 17:33:19','2017-05-18 17:33:19'),(22,'user',12,'2017-05-18 17:37:32','2017-05-18 17:37:32'),(23,'artist',12,'2017-05-18 17:38:45','2017-05-18 17:38:45'),(24,'engineer',12,'2017-05-18 17:38:45','2017-05-18 17:38:45');
/*!40000 ALTER TABLE `user_role` ENABLE KEYS */;
UNLOCK TABLES;

--
-- Table structure for table `voice`
--

DROP TABLE IF EXISTS `voice`;
/*!40101 SET @saved_cs_client     = @@character_set_client */;
/*!40101 SET character_set_client = utf8 */;
CREATE TABLE `voice` (
  `id` bigint(20) unsigned NOT NULL AUTO_INCREMENT,
  `phase_id` bigint(20) unsigned NOT NULL,
  `type` varchar(255) NOT NULL,
  `description` varchar(1023) NOT NULL,
  `created_at` timestamp NULL DEFAULT CURRENT_TIMESTAMP,
  `updated_at` timestamp NULL DEFAULT CURRENT_TIMESTAMP ON UPDATE CURRENT_TIMESTAMP,
  PRIMARY KEY (`id`),
  UNIQUE KEY `id_UNIQUE` (`id`),
  KEY `voice_fk_phase_idx` (`phase_id`),
  CONSTRAINT `voice_fk_phase` FOREIGN KEY (`phase_id`) REFERENCES `phase` (`id`) ON DELETE NO ACTION ON UPDATE NO ACTION
) ENGINE=InnoDB AUTO_INCREMENT=5 DEFAULT CHARSET=latin1;
/*!40101 SET character_set_client = @saved_cs_client */;

--
-- Dumping data for table `voice`
--

LOCK TABLES `voice` WRITE;
/*!40000 ALTER TABLE `voice` DISABLE KEYS */;
INSERT INTO `voice` VALUES (2,2,'percussive','Drums','2017-02-10 00:03:24','2017-02-10 00:03:24'),(3,2,'harmonic','Bass','2017-02-10 00:03:24','2017-02-10 00:03:24'),(4,3,'percussive','Drums','2017-04-23 23:45:07','2017-04-30 15:51:16');
/*!40000 ALTER TABLE `voice` ENABLE KEYS */;
UNLOCK TABLES;

--
-- Table structure for table `voice_event`
--

DROP TABLE IF EXISTS `voice_event`;
/*!40101 SET @saved_cs_client     = @@character_set_client */;
/*!40101 SET character_set_client = utf8 */;
CREATE TABLE `voice_event` (
  `id` bigint(20) unsigned NOT NULL AUTO_INCREMENT,
  `voice_id` bigint(20) unsigned NOT NULL,
  `velocity` float unsigned NOT NULL,
  `tonality` float unsigned NOT NULL,
  `inflection` varchar(63) NOT NULL,
  `position` float NOT NULL,
  `duration` float unsigned NOT NULL,
  `note` varchar(63) NOT NULL,
  `created_at` timestamp NULL DEFAULT CURRENT_TIMESTAMP,
  `updated_at` timestamp NULL DEFAULT CURRENT_TIMESTAMP ON UPDATE CURRENT_TIMESTAMP,
  PRIMARY KEY (`id`),
  UNIQUE KEY `id_UNIQUE` (`id`),
  KEY `event_fk_voice_idx` (`voice_id`),
  CONSTRAINT `event_fk_voice` FOREIGN KEY (`voice_id`) REFERENCES `voice` (`id`) ON DELETE NO ACTION ON UPDATE NO ACTION
) ENGINE=InnoDB AUTO_INCREMENT=268 DEFAULT CHARSET=latin1;
/*!40101 SET character_set_client = @saved_cs_client */;

--
-- Dumping data for table `voice_event`
--

LOCK TABLES `voice_event` WRITE;
/*!40000 ALTER TABLE `voice_event` DISABLE KEYS */;
INSERT INTO `voice_event` VALUES (1,4,1,1,'KICK',0,1,'C2','2017-04-23 23:46:55','2017-04-23 23:46:55'),(2,4,1,1,'KICK',2,1,'C2','2017-04-23 23:47:28','2017-04-23 23:47:28'),(3,4,1,1,'KICK',3,1,'C2','2017-04-23 23:49:55','2017-04-23 23:49:55'),(4,4,1,1,'KICK',4,1,'C2','2017-04-23 23:49:55','2017-04-23 23:49:55'),(5,4,1,1,'KICK',5,1,'C2','2017-04-23 23:49:56','2017-04-23 23:49:56'),(6,4,1,1,'KICK',6,1,'C2','2017-04-23 23:49:56','2017-04-23 23:49:56'),(7,4,1,1,'KICK',7,1,'C2','2017-04-23 23:49:56','2017-04-23 23:49:56'),(8,4,1,1,'KICK',8,1,'C2','2017-04-23 23:49:57','2017-04-23 23:49:57'),(9,4,1,1,'KICK',9,1,'C2','2017-04-23 23:49:57','2017-04-23 23:49:57'),(10,4,1,1,'KICK',10,1,'C2','2017-04-23 23:49:57','2017-04-23 23:49:57'),(11,4,1,1,'KICK',11,1,'C2','2017-04-23 23:49:57','2017-04-23 23:49:57'),(12,4,1,1,'KICK',12,1,'C2','2017-04-23 23:49:58','2017-04-23 23:49:58'),(13,4,1,1,'KICK',13,1,'C2','2017-04-23 23:49:58','2017-04-23 23:49:58'),(14,4,1,1,'KICK',14,1,'C2','2017-04-23 23:49:58','2017-04-23 23:49:58'),(15,4,1,1,'KICK',15,1,'C2','2017-04-23 23:49:58','2017-04-23 23:49:58'),(16,4,1,1,'KICK',16,1,'C2','2017-04-23 23:49:59','2017-04-23 23:49:59'),(17,4,1,1,'KICK',17,1,'C2','2017-04-23 23:49:59','2017-04-23 23:49:59'),(18,4,1,1,'KICK',18,1,'C2','2017-04-23 23:49:59','2017-04-23 23:49:59'),(19,4,1,1,'KICK',19,1,'C2','2017-04-23 23:50:00','2017-04-23 23:50:00'),(20,4,1,1,'KICK',20,1,'C2','2017-04-23 23:50:01','2017-04-23 23:50:01'),(21,4,1,1,'KICK',21,1,'C2','2017-04-23 23:50:01','2017-04-23 23:50:01'),(22,4,1,1,'KICK',22,1,'C2','2017-04-23 23:50:01','2017-04-23 23:50:01'),(23,4,1,1,'KICK',23,1,'C2','2017-04-23 23:50:02','2017-04-23 23:50:02'),(24,4,1,1,'KICK',24,1,'C2','2017-04-23 23:50:02','2017-04-23 23:50:02'),(25,4,1,1,'KICK',25,1,'C2','2017-04-23 23:50:02','2017-04-23 23:50:02'),(26,4,1,1,'KICK',26,1,'C2','2017-04-23 23:50:03','2017-04-23 23:50:03'),(27,4,1,1,'KICK',27,1,'C2','2017-04-23 23:50:03','2017-04-23 23:50:03'),(28,4,1,1,'KICK',28,1,'C2','2017-04-23 23:50:03','2017-04-23 23:50:03'),(29,4,1,1,'KICK',29,1,'C2','2017-04-23 23:50:04','2017-04-23 23:50:04'),(30,4,1,1,'KICK',30,1,'C2','2017-04-23 23:50:04','2017-04-23 23:50:04'),(31,4,1,1,'KICK',31,1,'C2','2017-04-23 23:50:04','2017-04-23 23:50:04'),(32,4,1,1,'KICK',32,1,'C2','2017-04-23 23:50:04','2017-04-23 23:50:04'),(33,4,1,1,'KICK',33,1,'C2','2017-04-23 23:50:05','2017-04-23 23:50:05'),(34,4,1,1,'KICK',34,1,'C2','2017-04-23 23:50:05','2017-04-23 23:50:05'),(35,4,1,1,'KICK',35,1,'C2','2017-04-23 23:50:05','2017-04-23 23:50:05'),(36,4,1,1,'KICK',36,1,'C2','2017-04-23 23:50:06','2017-04-23 23:50:06'),(37,4,1,1,'KICK',37,1,'C2','2017-04-23 23:50:06','2017-04-23 23:50:06'),(38,4,1,1,'KICK',38,1,'C2','2017-04-23 23:50:06','2017-04-23 23:50:06'),(39,4,1,1,'KICK',39,1,'C2','2017-04-23 23:50:07','2017-04-23 23:50:07'),(40,4,1,1,'KICK',40,1,'C2','2017-04-23 23:50:07','2017-04-23 23:50:07'),(41,4,1,1,'KICK',41,1,'C2','2017-04-23 23:50:07','2017-04-23 23:50:07'),(42,4,1,1,'KICK',42,1,'C2','2017-04-23 23:50:07','2017-04-23 23:50:07'),(43,4,1,1,'KICK',43,1,'C2','2017-04-23 23:50:08','2017-04-23 23:50:08'),(44,4,1,1,'KICK',44,1,'C2','2017-04-23 23:50:08','2017-04-23 23:50:08'),(45,4,1,1,'KICK',45,1,'C2','2017-04-23 23:50:08','2017-04-23 23:50:08'),(46,4,1,1,'KICK',46,1,'C2','2017-04-23 23:50:09','2017-04-23 23:50:09'),(47,4,1,1,'KICK',47,1,'C2','2017-04-23 23:50:09','2017-04-23 23:50:09'),(48,4,1,1,'KICK',48,1,'C2','2017-04-23 23:50:09','2017-04-23 23:50:09'),(49,4,1,1,'KICK',49,1,'C2','2017-04-23 23:50:09','2017-04-23 23:50:09'),(50,4,1,1,'KICK',50,1,'C2','2017-04-23 23:50:10','2017-04-23 23:50:10'),(51,4,1,1,'KICK',51,1,'C2','2017-04-23 23:50:10','2017-04-23 23:50:10'),(52,4,1,1,'KICK',52,1,'C2','2017-04-23 23:50:10','2017-04-23 23:50:10'),(53,4,1,1,'KICK',53,1,'C2','2017-04-23 23:50:11','2017-04-23 23:50:11'),(54,4,1,1,'KICK',54,1,'C2','2017-04-23 23:50:11','2017-04-23 23:50:11'),(55,4,1,1,'KICK',55,1,'C2','2017-04-23 23:50:11','2017-04-23 23:50:11'),(56,4,1,1,'KICK',56,1,'C2','2017-04-23 23:50:12','2017-04-23 23:50:12'),(57,4,1,1,'KICK',57,1,'C2','2017-04-23 23:50:12','2017-04-23 23:50:12'),(58,4,1,1,'KICK',58,1,'C2','2017-04-23 23:50:12','2017-04-23 23:50:12'),(59,4,1,1,'KICK',59,1,'C2','2017-04-23 23:50:12','2017-04-23 23:50:12'),(60,4,1,1,'KICK',60,1,'C2','2017-04-23 23:50:13','2017-04-23 23:50:13'),(61,4,1,1,'KICK',61,1,'C2','2017-04-23 23:50:13','2017-04-23 23:50:13'),(62,4,1,1,'KICK',62,1,'C2','2017-04-23 23:50:13','2017-04-23 23:50:13'),(63,4,1,1,'KICK',63,1,'C2','2017-04-23 23:50:14','2017-04-23 23:50:14'),(64,4,1,1,'KICK',1,1,'C2','2017-04-23 23:50:27','2017-04-23 23:50:27'),(67,4,1,0.4,'SNARE',63,1,'G2','2017-04-23 23:52:34','2017-04-23 23:52:34'),(68,4,1,0.4,'SNARE',1,1,'G2','2017-04-23 23:53:32','2017-04-23 23:53:32'),(69,4,1,0.4,'SNARE',3,1,'G2','2017-04-23 23:53:32','2017-04-23 23:53:32'),(70,4,1,0.4,'SNARE',5,1,'G2','2017-04-23 23:53:32','2017-04-23 23:53:32'),(71,4,1,0.4,'SNARE',7,1,'G2','2017-04-23 23:53:33','2017-04-23 23:53:33'),(72,4,1,0.4,'SNARE',9,1,'G2','2017-04-23 23:53:33','2017-04-23 23:53:33'),(73,4,1,0.4,'SNARE',11,1,'G2','2017-04-23 23:53:33','2017-04-23 23:53:33'),(74,4,1,0.4,'SNARE',13,1,'G2','2017-04-23 23:53:34','2017-04-23 23:53:34'),(75,4,1,0.4,'SNARE',15,1,'G2','2017-04-23 23:53:34','2017-04-23 23:53:34'),(76,4,1,0.4,'SNARE',17,1,'G2','2017-04-23 23:53:34','2017-04-23 23:53:34'),(77,4,1,0.4,'SNARE',19,1,'G2','2017-04-23 23:53:35','2017-04-23 23:53:35'),(78,4,1,0.4,'SNARE',21,1,'G2','2017-04-23 23:53:35','2017-04-23 23:53:35'),(79,4,1,0.4,'SNARE',23,1,'G2','2017-04-23 23:53:35','2017-04-23 23:53:35'),(80,4,1,0.4,'SNARE',25,1,'G2','2017-04-23 23:53:36','2017-04-23 23:53:36'),(81,4,1,0.4,'SNARE',27,1,'G2','2017-04-23 23:53:36','2017-04-23 23:53:36'),(82,4,1,0.4,'SNARE',29,1,'G2','2017-04-23 23:53:36','2017-04-23 23:53:36'),(83,4,1,0.4,'SNARE',31,1,'G2','2017-04-23 23:53:37','2017-04-23 23:53:37'),(84,4,1,0.4,'SNARE',33,1,'G2','2017-04-23 23:53:37','2017-04-23 23:53:37'),(85,4,1,0.4,'SNARE',35,1,'G2','2017-04-23 23:53:37','2017-04-23 23:53:37'),(86,4,1,0.4,'SNARE',37,1,'G2','2017-04-23 23:53:37','2017-04-23 23:53:37'),(87,4,1,0.4,'SNARE',39,1,'G2','2017-04-23 23:53:38','2017-04-23 23:53:38'),(88,4,1,0.4,'SNARE',41,1,'G2','2017-04-23 23:53:38','2017-04-23 23:53:38'),(89,4,1,0.4,'SNARE',43,1,'G2','2017-04-23 23:53:38','2017-04-23 23:53:38'),(90,4,1,0.4,'SNARE',45,1,'G2','2017-04-23 23:53:39','2017-04-23 23:53:39'),(91,4,1,0.4,'SNARE',47,1,'G2','2017-04-23 23:53:39','2017-04-23 23:53:39'),(92,4,1,0.4,'SNARE',49,1,'G2','2017-04-23 23:53:39','2017-04-23 23:53:39'),(93,4,1,0.4,'SNARE',51,1,'G2','2017-04-23 23:53:40','2017-04-23 23:53:40'),(94,4,1,0.4,'SNARE',53,1,'G2','2017-04-23 23:53:40','2017-04-23 23:53:40'),(95,4,1,0.4,'SNARE',55,1,'G2','2017-04-23 23:53:40','2017-04-23 23:53:40'),(96,4,1,0.4,'SNARE',57,1,'G2','2017-04-23 23:53:40','2017-04-23 23:53:40'),(97,4,1,0.4,'SNARE',59,1,'G2','2017-04-23 23:53:41','2017-04-23 23:53:41'),(98,4,1,0.4,'SNARE',61,1,'G2','2017-04-23 23:53:41','2017-04-23 23:53:41'),(100,4,0.6,0.2,'HATOPEN',0.5,0.5,'E2','2017-04-23 23:56:19','2017-05-03 13:35:27'),(101,4,0.6,0.2,'HATOPEN',1.5,0.5,'E2','2017-04-23 23:56:19','2017-04-24 02:45:04'),(102,4,0.6,0.2,'HATOPEN',2.5,0.5,'E2','2017-04-23 23:56:19','2017-04-24 02:45:04'),(103,4,0.6,0.2,'HATOPEN',3.5,0.5,'E2','2017-04-23 23:56:19','2017-04-24 02:45:04'),(104,4,0.6,0.2,'HATOPEN',4.5,0.5,'E2','2017-04-23 23:56:20','2017-04-24 02:45:04'),(105,4,0.6,0.2,'HATOPEN',5.5,0.5,'E2','2017-04-23 23:56:20','2017-04-24 02:45:04'),(106,4,0.6,0.2,'HATOPEN',6.5,0.5,'E2','2017-04-23 23:56:20','2017-04-24 02:45:04'),(107,4,0.6,0.2,'HATOPEN',7.5,0.5,'E2','2017-04-23 23:56:20','2017-04-24 02:45:04'),(108,4,0.6,0.2,'HATOPEN',8.5,0.5,'E2','2017-04-23 23:56:21','2017-04-24 02:45:04'),(109,4,0.6,0.2,'HATOPEN',9.5,0.5,'E2','2017-04-23 23:56:21','2017-04-24 02:45:04'),(110,4,0.6,0.2,'HATOPEN',10.5,0.5,'E2','2017-04-23 23:56:21','2017-04-24 02:45:04'),(111,4,0.6,0.2,'HATOPEN',11.5,0.5,'E2','2017-04-23 23:56:22','2017-04-24 02:45:04'),(112,4,0.6,0.2,'HATOPEN',12.5,0.5,'E2','2017-04-23 23:56:22','2017-04-24 02:45:04'),(113,4,0.6,0.2,'HATOPEN',13.5,0.5,'E2','2017-04-23 23:56:22','2017-04-24 02:45:04'),(114,4,0.6,0.2,'HATOPEN',14.5,0.5,'E2','2017-04-23 23:56:23','2017-04-24 02:45:04'),(115,4,0.6,0.2,'HATOPEN',15.5,0.5,'E2','2017-04-23 23:56:23','2017-04-24 02:45:04'),(116,4,0.6,0.2,'HATOPEN',16.5,0.5,'E2','2017-04-23 23:56:23','2017-04-24 02:45:04'),(117,4,0.6,0.2,'HATOPEN',17.5,0.5,'E2','2017-04-23 23:56:23','2017-04-24 02:45:04'),(118,4,0.6,0.2,'HATOPEN',18.5,0.5,'E2','2017-04-23 23:56:24','2017-04-24 02:45:04'),(119,4,0.6,0.2,'HATOPEN',19.5,0.5,'E2','2017-04-23 23:56:24','2017-04-24 02:45:04'),(120,4,0.6,0.2,'HATOPEN',20.5,0.5,'E2','2017-04-23 23:56:24','2017-04-24 02:45:04'),(121,4,0.6,0.2,'HATOPEN',21.5,0.5,'E2','2017-04-23 23:56:25','2017-04-24 02:45:04'),(122,4,0.6,0.2,'HATOPEN',22.5,0.5,'E2','2017-04-23 23:56:25','2017-04-24 02:45:04'),(123,4,0.6,0.2,'HATOPEN',23.5,0.5,'E2','2017-04-23 23:56:25','2017-04-24 02:45:04'),(124,4,0.6,0.2,'HATOPEN',24.5,0.5,'E2','2017-04-23 23:56:25','2017-04-24 02:45:04'),(125,4,0.6,0.2,'HATOPEN',25.5,0.5,'E2','2017-04-23 23:56:26','2017-04-24 02:45:04'),(126,4,0.6,0.2,'HATOPEN',26.5,0.5,'E2','2017-04-23 23:56:26','2017-04-24 02:45:04'),(127,4,0.6,0.2,'HATOPEN',27.5,0.5,'E2','2017-04-23 23:56:26','2017-04-24 02:45:04'),(128,4,0.6,0.2,'HATOPEN',28.5,0.5,'E2','2017-04-23 23:56:26','2017-04-24 02:45:04'),(129,4,0.6,0.2,'HATOPEN',29.5,0.5,'E2','2017-04-23 23:56:27','2017-04-24 02:45:04'),(130,4,0.6,0.2,'HATOPEN',30.5,0.5,'E2','2017-04-23 23:56:27','2017-04-24 02:45:04'),(131,4,0.6,0.2,'HATOPEN',31.5,0.5,'E2','2017-04-23 23:56:27','2017-04-24 02:45:04'),(132,4,0.6,0.2,'HATOPEN',32.5,0.5,'E2','2017-04-23 23:56:28','2017-04-24 02:45:04'),(133,4,0.6,0.2,'HATOPEN',33.5,0.5,'E2','2017-04-23 23:56:28','2017-04-24 02:45:04'),(134,4,0.6,0.2,'HATOPEN',34.5,0.5,'E2','2017-04-23 23:56:28','2017-04-24 02:45:04'),(135,4,0.6,0.2,'HATOPEN',35.5,0.5,'E2','2017-04-23 23:56:28','2017-04-24 02:45:04'),(136,4,0.6,0.2,'HATOPEN',36.5,0.5,'E2','2017-04-23 23:56:29','2017-04-24 02:45:04'),(137,4,0.6,0.2,'HATOPEN',37.5,0.5,'E2','2017-04-23 23:56:29','2017-04-24 02:45:04'),(138,4,0.6,0.2,'HATOPEN',38.5,0.5,'E2','2017-04-23 23:56:29','2017-04-24 02:45:04'),(139,4,0.6,0.2,'HATOPEN',39.5,0.5,'E2','2017-04-23 23:56:30','2017-04-24 02:45:04'),(140,4,0.6,0.2,'HATOPEN',40.5,0.5,'E2','2017-04-23 23:56:30','2017-04-24 02:45:04'),(141,4,0.6,0.2,'HATOPEN',41.5,0.5,'E2','2017-04-23 23:56:30','2017-04-24 02:45:04'),(142,4,0.6,0.2,'HATOPEN',42.5,0.5,'E2','2017-04-23 23:56:30','2017-04-24 02:45:04'),(143,4,0.6,0.2,'HATOPEN',43.5,0.5,'E2','2017-04-23 23:56:31','2017-04-24 02:45:04'),(144,4,0.6,0.2,'HATOPEN',44.5,0.5,'E2','2017-04-23 23:56:31','2017-04-24 02:45:04'),(145,4,0.6,0.2,'HATOPEN',45.5,0.5,'E2','2017-04-23 23:56:31','2017-04-24 02:45:04'),(146,4,0.6,0.2,'HATOPEN',46.5,0.5,'E2','2017-04-23 23:56:31','2017-04-24 02:45:04'),(147,4,0.6,0.2,'HATOPEN',47.5,0.5,'E2','2017-04-23 23:56:32','2017-04-24 02:45:04'),(148,4,0.6,0.2,'HATOPEN',48.5,0.5,'E2','2017-04-23 23:56:32','2017-04-24 02:45:04'),(149,4,0.6,0.2,'HATOPEN',49.5,0.5,'E2','2017-04-23 23:56:32','2017-04-24 02:45:04'),(150,4,0.6,0.2,'HATOPEN',50.5,0.5,'E2','2017-04-23 23:56:33','2017-04-24 02:45:04'),(151,4,0.6,0.2,'HATOPEN',51.5,0.5,'E2','2017-04-23 23:56:33','2017-04-24 02:45:04'),(152,4,0.6,0.2,'HATOPEN',52.5,0.5,'E2','2017-04-23 23:56:33','2017-04-24 02:45:04'),(153,4,0.6,0.2,'HATOPEN',53.5,0.5,'E2','2017-04-23 23:56:34','2017-04-24 02:45:04'),(154,4,0.6,0.2,'HATOPEN',54.5,0.5,'E2','2017-04-23 23:56:34','2017-04-24 02:45:04'),(155,4,0.6,0.2,'HATOPEN',55.5,0.5,'E2','2017-04-23 23:56:34','2017-04-24 02:45:04'),(156,4,0.6,0.2,'HATOPEN',56.5,0.5,'E2','2017-04-23 23:56:34','2017-04-24 02:45:04'),(157,4,0.6,0.2,'HATOPEN',57.5,0.5,'E2','2017-04-23 23:56:35','2017-04-24 02:45:04'),(158,4,0.6,0.2,'HATOPEN',58.5,0.5,'E2','2017-04-23 23:56:35','2017-04-24 02:45:04'),(159,4,0.6,0.2,'HATOPEN',59.5,0.5,'E2','2017-04-23 23:56:35','2017-04-24 02:45:04'),(160,4,0.6,0.2,'HATOPEN',60.5,0.5,'E2','2017-04-23 23:56:35','2017-04-24 02:45:04'),(161,4,0.6,0.2,'HATOPEN',61.5,0.5,'E2','2017-04-23 23:56:36','2017-04-24 02:45:04'),(162,4,0.6,0.2,'HATOPEN',62.5,0.5,'E2','2017-04-23 23:56:36','2017-04-24 02:45:04'),(164,4,0.3,0.1,'HATCLOSED',0.25,0.25,'D2','2017-04-24 02:46:20','2017-04-24 02:46:20'),(166,4,0.3,0.1,'HATCLOSED',2.25,0.25,'D2','2017-04-24 02:46:21','2017-04-24 02:46:21'),(167,4,0.3,0.1,'HATCLOSED',3.25,0.25,'D2','2017-04-24 02:46:22','2017-04-24 02:46:22'),(168,4,1,0.1,'CYMBALCRASH',0,4,'C2','2017-04-24 02:46:22','2017-04-24 03:08:15'),(169,4,0.3,0.1,'HATCLOSED',5.25,0.25,'D2','2017-04-24 02:46:23','2017-04-24 02:46:23'),(170,4,0.3,0.1,'HATCLOSED',6.25,0.25,'D2','2017-04-24 02:46:23','2017-04-24 02:46:23'),(171,4,0.3,0.1,'HATCLOSED',7.25,0.25,'D2','2017-04-24 02:46:24','2017-04-24 02:46:24'),(172,4,0.3,0.1,'HATCLOSED',8.25,0.25,'D2','2017-04-24 02:46:24','2017-04-24 02:46:24'),(173,4,0.3,0.1,'HATCLOSED',9.25,0.25,'D2','2017-04-24 02:46:25','2017-04-24 02:46:25'),(174,4,0.3,0.1,'HATCLOSED',10.25,0.25,'D2','2017-04-24 02:46:25','2017-04-24 02:46:25'),(175,4,0.3,0.1,'HATCLOSED',11.25,0.25,'D2','2017-04-24 02:46:26','2017-04-24 02:46:26'),(176,4,0.3,0.1,'HATCLOSED',12.25,0.25,'D2','2017-04-24 02:46:27','2017-04-24 02:46:27'),(177,4,0.3,0.1,'HATCLOSED',13.25,0.25,'D2','2017-04-24 02:46:27','2017-04-24 02:46:27'),(178,4,0.3,0.1,'HATCLOSED',14.25,0.25,'D2','2017-04-24 02:46:28','2017-04-24 02:46:28'),(179,4,0.3,0.1,'HATCLOSED',15.25,0.25,'D2','2017-04-24 02:46:28','2017-04-24 02:46:28'),(180,4,0.3,0.1,'HATCLOSED',16.25,0.25,'D2','2017-04-24 02:46:29','2017-04-24 02:46:29'),(181,4,0.3,0.1,'HATCLOSED',17.25,0.25,'D2','2017-04-24 02:46:29','2017-04-24 02:46:29'),(182,4,0.3,0.1,'HATCLOSED',18.25,0.25,'D2','2017-04-24 02:46:30','2017-04-24 02:46:30'),(183,4,0.3,0.1,'HATCLOSED',19.25,0.25,'D2','2017-04-24 02:46:30','2017-04-24 02:46:30'),(184,4,0.3,0.1,'HATCLOSED',20.25,0.25,'D2','2017-04-24 02:46:31','2017-04-24 02:46:31'),(185,4,0.3,0.1,'HATCLOSED',21.25,0.25,'D2','2017-04-24 02:46:31','2017-04-24 02:46:31'),(186,4,0.3,0.1,'HATCLOSED',22.25,0.25,'D2','2017-04-24 02:46:32','2017-04-24 02:46:32'),(187,4,0.3,0.1,'HATCLOSED',23.25,0.25,'D2','2017-04-24 02:46:33','2017-04-24 02:46:33'),(188,4,0.3,0.1,'HATCLOSED',24.25,0.25,'D2','2017-04-24 02:46:33','2017-04-24 02:46:33'),(189,4,0.3,0.1,'HATCLOSED',25.25,0.25,'D2','2017-04-24 02:46:34','2017-04-24 02:46:34'),(190,4,0.3,0.1,'HATCLOSED',26.25,0.25,'D2','2017-04-24 02:46:34','2017-04-24 02:46:34'),(191,4,0.3,0.1,'HATCLOSED',27.25,0.25,'D2','2017-04-24 02:46:35','2017-04-24 02:46:35'),(192,4,0.3,0.1,'HATCLOSED',28.25,0.25,'D2','2017-04-24 02:46:35','2017-04-24 02:46:35'),(193,4,0.3,0.1,'HATCLOSED',29.25,0.25,'D2','2017-04-24 02:46:36','2017-04-24 02:46:36'),(194,4,0.3,0.1,'HATCLOSED',30.25,0.25,'D2','2017-04-24 02:46:36','2017-04-24 02:46:36'),(195,4,0.3,0.1,'HATCLOSED',31.25,0.25,'D2','2017-04-24 02:46:37','2017-04-24 02:46:37'),(196,4,0.3,0.1,'HATCLOSED',32.25,0.25,'D2','2017-04-24 02:46:38','2017-04-24 02:46:38'),(197,4,0.3,0.1,'HATCLOSED',33.25,0.25,'D2','2017-04-24 02:46:38','2017-04-24 02:46:38'),(198,4,0.3,0.1,'HATCLOSED',34.25,0.25,'D2','2017-04-24 02:46:39','2017-04-24 02:46:39'),(199,4,0.3,0.1,'HATCLOSED',35.25,0.25,'D2','2017-04-24 02:46:39','2017-04-24 02:46:39'),(200,4,0.3,0.1,'HATCLOSED',36.25,0.25,'D2','2017-04-24 02:46:40','2017-04-24 02:46:40'),(201,4,0.3,0.1,'HATCLOSED',37.25,0.25,'D2','2017-04-24 02:46:40','2017-04-24 02:46:40'),(202,4,0.3,0.1,'HATCLOSED',38.25,0.25,'D2','2017-04-24 02:46:41','2017-04-24 02:46:41'),(203,4,0.3,0.1,'HATCLOSED',39.25,0.25,'D2','2017-04-24 02:46:41','2017-04-24 02:46:41'),(204,4,0.3,0.1,'HATCLOSED',40.25,0.25,'D2','2017-04-24 02:46:42','2017-04-24 02:46:42'),(205,4,0.3,0.1,'HATCLOSED',41.25,0.25,'D2','2017-04-24 02:46:43','2017-04-24 02:46:43'),(206,4,0.3,0.1,'HATCLOSED',42.25,0.25,'D2','2017-04-24 02:46:43','2017-04-24 02:46:43'),(207,4,0.3,0.1,'HATCLOSED',43.25,0.25,'D2','2017-04-24 02:46:44','2017-04-24 02:46:44'),(208,4,0.3,0.1,'HATCLOSED',44.25,0.25,'D2','2017-04-24 02:46:44','2017-04-24 02:46:44'),(209,4,0.3,0.1,'HATCLOSED',45.25,0.25,'D2','2017-04-24 02:46:45','2017-04-24 02:46:45'),(210,4,0.3,0.1,'HATCLOSED',46.25,0.25,'D2','2017-04-24 02:46:45','2017-04-24 02:46:45'),(211,4,0.3,0.1,'HATCLOSED',47.25,0.25,'D2','2017-04-24 02:46:46','2017-04-24 02:46:46'),(212,4,0.3,0.1,'HATCLOSED',48.25,0.25,'D2','2017-04-24 02:46:46','2017-04-24 02:46:46'),(213,4,0.3,0.1,'HATCLOSED',49.25,0.25,'D2','2017-04-24 02:46:47','2017-04-24 02:46:47'),(214,4,0.3,0.1,'HATCLOSED',50.25,0.25,'D2','2017-04-24 02:46:47','2017-04-24 02:46:47'),(215,4,0.3,0.1,'HATCLOSED',51.25,0.25,'D2','2017-04-24 02:46:48','2017-04-24 02:46:48'),(216,4,0.3,0.1,'HATCLOSED',52.25,0.25,'D2','2017-04-24 02:46:49','2017-04-24 02:46:49'),(217,4,0.3,0.1,'HATCLOSED',53.25,0.25,'D2','2017-04-24 02:46:49','2017-04-24 02:46:49'),(218,4,0.3,0.1,'HATCLOSED',54.25,0.25,'D2','2017-04-24 02:46:50','2017-04-24 02:46:50'),(219,4,0.3,0.1,'HATCLOSED',55.25,0.25,'D2','2017-04-24 02:46:50','2017-04-24 02:46:50'),(220,4,0.3,0.1,'HATCLOSED',56.25,0.25,'D2','2017-04-24 02:46:51','2017-04-24 02:46:51'),(221,4,0.3,0.1,'HATCLOSED',57.25,0.25,'D2','2017-04-24 02:46:51','2017-04-24 02:46:51'),(222,4,0.3,0.1,'HATCLOSED',58.25,0.25,'D2','2017-04-24 02:46:52','2017-04-24 02:46:52'),(223,4,0.3,0.1,'HATCLOSED',59.25,0.25,'D2','2017-04-24 02:46:52','2017-04-24 02:46:52'),(224,4,0.3,0.1,'HATCLOSED',60.25,0.25,'D2','2017-04-24 02:46:53','2017-04-24 02:46:53'),(225,4,0.3,0.1,'HATCLOSED',61.25,0.25,'D2','2017-04-24 02:46:53','2017-04-24 02:46:53'),(226,4,0.3,0.1,'HATCLOSED',62.25,0.25,'D2','2017-04-24 02:46:54','2017-04-24 02:46:54'),(228,4,0.15,0.1,'HATCLOSED',1.75,0.25,'B1','2017-04-24 02:48:50','2017-04-24 02:57:38'),(229,4,0.15,0.1,'HATCLOSED',2.75,0.25,'B1','2017-04-24 02:48:51','2017-04-24 02:48:51'),(230,4,0.15,0.1,'HATCLOSED',4.75,0.25,'B1','2017-04-24 02:48:52','2017-04-24 02:48:52'),(231,4,0.15,0.1,'HATCLOSED',6.75,0.25,'B1','2017-04-24 02:48:52','2017-04-24 02:48:52'),(232,4,0.15,0.1,'HATCLOSED',8.75,0.25,'B1','2017-04-24 02:48:53','2017-04-24 02:48:53'),(233,4,0.15,0.1,'HATCLOSED',10.75,0.25,'B1','2017-04-24 02:48:53','2017-04-24 02:48:53'),(234,4,0.15,0.1,'HATCLOSED',12.75,0.25,'B1','2017-04-24 02:48:54','2017-04-24 02:48:54'),(235,4,0.15,0.1,'HATCLOSED',14.75,0.25,'B1','2017-04-24 02:48:54','2017-04-24 02:48:54'),(236,4,0.15,0.1,'HATCLOSED',16.75,0.25,'B1','2017-04-24 02:48:55','2017-04-24 02:48:55'),(237,4,0.15,0.1,'HATCLOSED',18.75,0.25,'B1','2017-04-24 02:48:55','2017-04-24 02:48:55'),(238,4,0.15,0.1,'HATCLOSED',20.75,0.25,'B1','2017-04-24 02:48:56','2017-04-24 02:48:56'),(239,4,0.15,0.1,'HATCLOSED',22.75,0.25,'B1','2017-04-24 02:48:57','2017-04-24 02:48:57'),(240,4,0.15,0.1,'HATCLOSED',24.75,0.25,'B1','2017-04-24 02:48:57','2017-04-24 02:48:57'),(241,4,0.15,0.1,'HATCLOSED',26.75,0.25,'B1','2017-04-24 02:48:58','2017-04-24 02:48:58'),(242,4,0.15,0.1,'HATCLOSED',28.75,0.25,'B1','2017-04-24 02:48:58','2017-04-24 02:48:58'),(243,4,0.15,0.1,'HATCLOSED',30.75,0.25,'B1','2017-04-24 02:48:59','2017-04-24 02:48:59'),(244,4,0.15,0.1,'HATCLOSED',32.75,0.25,'B1','2017-04-24 02:48:59','2017-04-24 02:48:59'),(245,4,0.15,0.1,'HATCLOSED',34.75,0.25,'B1','2017-04-24 02:49:00','2017-04-24 02:49:00'),(246,4,0.15,0.1,'HATCLOSED',36.75,0.25,'B1','2017-04-24 02:49:00','2017-04-24 02:49:00'),(247,4,0.15,0.1,'HATCLOSED',38.75,0.25,'B1','2017-04-24 02:49:01','2017-04-24 02:49:01'),(248,4,0.15,0.1,'HATCLOSED',40.75,0.25,'B1','2017-04-24 02:49:02','2017-04-24 02:49:02'),(249,4,0.15,0.1,'HATCLOSED',42.75,0.25,'B1','2017-04-24 02:49:02','2017-04-24 02:49:02'),(250,4,0.15,0.1,'HATCLOSED',44.75,0.25,'B1','2017-04-24 02:49:03','2017-04-24 02:49:03'),(251,4,0.15,0.1,'HATCLOSED',46.75,0.25,'B1','2017-04-24 02:49:03','2017-04-24 02:49:03'),(252,4,0.15,0.1,'HATCLOSED',48.75,0.25,'B1','2017-04-24 02:49:04','2017-04-24 02:49:04'),(253,4,0.15,0.1,'HATCLOSED',50.75,0.25,'B1','2017-04-24 02:49:05','2017-04-24 02:49:05'),(254,4,0.15,0.1,'HATCLOSED',52.75,0.25,'B1','2017-04-24 02:49:05','2017-04-24 02:49:05'),(255,4,0.15,0.1,'HATCLOSED',54.75,0.25,'B1','2017-04-24 02:49:06','2017-04-24 02:49:06'),(256,4,0.15,0.1,'HATCLOSED',56.75,0.25,'B1','2017-04-24 02:49:06','2017-04-24 02:49:06'),(257,4,0.15,0.1,'HATCLOSED',58.75,0.25,'B1','2017-04-24 02:49:07','2017-04-24 02:49:07'),(258,4,0.15,0.1,'HATCLOSED',60.75,0.25,'B1','2017-04-24 02:49:07','2017-04-24 02:49:07'),(260,4,0.5,0.1,'CLAP',14.5,0.5,'G5','2017-04-29 01:03:41','2017-04-29 01:03:41'),(261,4,0.8,0.1,'CLAP',15,0.5,'G4','2017-04-29 01:04:55','2017-04-29 01:04:55'),(262,4,0.5,0.1,'CLAP',30.5,0.5,'G4','2017-04-30 17:41:57','2017-04-30 17:41:57'),(263,4,1,0.1,'CLAP',31,0.5,'G4','2017-04-30 17:43:12','2017-04-30 17:43:12'),(264,4,1,0.1,'CLAP',47,0.5,'G4','2017-04-30 17:43:29','2017-04-30 17:43:29'),(265,4,1,0.1,'CLAP',63,0.5,'G4','2017-04-30 17:43:40','2017-04-30 17:43:40'),(266,4,0.5,0.1,'CLAP',62.5,0.5,'G4','2017-04-30 17:43:53','2017-04-30 17:45:37'),(267,4,0.5,0.1,'CLAP',46.5,0.5,'G4','2017-04-30 17:44:07','2017-04-30 17:44:07');
/*!40000 ALTER TABLE `voice_event` ENABLE KEYS */;
UNLOCK TABLES;
/*!40103 SET TIME_ZONE=@OLD_TIME_ZONE */;

/*!40101 SET SQL_MODE=@OLD_SQL_MODE */;
/*!40014 SET FOREIGN_KEY_CHECKS=@OLD_FOREIGN_KEY_CHECKS */;
/*!40014 SET UNIQUE_CHECKS=@OLD_UNIQUE_CHECKS */;
/*!40101 SET CHARACTER_SET_CLIENT=@OLD_CHARACTER_SET_CLIENT */;
/*!40101 SET CHARACTER_SET_RESULTS=@OLD_CHARACTER_SET_RESULTS */;
/*!40101 SET COLLATION_CONNECTION=@OLD_COLLATION_CONNECTION */;
/*!40111 SET SQL_NOTES=@OLD_SQL_NOTES */;

-- Dump completed on 2017-05-25 20:12:31
